{"type":"FeatureCollection","crs":{"type":"name","properties":{"name":"EPSG:4326"}},"features":[{"type":"Feature","id":23,"geometry":{"type":"Point","coordinates":[-120.959333000413,39.1318000001464]},"properties":{"OBJECTID":23,"Name":"Old Bear River Bridge","ENC":18.1,"Address":"Hwy 174 at Bear River, between Colfax and Chicago Park","Area":"South County","Area_List":"South County","Longitude":-120.959333,"Latitude":39.1318,"Desc_":"Landmark registered 1992 by Nevada County, NEV 92-02. Plaque dedicated 1992 by Colfax Highway Association: Since 1852 bridges near this site have served as the gateway to western Nevada County. This 1924 span was the first concrete bridge at this site and features a Roman style single arch design, constructed in a continuous pour method. The Colfax Highway Association led a citizens group that saved the bridge from the wrecker's ball in 1986, and placed this monument in 1992.\n\nLocated: Hwy 174 at Bear River, between Colfax and Chicago Park","Notes":null,"GoogleMap_URL":"https://google.com/maps/?daddr=39.1318,-120.959333","Secondary_Note":null,"GlobalID":"6fe1cf63-7a08-43b0-ae0a-a0e478412da0","CreationDate":1671141041876,"Creator":"lindseygordon","EditDate":1673034942950,"Editor":"lindseygordon","official_image_url":"https://services1.arcgis.com/UvqJJ6GFv4u5BZQj/arcgis/rest/services/Historical_Landmarks_-_PUBLIC_VL/FeatureServer/1/23/attachments/23","official_story_map_url":"https://storymaps.arcgis.com/stories/c140a2e3c6bf4d979e4c554496522d88"}},{"type":"Feature","id":46,"geometry":{"type":"Point","coordinates":[-121.062900000386,39.2175000000362]},"properties":{"OBJECTID":46,"Name":"The Auditorium Building","ENC":37,"Address":"161 Mill St, Grass Valley","Area":"Grass Valley","Area_List":"Grass Valley","Longitude":-121.0629,"Latitude":39.2175,"Desc_":"Plaque dedicated 2017 by Native Sons of the Golden West: The Auditorium Building. On July 30, 1896, a fire started here at the site of Argall's Opera House, owned by Charles E. Clinch, burning the entire block on East Mill Street from Neal to Bank. In 1900, an incorporation composed of the Native Sons of the Golden West, Ancient Order of the Foresters, Knights of Pythias, Red Men, and the Miner's Union was formed to build a fine theater of three stories. The first floor held a magnificent theater with a capacity of 600 on the floor and 250 in the gallery and office space for the Grass Valley City Hall. The second story was devoted to lodge rooms and the third story was a banquet hall. The basement housed both the kitchen and the armory for Company 1 of the National Guard. On February 2, 1901, the Auditorium Theater opened to a week-long celebration and operated until November 12, 1922. Two days later, it reopened as the Strand Movie Theater, operating until April 22, 1942. The building was then home of the F. S. Rasco & Co. store and since 1972 has been home to Hedman/Ashley furniture store.\n\nLocated: 161 Mill St, Grass Valley CA","Notes":null,"GoogleMap_URL":"https://google.com/maps/?daddr=39.2175,-121.0629","Secondary_Note":null,"GlobalID":"1c2de11c-ced7-46f9-890e-3eab5781b479","CreationDate":1671141041876,"Creator":"lindseygordon","EditDate":1673033605897,"Editor":"lindseygordon","official_image_url":"https://services1.arcgis.com/UvqJJ6GFv4u5BZQj/arcgis/rest/services/Historical_Landmarks_-_PUBLIC_VL/FeatureServer/1/46/attachments/46","official_story_map_url":"https://storymaps.arcgis.com/stories/c140a2e3c6bf4d979e4c554496522d88"}},{"type":"Feature","id":69,"geometry":{"type":"Point","coordinates":[-121.040300000314,39.221699999732]},"properties":{"OBJECTID":69,"Name":"Idaho-Maryland Mine Site","ENC":57,"Address":"Hillside adjacent to Centennial Dr and Whispering Pines Lane, south of Idaho Maryland Rd, Grass Valley","Area":"Glenbrook ","Area_List":"Glenbrook","Longitude":-121.0403,"Latitude":39.2217,"Desc_":"Landmark registered 1984 by Nevada County, NEV 33. Description: The Idaho quartz mine was discovered in 1863. It prospered under the Coleman brothers from 1867-93, then consolidated with the Maryland and other small mines. Eventually it became one of the 'Big Three' of the Northern Mines, the other two being the Empire and the North Star. Its final years under the management of Errol MacBoyle were very productive. He developed a revolutionary method of shaft sinking, using a huge core drill called the Newsom drilling machine. World War II and government order L208 brought about final closing.\n\nNote: Various parts of the mine still exist. The office building is off the east side of Centennial Drive, between Idaho Maryland Road and Whispering Pines Lane. A headframe is located near the Grass Valley Scrap, Iron & Metal yard.\n\nLearn more about the mine from Gold in Quartz: The Legendary Idaho Maryland Mine by Jack Clark, or from MacBoyle's Gold by Gage McKinney, both available from Comstock Bonanza Press.\n\nLocated: Hlilside adjacent to Centennial Dr and Whispering Pines Ln, south of Idaho-Maryland Rd, Grass Valley CA","Notes":"Note: Various parts of the mine still exist. The office building is off the east side of Centennial Drive, between Idaho Maryland Road and Whispering Pines Lane. A headframe is located near the Grass Valley Scrap, Iron & Metal yard.\n\nLearn more about the mine from Gold in Quartz: The Legendary Idaho Maryland Mine by Jack Clark, or from MacBoyle's Gold by Gage McKinney, both available from Comstock Bonanza Press.","GoogleMap_URL":"https://google.com/maps/?daddr=39.2217,-121.0403","Secondary_Note":null,"GlobalID":"c40c6ef4-9900-4601-94eb-9e3af911b065","CreationDate":1671141041876,"Creator":"lindseygordon","EditDate":1672341619919,"Editor":"lindseygordon","official_image_url":"https://services1.arcgis.com/UvqJJ6GFv4u5BZQj/arcgis/rest/services/Historical_Landmarks_-_PUBLIC_VL/FeatureServer/1/69/attachments/69","official_story_map_url":"https://storymaps.arcgis.com/stories/c140a2e3c6bf4d979e4c554496522d88"}},{"type":"Feature","id":92,"geometry":{"type":"Point","coordinates":[-121.016900000175,39.2628999998282]},"properties":{"OBJECTID":92,"Name":"Robinson Plaza","ENC":80,"Address":"Foot of Main St, Nevada City. The plaza is dedicated to Beryl Robinson and contains several  sites and plaques.","Area":"Nevada City","Area_List":"Nevada City","Longitude":-121.0169,"Latitude":39.2629,"Desc_":"Plaque dedicated 1999 by Nevada City Council. \"Robinson Plaza named for Beryl  Robinson Jr.  Born in Nevada City September 13, 1935. City Councilman– City Manager. On July 1,1999, Beryl Robinson Jr. became the longest-serving  City Manager in state history. A native of the town he has so ably served, Beryl was appointed City Manager on June 21, 1965. In addition to being Nevada City's chief administrative and financial official, he has diligently worked to preserve the community's 19th century spirit and buildings, including the two historic structures here at Robinson Plaza. Beryl's continuing career in public service has already spanned the terms of seven presidents, six governors and three-dozen council members. A Mason, Rotarian and Elk, Beryl has brought a sense of commitment and purpose to his life matched by few and bettered by none.\n\nLocated: Foot of Main St, Nevada City. The plaza is dedicated to Beryl Robinson and contains several sites and plaques.","Notes":null,"GoogleMap_URL":"https://google.com/maps/?daddr=39.2629,-121.0169","Secondary_Note":null,"GlobalID":"23ea48ce-ccc0-46a9-8b69-87e3c0ac0598","CreationDate":1671141041876,"Creator":"lindseygordon","EditDate":1674665511731,"Editor":"lindseygordon","official_image_url":"https://services1.arcgis.com/UvqJJ6GFv4u5BZQj/arcgis/rest/services/Historical_Landmarks_-_PUBLIC_VL/FeatureServer/1/92/attachments/92","official_story_map_url":"https://storymaps.arcgis.com/stories/c140a2e3c6bf4d979e4c554496522d88"}},{"type":"Feature","id":115,"geometry":{"type":"Point","coordinates":[-121.018700000324,39.262499999827]},"properties":{"OBJECTID":115,"Name":"The Flagg Building","ENC":93,"Address":"233 Broad St, Nevada City","Area":"Nevada City","Area_List":"Nevada City","Longitude":-121.0187,"Latitude":39.2625,"Desc_":"Plaque dedicated 1989 by Chap 10 E Clampus Vitus: The Flagg Bldg. The Eternal Saloon. Built in 1856 on the site of the U.S. Hotel, this brick edifice has served Nevada City as the council chamber, Schreiber's, and since 1957 Eddie Furano's Bank Club. Here at Schreiber's Felix, the marvelous, mysterious music box thundered Strauss waltzes and 'Carmen' to generations with custom and good cheer.\n\nNote: The building currently houses a coffee house.\n\nLocated: 233 Broad St, Nevada City CA","Notes":"Note: The building currently houses a coffee house.","GoogleMap_URL":"https://google.com/maps/?daddr=39.2625,-121.0187","Secondary_Note":null,"GlobalID":"a8cd10b0-b4ed-4e14-b9d1-909121df9c06","CreationDate":1671141041876,"Creator":"lindseygordon","EditDate":1675704949001,"Editor":"CountyofNevada","official_image_url":"https://services1.arcgis.com/UvqJJ6GFv4u5BZQj/arcgis/rest/services/Historical_Landmarks_-_PUBLIC_VL/FeatureServer/1/115/attachments/115","official_story_map_url":"https://storymaps.arcgis.com/stories/c140a2e3c6bf4d979e4c554496522d88"}},{"type":"Feature","id":221,"geometry":{"type":"Point","coordinates":[-121.037700000099,39.2051999997099]},"properties":{"OBJECTID":221,"Name":"Union Hill School","ENC":199,"Address":"10879 Bartlett Dr, just off Hwy 174, Grass Valley","Area":"South County","Area_List":"South County","Longitude":-121.0377,"Latitude":39.2052,"Desc_":"Plaque dedicated 2012 by Native Sons of the Golden West: Union Hill School was established in March 1868 as a one-room schoolhouse on the grounds of Union Hill Mine. On June 26, 1875, an argument over a trustee election took place at the schoolhouse, resulting in a stabbing and subsequent death. Three days later an arsonist burned down the schoolhouse. In the late 1870s, a new schoolhouse was built on the current location and was in service until 1940. The modern building has been in continuous use since 1940. Union Hill has proudly served our community for over 144 years.\n\nLocated: 10879 Bartlett Dr, just off Hwy 174, Grass Valley CA","Notes":null,"GoogleMap_URL":"https://google.com/maps/?daddr=39.2052,-121.0377","Secondary_Note":null,"GlobalID":"bd288e96-c43c-49e0-a548-0f1e68e80784","CreationDate":1671141041876,"Creator":"lindseygordon","EditDate":1672352213994,"Editor":"lindseygordon","official_image_url":"https://services1.arcgis.com/UvqJJ6GFv4u5BZQj/arcgis/rest/services/Historical_Landmarks_-_PUBLIC_VL/FeatureServer/1/221/attachments/220","official_story_map_url":"https://storymaps.arcgis.com/stories/c140a2e3c6bf4d979e4c554496522d88"}},{"type":"Feature","id":75,"geometry":{"type":"Point","coordinates":[-121.022000000148,39.2547999999271]},"properties":{"OBJECTID":75,"Name":"Nevada City Jewish Cemetery","ENC":63,"Address":"End of King Hiram Lane, off Searls Ave, Nevada City","Area":"Glenbrook ","Area_List":"Glenbrook","Longitude":-121.022,"Latitude":39.2548,"Desc_":"Landmark registered 2016 by Nevada County, NEV 16-02. Description: The Nevada City Jewish Cemetery was established in 1854. The first burial was in 1856 and the last in 1890. Twenty nine headstones are visible, including that of Louis W. Dreyfuss, a cousin of Captain Alfred Dreyfus of France, the victim in the infamous Dreyfus Affair.\n\nThe cemetery was restored around 50 years ago by the Commission for the Preservation of Pioneer Jewish Cemeteries and Landmarks. It is locked and fenced to protect against vandalism.\n\nNote: Anyone desiring to visit the cemetery should apply to the Nevada County Jewish Community Center. For more information see A Traveler's Guide to Pioneer Jewish Cemeteries of the California Gold Rush by Susan Morris.\n\nLocated: End of King Hiram Ln, off Searls Ave, Nevada City CA","Notes":"Note: Anyone desiring to visit the cemetery should apply to the Nevada County Jewish Community Center. For more information see A Traveler's Guide to Pioneer Jewish Cemeteries of the California Gold Rush by Susan Morris.","GoogleMap_URL":"https://google.com/maps/?daddr=39.2548,-121.022","Secondary_Note":null,"GlobalID":"2bb5f395-6a59-48f3-b2b9-3bf58fd7478c","CreationDate":1671141041876,"Creator":"lindseygordon","EditDate":1672341830784,"Editor":"lindseygordon","official_image_url":"https://services1.arcgis.com/UvqJJ6GFv4u5BZQj/arcgis/rest/services/Historical_Landmarks_-_PUBLIC_VL/FeatureServer/1/75/attachments/75","official_story_map_url":"https://storymaps.arcgis.com/stories/c140a2e3c6bf4d979e4c554496522d88"}},{"type":"Feature","id":132,"geometry":{"type":"Point","coordinates":[-121.016799999718,39.260799999918]},"properties":{"OBJECTID":132,"Name":"Allen Chapman House","ENC":110,"Address":"227 Sacramento St, Nevada City","Area":"Nevada City","Area_List":"Nevada City","Longitude":-121.0168,"Latitude":39.2608,"Desc_":"Landmark registered 1992 by Nevada County, NEV 92-01. Plaque dedicated 1992 by Native Daughters of the Golden West: Allen Chapman House Built in 1856. The home and dental office of Allen Chapman, Nellie Chapman, and their son C. W. Chapman. Nellie Pooler Chapman was the first woman licensed to practice dentistry in the western United States.\n\nNote: Dr. Allen Chapman and Miss Nellie E. Pooler were married in “The Red Castle” (next door) on March 24, 1861.\n\nLocated: 227 Sacramento St, Nevada City CA ","Notes":"Note: Dr. Allen Chapman and Miss Nellie E. Pooler were married in “The Red Castle” (No. 111) on March 24, 1861.","GoogleMap_URL":"https://google.com/maps/?daddr=39.2608,-121.0168","Secondary_Note":null,"GlobalID":"d488a877-a4b9-405f-b96e-1369b0967bd0","CreationDate":1671141041876,"Creator":"lindseygordon","EditDate":1673281194319,"Editor":"lindseygordon","official_image_url":"https://services1.arcgis.com/UvqJJ6GFv4u5BZQj/arcgis/rest/services/Historical_Landmarks_-_PUBLIC_VL/FeatureServer/1/132/attachments/132","official_story_map_url":"https://storymaps.arcgis.com/stories/c140a2e3c6bf4d979e4c554496522d88"}},{"type":"Feature","id":15,"geometry":{"type":"Point","coordinates":[-121.077099999764,39.20649999973]},"properties":{"OBJECTID":15,"Name":"Idaho Maryland Core Sample","ENC":11,"Address":"Nevada County Fairgrounds, McCourtney Rd, Grass Valley","Area":"South County","Area_List":"South County","Longitude":-121.0771,"Latitude":39.2065,"Desc_":"Plaque dedicated 1961 by Historical Society: Core - Weight 11 Tons. Portion taken from Idaho Shaft No. 2 bored to a vertical depth of 1,125 feet, diameter of shaft five feet, the core boring barrel was invention of J. B. Newsom, mining engineer. Was used as an experiment by the Idaho Maryland Mine Corporation under general manager Errol MacBoyle. With the cooperation of the directors of the 17th District Agricultural Association, through their manager, Malcolm E. Hammill, this core was erected in July 1961.\n\nNote: The Newsom drilling machine bored a round shaft, using no explosives. It was cheaper because no timbering was needed. Similar cores are displayed at Calanan Park (No. 81) and Empire Mine Park (No. 17).\n\nLocated: Nevada County Fairgrounds, McCourtney Rd, Grass Valley CA","Notes":"Note: The Newsom drilling machine bored a round shaft, using no explosives. It was cheaper because no timbering was needed. Similar cores are displayed at Calanan Park (No. 81) and Empire Mine Park (No. 17).","GoogleMap_URL":"https://google.com/maps/?daddr=39.2065,-121.0771","Secondary_Note":null,"GlobalID":"3a757935-2261-4e41-b0ee-30b151881c84","CreationDate":1671141041876,"Creator":"lindseygordon","EditDate":1672339959102,"Editor":"lindseygordon","official_image_url":"https://services1.arcgis.com/UvqJJ6GFv4u5BZQj/arcgis/rest/services/Historical_Landmarks_-_PUBLIC_VL/FeatureServer/1/15/attachments/15","official_story_map_url":"https://storymaps.arcgis.com/stories/c140a2e3c6bf4d979e4c554496522d88"}},{"type":"Feature","id":109,"geometry":{"type":"Point","coordinates":[-121.019900000423,39.2636999999377]},"properties":{"OBJECTID":109,"Name":"Ten Stamp Mill","ENC":87,"Address":"City parking lot on Commercial St, west of York St, Nevada City","Area":"Nevada City","Area_List":"Nevada City","Longitude":-121.0199,"Latitude":39.2637,"Desc_":"Plaque dedicated 2006 by Native Sons of the Golden West: \"Six tall, upright rods of iron, as large as a man's ankle, and heavily shod with a mass of iron and steel at their lower ends . . .\". So begins Mark Twain's description of a Nevada stamp mill. \". . . These rose and fell, one after the other, in a ponderous dance, in an iron box called a battery.\" Each of the stamps weighed 600 pounds. \"One of us stood by the battery all day long, breaking up masses of silver-bearing rock with a sledge and shoveling it in.\"\nAt the end of his brief stint shoveling ore into the Nevada stamp mill, Twain told his boss he thought the $10 a week was not quite enough. He asked for a new wage of $400,000 a month. He didn't get it and had to become a newspaperman.\n\nThis ten stamp mill stands just two blocks from where it was manufactured at Miners Foundry in 1904. It operated at the Alpha mine in Sierra County from 1905 until 1931. Each stamp weighs 1,000 pounds and was used to crush gold-bearing rock. Gary Cope recovered the stamp mill in 1975. It was bought and erected on this site, Native Sons Park, by Hydraulic Parlor No. 56 of the Native Sons of the Golden West with the help of the Historic Preservation Foundation of the N.S.G.W. in 2005.\n\nLocated: City parking lot on Commercial St, west of York St, Nevada City CA","Notes":null,"GoogleMap_URL":"https://google.com/maps/?daddr=39.2637,-121.0199","Secondary_Note":null,"GlobalID":"04bd3a54-dca6-4a34-8981-9dfc4008b6c8","CreationDate":1671141041876,"Creator":"lindseygordon","EditDate":1672342888154,"Editor":"lindseygordon","official_image_url":"https://services1.arcgis.com/UvqJJ6GFv4u5BZQj/arcgis/rest/services/Historical_Landmarks_-_PUBLIC_VL/FeatureServer/1/109/attachments/109","official_story_map_url":"https://storymaps.arcgis.com/stories/c140a2e3c6bf4d979e4c554496522d88"}},{"type":"Feature","id":89,"geometry":{"type":"Point","coordinates":[-121.01839999985,39.2635999997278]},"properties":{"OBJECTID":89,"Name":"Searls Law Office","ENC":77,"Address":"214 Church St,  Nevada City","Area":"Nevada City","Area_List":"Nevada City","Longitude":-121.0184,"Latitude":39.2636,"Desc_":"Text of plaque Landmark registered 1972 by Nevada County, NEV 15. Plaque dedicated 1972 by Native Sons of the Golden West: This building completed December 18, 1872, was the law office for three generations of this family. Niles Searls, who arrived in 1851, practiced law here from 1872 to 1885. He had been elected district attorney in 1855, then district judge for Nevada, Sierra and Yuba counties, then became Chief Justice of the California Supreme Court in 1887. Fred Searls, his son, held the longest tenure in this building (1879-1929). He drafted the first incorporation papers of the hydroelectric industry of California. Carroll Searls, son of Fred, practiced here from 1915 to 1923; later became general counsel of the Newmont Mining Company in New York City; used this office until November 4,1970.\n\nNote: Niles Searls was elected district attorney in 1852, not 1855, but because he left California and went east to marry before his term of office began, William M. Stewart was appointed to fill the vacancy. Later, when Stewart resigned in 1854 to become the acting state attorney general, Searls was appointed to replace him as district attorney. From 1972 until 2014 the building housed the Historical Society's Searls Historical Library and Archives. \n\nLocated: 214 Church St, Nevada City CA","Notes":"Note: Niles Searls was elected district attorney in 1852, not 1855, but because he left California and went east to marry before his term of office began, William M. Stewart was appointed to fill the vacancy. Later, when Stewart resigned in 1854 to become the acting state attorney general, Searls was appointed to replace him as district attorney. From 1972 until 2014 the building housed the Historical Society\"s Searls Historical Library and Archives. See No. 71.","GoogleMap_URL":"https://google.com/maps/?daddr=39.2636,-121.0184","Secondary_Note":null,"GlobalID":"c142b06c-04b0-435d-b143-da1d6d2c3eee","CreationDate":1671141041876,"Creator":"lindseygordon","EditDate":1672342611450,"Editor":"lindseygordon","official_image_url":"https://services1.arcgis.com/UvqJJ6GFv4u5BZQj/arcgis/rest/services/Historical_Landmarks_-_PUBLIC_VL/FeatureServer/1/89/attachments/89","official_story_map_url":"https://storymaps.arcgis.com/stories/c140a2e3c6bf4d979e4c554496522d88"}},{"type":"Feature","id":244,"geometry":{"type":"Point","coordinates":[-121.035022600141,39.2689020000846]},"properties":{"OBJECTID":244,"Name":"Hirschman's Pond","ENC":225,"Address":"15475 Hwy 49, Nevada City","Area":"Nevada City","Area_List":"Nevada City","Longitude":-121.0350226,"Latitude":39.268902,"Desc_":"Landmark registered 2021 and plaque dedicated 2022 by Nevada County in cooperation with the Greater Cement Hill Neighborhood Association, NEV 21-03. \"Nevada County's diverse gold rush population included a large Jewish community. Most were immigrants from Europe, attracted by the opportunity to make their fortunes and by the County's relative freedom and absence of discrimination against Jews. Many were merchants and many were miners. One of the more successful miners was Leb Hirschman (1823-1893), a native of Bavaria, who arrived here in the early 1850s, and mined around Oustamah Hill. In 1866, Hirschman, Grover & Co. purchased the American Hill Diggins, one of the the principal hydraulic mines in Nevada City, and operated it for many years. This pond, on the site of the mine, bears his name.\"\n\nLocated: 15475 Hwy 49, Nevada City CA","Notes":null,"GoogleMap_URL":"https://google.com/maps/?daddr=39.268902,-121.0350226","Secondary_Note":null,"GlobalID":"a3faaaaf-f7f0-48e9-beae-f8b0830bc6cd","CreationDate":1671141041876,"Creator":"lindseygordon","EditDate":1672352782436,"Editor":"lindseygordon","official_image_url":"https://services1.arcgis.com/UvqJJ6GFv4u5BZQj/arcgis/rest/services/Historical_Landmarks_-_PUBLIC_VL/FeatureServer/1/244/attachments/254","official_story_map_url":"https://storymaps.arcgis.com/stories/c140a2e3c6bf4d979e4c554496522d88"}},{"type":"Feature","id":52,"geometry":{"type":"Point","coordinates":[-121.067400000309,39.2138999996631]},"properties":{"OBJECTID":52,"Name":"St Patrick's Cemetery","ENC":44,"Address":"Corner Chapel and Church Sts, Grass Valley","Area":"Grass Valley","Area_List":"Grass Valley","Longitude":-121.0674,"Latitude":39.2139,"Desc_":"Plaque dedicated 1984 by Native Daughters and Native Sons of the Golden West: St. Patrick's Cemetery 1853. In memory of the pioneers buried here.\n\nA sign nearby contains this information: Site of the first Catholic Church in Grass Valley. Dedicated on October 25,1853. Rev. John Shanahan, 1st Pastor. Served as church 'till December 5, 1858. Served as the first Catholic School (1859-1879).\n\nLocated: Corner of Chapel and Church Sts, Grass Valley CA","Notes":null,"GoogleMap_URL":"https://google.com/maps/?daddr=39.2139,-121.0674","Secondary_Note":null,"GlobalID":"fbd92daa-010c-4100-a1f1-e8f9f9eb5aca","CreationDate":1671141041876,"Creator":"lindseygordon","EditDate":1673034943185,"Editor":"lindseygordon","official_image_url":"https://services1.arcgis.com/UvqJJ6GFv4u5BZQj/arcgis/rest/services/Historical_Landmarks_-_PUBLIC_VL/FeatureServer/1/52/attachments/52","official_story_map_url":"https://storymaps.arcgis.com/stories/c140a2e3c6bf4d979e4c554496522d88"}},{"type":"Feature","id":95,"geometry":{"type":"Point","coordinates":[-121.016799999718,39.2628999998282]},"properties":{"OBJECTID":95,"Name":"Wells Fargo Building Site Nevada City","ENC":80.2,"Address":"Robinson Plaza","Area":"Nevada City","Area_List":"Nevada City","Longitude":-121.0168,"Latitude":39.2629,"Desc_":"Plaque dedicated 1926 by Native Sons of the Golden West: Site of Old Wells Fargo Building 1853. Dedicated to the Pioneers of California by Hydraulic Parlor No. 56 N.S.G.W. July 5, 1926. Plaque erected by Wells Fargo Bank and Union Trust Co. S.F. Calif.\n\nLocated: Robinson Plaza, Nevada City CA","Notes":null,"GoogleMap_URL":"https://google.com/maps/?daddr=39.2629,-121.0168","Secondary_Note":null,"GlobalID":"2c623a84-2c0f-4ef7-8f12-ee4f32605f46","CreationDate":1671141041876,"Creator":"lindseygordon","EditDate":1674665709102,"Editor":"lindseygordon","official_image_url":"https://services1.arcgis.com/UvqJJ6GFv4u5BZQj/arcgis/rest/services/Historical_Landmarks_-_PUBLIC_VL/FeatureServer/1/95/attachments/264","official_story_map_url":"https://storymaps.arcgis.com/stories/c140a2e3c6bf4d979e4c554496522d88"}},{"type":"Feature","id":72,"geometry":{"type":"Point","coordinates":[-121.019700000407,39.2498000000318]},"properties":{"OBJECTID":72,"Name":"Railroad and Transportation Museum","ENC":60,"Address":"Five Kidder Court, Nevada City. Take Ridge Rd exit off Hwy 49","Area":"Glenbrook ","Area_List":"Glenbrook","Longitude":-121.0197,"Latitude":39.2498,"Desc_":"First plaque placed 2001 by Nevada City Council: Nevada County Narrow Gauge Railroad Museum and Interpretive Center. The Nevada County Narrow Gauge Railroad (1876–1942) ran 22 miles from Nevada City through Grass Valley, its headquarters; to Colfax, Placer County, where it met the transcontinental line of the Central (later Southern) Pacific Railroad. Built by John F. Kidder, it was the main freight and passenger route serving the western county. Kidder ran the railroad until his death in 1901 and was followed by his widow Sarah, who became the first woman railroad president in United States. She served until 1913. This museum is dedicated to preserving the NCNGRR's place in history and to those who built, operated and maintained the little road.\n\nSecond plaque dedicated 2011 by Native Sons of the Golden West: Railroad and Transportation Museum. The Nevada County Historical Society founded the Transportation Museum Division in 1983 to acquire, document, restore and preserve information and artifacts pertaining to Nevada County's railroad and transportation history. Best known is the Nevada County Narrow Gauge Railroad that operated from 1876 until 1942. The museum opened for public enjoyment on March 17, 2003.\n\nLocated: 5 Kidder Ct, Nevada City. Gold Fat Rd exit off Hwy 49","Notes":"Note: The Railroad itself is the subject of Landmarks Nos. 54, 61 and 62","GoogleMap_URL":"https://google.com/maps/?daddr=39.2498,-121.0197","Secondary_Note":null,"GlobalID":"9388387a-f974-45df-9784-9e61a9944ae0","CreationDate":1671141041876,"Creator":"lindseygordon","EditDate":1674666020837,"Editor":"lindseygordon","official_image_url":"https://services1.arcgis.com/UvqJJ6GFv4u5BZQj/arcgis/rest/services/Historical_Landmarks_-_PUBLIC_VL/FeatureServer/1/72/attachments/72","official_story_map_url":"https://storymaps.arcgis.com/stories/c140a2e3c6bf4d979e4c554496522d88"}},{"type":"Feature","id":118,"geometry":{"type":"Point","coordinates":[-121.018799999883,39.2619000000664]},"properties":{"OBJECTID":118,"Name":"Powell House","ENC":96,"Address":"Southeast corner Pine and Spring Sts, Nevada City","Area":"Nevada City","Area_List":"Nevada City","Longitude":-121.0188,"Latitude":39.2619,"Desc_":"Plaque dedicated 1985 by Chap 10 E Clampus Vitus: Built in 1855 as the edifice of the Baptist Church. It was here that famed soprano Emma Nevada (Emma Wixom Palmer) made her debut at the age of three. In 1886 the church was remodeled as the residence of the E. T. R. Powell family.\n\nNote: The building now houses apartments.\n\nLocated: Southeast corner of Pine and Spring Sts, Nevada City CA","Notes":"\nNote: The building now houses apartments.","GoogleMap_URL":"https://google.com/maps/?daddr=39.2619,-121.0188","Secondary_Note":null,"GlobalID":"0728eec5-e274-4dad-9bb4-b905aab4ea00","CreationDate":1671141041876,"Creator":"lindseygordon","EditDate":1672348032802,"Editor":"lindseygordon","official_image_url":"https://services1.arcgis.com/UvqJJ6GFv4u5BZQj/arcgis/rest/services/Historical_Landmarks_-_PUBLIC_VL/FeatureServer/1/118/attachments/118","official_story_map_url":"https://storymaps.arcgis.com/stories/c140a2e3c6bf4d979e4c554496522d88"}},{"type":"Feature","id":264,"geometry":{"type":"Point","coordinates":[-121.063498652,39.213603773]},"properties":{"OBJECTID":264,"Name":"Grant Schoolhouse","ENC":241,"Address":"135 Winchester St, Grass Valley","Area":"Grass Valley","Area_List":"Grass Valley","Longitude":-121.063501,"Latitude":39.213603,"Desc_":"Landmark registered 2025 by Nevada County, NEV 25-02. Plaque dedicated 2025 by the Landmarks Commission: \"The Winchester School, Grass Valley's second oldest school, was built on this site in 1864 at a cost of $1500; approximately 100 students attended. In September of 1895, the Grant School was built next to it. On September 5, 1898, both buildings were completely destroyed by fire. The Grant School was rebuilt, and opened to students on April 2, 1900. With a few minor interruptions, it served the community as a schoolhouse until 1968. The building became a church for a while, then a private residence. It underwent a number of careful renovations, and is now recognized as one of the best preserved buildings in Grass Valley.\"\r\n\r\nLocated: 135 Winchester St, Grass Valley","Notes":null,"GoogleMap_URL":"https://google.com/maps/?daddr=39.213603,-121.063501","Secondary_Note":null,"GlobalID":"6f42dfe8-a37e-4fcf-9bae-bcb72f7551d5","CreationDate":1762195784334,"Creator":"lindseygordon","EditDate":1762195868582,"Editor":"lindseygordon","official_image_url":"https://services1.arcgis.com/UvqJJ6GFv4u5BZQj/arcgis/rest/services/Historical_Landmarks_-_PUBLIC_VL/FeatureServer/1/264/attachments/292","official_story_map_url":"https://storymaps.arcgis.com/stories/c140a2e3c6bf4d979e4c554496522d88"}},{"type":"Feature","id":66,"geometry":{"type":"Point","coordinates":[-121.055299999758,39.2138000001305]},"properties":{"OBJECTID":66,"Name":"Marines Memorial","ENC":54.4,"Address":"Memorial Park, corner of Race St and Colfax Ave, Grass Valley\n","Area":"Grass Valley","Area_List":"Grass Valley","Longitude":-121.0553,"Latitude":39.2138,"Desc_":"Plaque dedicated 2003 by Marine Corps League Gold Country Detachment 885:\n\"These memorials honor those who served in the Armed Forces of the United States of America. For those who returned, thank you God. For those who died, glory forever God. For those still missing, please God.\"\n\nLocated: Memorial Park, corner of Race St and Colfax Ave, Grass Valley CA","Notes":null,"GoogleMap_URL":"https://google.com/maps/?daddr=39.2138,-121.0553","Secondary_Note":null,"GlobalID":"7d832dd6-6dd8-439e-b694-ea51c06d8ecf","CreationDate":1671141041876,"Creator":"lindseygordon","EditDate":1672341558377,"Editor":"lindseygordon","official_image_url":"https://services1.arcgis.com/UvqJJ6GFv4u5BZQj/arcgis/rest/services/Historical_Landmarks_-_PUBLIC_VL/FeatureServer/1/66/attachments/66","official_story_map_url":"https://storymaps.arcgis.com/stories/c140a2e3c6bf4d979e4c554496522d88"}},{"type":"Feature","id":78,"geometry":{"type":"Point","coordinates":[-121.024000000313,39.2657999999033]},"properties":{"OBJECTID":78,"Name":"Pioneer Cemetery","ENC":66,"Address":"East side of W. Broad St, near Hwy 49, Nevada City","Area":"Nevada City","Area_List":"Nevada City","Longitude":-121.024,"Latitude":39.2658,"Desc_":"Landmark registered ca.1974 by Nevada County, NEV 20. Plaque dedicated 1967 by the Native Daughters and the Native Sons of the Golden West: This cemetery was established in 1851 on a knoll back of the First Methodist Church. This gave the site its name. Many noted citizens rest here.\n\nNote: The first cemetery in Nevada County after arrival of the 49ers. Located in the churchyard of the first Methodist Church that once occupied this site, it has been in use since 1851. A wooden marker was placed in 1949. The plaque is on a stone monument in the front part of the cemetery. Many famous pioneers and early settlers are buried here, including Henry Meredith and William Alphonso Sutter, the son of General John Sutter. Aaron A. Sargent's cenotaph is here though his remains were cremated and scattered by air above the Quaker Hill Mine, which he used to own.\n\nLocated: East side of W. Broad St, near Hwy 49, Nevada City CA","Notes":"Note: The first cemetery in Nevada County after arrival of the 49ers. Located in the churchyard of the first Methodist Church that once occupied this site, it has been in use since 1851. A wooden marker was placed in 1949. The plaque is on a stone monument in the front part of the cemetery. Many famous pioneers and early settlers are buried here, including Henry Meredith and William Alphonso Sutter, the son of General John Sutter. Aaron A. Sargent's cenotaph is here though his remains were cremated and scattered by air above the Quaker Hill Mine, which he used to own.","GoogleMap_URL":"https://google.com/maps/?daddr=39.2658,-121.024","Secondary_Note":null,"GlobalID":"3ed0e28e-386a-410b-88d4-f8b16b16307c","CreationDate":1671141041876,"Creator":"lindseygordon","EditDate":1672341928453,"Editor":"lindseygordon","official_image_url":"https://services1.arcgis.com/UvqJJ6GFv4u5BZQj/arcgis/rest/services/Historical_Landmarks_-_PUBLIC_VL/FeatureServer/1/78/attachments/78","official_story_map_url":"https://storymaps.arcgis.com/stories/c140a2e3c6bf4d979e4c554496522d88"}},{"type":"Feature","id":32,"geometry":{"type":"Point","coordinates":[-121.067200000293,39.21989999981]},"properties":{"OBJECTID":32,"Name":"Glasson House","ENC":23,"Address":"515 W. Main St. Grass Valley","Area":"Grass Valley","Area_List":"Grass Valley","Longitude":-121.0672,"Latitude":39.2199,"Desc_":"Landmark registered 2005 by Nevada County, NEV 05-01. Description: This Victorian/Greek Revival house was built in 1866 for Miles P. O'Connor, who came to California in 1849 and to Nevada County in 1852. He served as justice of the peace for Little York township in 1852-53 and for Grass Valley 1862-69. He served one term in the state assembly and two in the state senate. He earned a fortune from the famous Idaho gold mine and was instrumental in creation of the Nevada County Narrow Gauge Railroad. After selling this house to John Polglase in 1873, he moved to San Jose and funded various institutions, including a sanitarium later known as O'Connor Hospital. John Polglase, a hard-rock miner from Cornwall, came to Grass Valley in 1864. In 1875 Polglase bought an interest in John Glasson's grocery and provisions store while continuing to work underground in the Idaho mine. In 1882 he sold the house to his partner, and Glasson and his heirs owned it from then until 1973. John Glasson, like Polglase, came here in 1864 from England, and like O'Connor he played a prominent role in Nevada County history. He bought the local gas company in 1885-86 and in 1888 merged it with the Grass Valley Electric Light and Motor Co. He built the county's first hydroelectric plant at Deer Creek Falls and was a director and treasurer of the Narrow Gauge railroad. His daughter Bernice was a major benefactor to the Sierra Nevada Memorial Hospital, and she lived in this house until her death in 1966.\n\nLocated: 515 W. Main St, Grass Valley CA","Notes":null,"GoogleMap_URL":"https://google.com/maps/?daddr=39.2199,-121.0672","Secondary_Note":null,"GlobalID":"2929963f-8d1b-46b0-8627-76da3f965c34","CreationDate":1671141041876,"Creator":"lindseygordon","EditDate":1673034942997,"Editor":"lindseygordon","official_image_url":"https://services1.arcgis.com/UvqJJ6GFv4u5BZQj/arcgis/rest/services/Historical_Landmarks_-_PUBLIC_VL/FeatureServer/1/32/attachments/32","official_story_map_url":"https://storymaps.arcgis.com/stories/c140a2e3c6bf4d979e4c554496522d88"}},{"type":"Feature","id":229,"geometry":{"type":"Point","coordinates":[-121.026399999613,39.2698000002653]},"properties":{"OBJECTID":229,"Name":"Public Safety Memorial","ENC":207,"Address":"In front of Rood Center, 950 Maidu Ave, Nevada City","Area":"Nevada City","Area_List":"Nevada City","Longitude":-121.0264,"Latitude":39.2698,"Desc_":"Plaque dedicated 2001 by Nevada County Law Enforcement & Fire Protection Council: \"Let it be known, this native stone is a memorial to the public safety personnel of our community, and to those who have given the supreme sacrifice. Their dedication and sacrifice of precious time and energy help make Nevada County a place of refuge and quiet beauty. We, who enjoy this natural setting of tall pines and green forested hills are grateful to them. Henceforth, by resolution of the Nevada County Board of Supervisors and the people of this community, the Fifteenth of May has been designated as 'Public Safety Appreciation Day.' Let this be a perpetual witness of this community's gratitude of those who serve.\"\n\nNote: Adjoining monument contains 15 plaques naming those who died in the line of duty.\n\nLocated: In front of the Rood Center, 950 Maidu Ave., Nevada City CA","Notes":"Note: Adjoining monument contains 15 plaques naming those who died in the line of duty.","GoogleMap_URL":"https://google.com/maps/?daddr=39.2698,-121.0264","Secondary_Note":"Note: Adjoining monument contains 15 plaques naming those who died in the line of duty.","GlobalID":"70d87c2c-8fb5-43d2-8ac4-d05c7710488a","CreationDate":1671141041876,"Creator":"lindseygordon","EditDate":1672352264355,"Editor":"lindseygordon","official_image_url":"https://services1.arcgis.com/UvqJJ6GFv4u5BZQj/arcgis/rest/services/Historical_Landmarks_-_PUBLIC_VL/FeatureServer/1/229/attachments/228","official_story_map_url":"https://storymaps.arcgis.com/stories/c140a2e3c6bf4d979e4c554496522d88"}},{"type":"Feature","id":126,"geometry":{"type":"Point","coordinates":[-121.014999999569,39.264100000046]},"properties":{"OBJECTID":126,"Name":"Naffziger House","ENC":104,"Address":"216 Nevada St, Nevada City","Area":"Nevada City","Area_List":"Nevada City","Longitude":-121.015,"Latitude":39.2641,"Desc_":"Plaque dedicated 1973 by Historical Society: Boyhood Home of Howard Christian Naffziger.\n1884  M.D., F.A.C.S. 1961. World-renowned neurosurgeon. Professor of surgery, Chief of Surgery and Neurosurgery at University of California Medical School; and Regent of the University of California. House built in 1859 by J. H. Helms.\n\nNote: James Harvey Helm (not \"Helms\") was a City Trustee and operated the Empire Livery Stable on Broad Street.\n\nLocated: 216 Nevada St, Nevada City CA","Notes":"\nNote: James Harvey Helm (not \"Helms\") was a City Trustee and operated the Empire Livery Stable on Broad Street.","GoogleMap_URL":"https://google.com/maps/?daddr=39.2641,-121.015","Secondary_Note":null,"GlobalID":"b360d8a4-f95e-43f3-b1f7-debc31ecff25","CreationDate":1671141041876,"Creator":"lindseygordon","EditDate":1672348296869,"Editor":"lindseygordon","official_image_url":"https://services1.arcgis.com/UvqJJ6GFv4u5BZQj/arcgis/rest/services/Historical_Landmarks_-_PUBLIC_VL/FeatureServer/1/126/attachments/126","official_story_map_url":"https://storymaps.arcgis.com/stories/c140a2e3c6bf4d979e4c554496522d88"}},{"type":"Feature","id":272,"geometry":{"type":"Point","coordinates":[-121.060619946,39.219312669]},"properties":{"OBJECTID":272,"Name":"Eagle Hose Company","ENC":249,"Address":"139 E. Main St, Grass Valley","Area":"Grass Valley","Area_List":"Grass Valley","Longitude":-121.0606187,"Latitude":39.219312,"Desc_":"Landmark registered 2025 by Nevada County, NEV 25-09. \"The Grass Valley Fire Department was first organized in 1853. It is the third oldest active fire department west of the Mississippi River. Founded in 1866 and housed at this site, Eagle Hose Company #2 was one of four Volunteer Fire Brigades that proudly served and protected Grass Valley for over 100 years. Volunteer fire fighters were alerted and directed to the area of a blaze by the Alarm Siren System, which used a neighborhood numbering system located on the fire alarm box. With the advent of electronic communication, the Alarm Siren System became obsolete.\"\r\n\r\nNote: As of the date of publication, the plaque has not yet been dedicated. The plaque is designed to display the Alarm Siren System locations.\r\n\r\nLocated: 139 E. Main St, Grass Valley","Notes":null,"GoogleMap_URL":"https://google.com/maps/?daddr=39.219312,-121.0606187","Secondary_Note":null,"GlobalID":"17dc5928-40c9-4069-82f3-830463ae5b9a","CreationDate":1762198309109,"Creator":"lindseygordon","EditDate":1762198425945,"Editor":"lindseygordon","official_image_url":"https://services1.arcgis.com/UvqJJ6GFv4u5BZQj/arcgis/rest/services/Historical_Landmarks_-_PUBLIC_VL/FeatureServer/1/272/attachments/301","official_story_map_url":"https://storymaps.arcgis.com/stories/c140a2e3c6bf4d979e4c554496522d88"}},{"type":"Feature","id":26,"geometry":{"type":"Point","coordinates":[-120.963900000283,39.1476000000885]},"properties":{"OBJECTID":26,"Name":"Saint Paul Lutheran Church Site","ENC":18.4,"Address":"St. Paul Pl. east of Hwy 174 at Chicago Park. St. Paul Cemetery is first left past the fire station","Area":"South County","Area_List":"South County","Longitude":-120.9639,"Latitude":39.1476,"Desc_":"Plaque dedicated 1993 by Grace Lutheran Church, Missouri Synod: On this site donated by Anna Pusheck the German Evangelical Lutheran St. Paul congregation was established in 1902 for worship and praise to God, continuing until 1984.\n\nLandmark registered 2020 by Nevada County, NEV 20-06. Second plaque dedicated 2022 by Grace Lutheran Church. \"On this site in 1902, the German Evangelical Lutheran St. Paul Church and Cemetery were established on land donated by Anna Pusheck and her son Charles, two of the founders of Chicago Park. The church served a German-American population residing in Auburn, Weimar, Reno and Chicago Park. Services for the primarily German-American Lutheran congregation were conducted in German prior to 1924. Following that, both German and English were used in all church activities until World War II, when anti-German sentiment prompted the use of English only. In 1971, children playing with matches set fire to the church and it was destroyed. The parsonage was converted to a church and services were held there until 1984, at which time the congregation joined with their sister church, Grace Lutheran in Grass Valley. Interment in the St. Paul Cemetery remains available to members of Grace Lutheran Church.\"\n\nNote: In 1895, Dr. Charles Pusheck built a sanitarium in Chicago Park, which he later converted to a hotel. The St. Paul Lutheran church building was dedicated in December 1904. Most services and record keeping were in the German language until 1924. From then until 1942 both English and German were used to compile important data, and English services were held once a month. An English-language hymnal was used for the first time on September 28, 1924.\n\nLocated: St Paul Pl., east of Hwy 174 at Chicago Park. St. Paul Cemetery is first left past the fire station","Notes":"Note: In 1895, Dr. Charles Pusheck built a sanitarium in Chicago Park, which he later converted to a hotel. The St. Paul Lutheran church building was dedicated in December 1904. Most services and record keeping were in the German language until 1924. From then until 1942 both English and German were used to compile important data, and English services were held once a month. An English-language hymnal was used for the first time on September 28, 1924.","GoogleMap_URL":"https://google.com/maps/?daddr=39.1476,-120.9639","Secondary_Note":null,"GlobalID":"128e9727-d476-4e56-96b5-1f2c0978fec0","CreationDate":1671141041876,"Creator":"lindseygordon","EditDate":1672340171762,"Editor":"lindseygordon","official_image_url":"https://services1.arcgis.com/UvqJJ6GFv4u5BZQj/arcgis/rest/services/Historical_Landmarks_-_PUBLIC_VL/FeatureServer/1/26/attachments/26","official_story_map_url":"https://storymaps.arcgis.com/stories/c140a2e3c6bf4d979e4c554496522d88"}},{"type":"Feature","id":35,"geometry":{"type":"Point","coordinates":[-121.062199999879,39.2192000000577]},"properties":{"OBJECTID":35,"Name":"Loutzenheiser Pharmacy Building/Foothill Flowers","ENC":26,"Address":"102 W Main St Grass Valley","Area":"Grass Valley","Area_List":"Grass Valley","Longitude":-121.0622,"Latitude":39.2192,"Desc_":"Plaque dedicated 1986 by Marie I Johnson: Operated by pioneer druggist William Loutzenheiser (1824–1905) and son, John G. (1861-1929). The pharmacy began here in a wooden building in 1851. The structure gave way to the present brick edifice in the fall of 1855. William was a member of the 1861 city Board of Trustees, one of the original locators of the Idaho Quartz claim, and was active in several other mining ventures. On July 4, 1887 the pharmacy was the site of a bloody duel between two Grass Valley merchants, Henry Sylvester and John Davis, in which the latter was killed. In 1928 the business changed hands after 77 years of continuous operation by the Loutzenheiser family. Between 1928 and 1966 the building had many tenants. In the fall of 1966 Marie Johnson, known as the Flower Lady, founded Foothill Flowers. The interior of the building was destroyed by fire in May 1984 and was subsequently remodeled.\n\nLocated: 102 W. Main St, Grass Valley CA","Notes":null,"GoogleMap_URL":"https://google.com/maps/?daddr=39.2192,-121.0622","Secondary_Note":null,"GlobalID":"dfa22e81-7ec8-4cc8-a24b-01fe035e65d2","CreationDate":1671141041876,"Creator":"lindseygordon","EditDate":1674666054018,"Editor":"lindseygordon","official_image_url":"https://services1.arcgis.com/UvqJJ6GFv4u5BZQj/arcgis/rest/services/Historical_Landmarks_-_PUBLIC_VL/FeatureServer/1/35/attachments/35","official_story_map_url":"https://storymaps.arcgis.com/stories/c140a2e3c6bf4d979e4c554496522d88"}},{"type":"Feature","id":129,"geometry":{"type":"Point","coordinates":[-121.015700000076,39.262799999868]},"properties":{"OBJECTID":129,"Name":"Colley House","ENC":107,"Address":"116 Nevada St, Nevada City","Area":"Nevada City","Area_List":"Nevada City","Longitude":-121.0157,"Latitude":39.2628,"Desc_":"Plaque dedicated 1994 by Native Daughters of the Golden West: Queen Anne Style Built in 1860 Home of Ida Colley and niece, Winifred Mulloy, founders of Laurel Parlor #6 Native Daughters of the Golden West. Now Deer Creek Inn Bed & Breakfast.\n\nLocated: 116 Nevada St, Nevada City CA","Notes":null,"GoogleMap_URL":"https://google.com/maps/?daddr=39.2628,-121.0157","Secondary_Note":null,"GlobalID":"0ae501ae-b150-4369-8b34-a24e9d3a0844","CreationDate":1671141041876,"Creator":"lindseygordon","EditDate":1672348296916,"Editor":"lindseygordon","official_image_url":"https://services1.arcgis.com/UvqJJ6GFv4u5BZQj/arcgis/rest/services/Historical_Landmarks_-_PUBLIC_VL/FeatureServer/1/129/attachments/129","official_story_map_url":"https://storymaps.arcgis.com/stories/c140a2e3c6bf4d979e4c554496522d88"}},{"type":"Feature","id":106,"geometry":{"type":"Point","coordinates":[-121.01890000034,39.262799999868]},"properties":{"OBJECTID":106,"Name":"Nevada County Traction Company","ENC":84,"Address":"Corner of Pine and Broad Sts, Nevada City","Area":"Nevada City","Area_List":"Nevada City","Longitude":-121.0189,"Latitude":39.2628,"Desc_":"Plaque dedicated 1971 by Chap 10 E Clampus Vitus: Nevada County Traction Company 1901-1924. Our 28 ton standard gauge street cars ran from this spot five miles to Boston Ravine south of Grass Valley. Car barns and power plant located at Glenbrook mid-way. Line was victim of motor cars and busses.\n\nLocated: Corner of Pine and Broad Sts, Nevada City CA","Notes":"Note: See No. 10.","GoogleMap_URL":"https://google.com/maps/?daddr=39.2628,-121.0189","Secondary_Note":null,"GlobalID":"4aa0cd29-0466-4281-a544-98d8927f02e7","CreationDate":1671141041876,"Creator":"lindseygordon","EditDate":1672342774185,"Editor":"lindseygordon","official_image_url":"https://services1.arcgis.com/UvqJJ6GFv4u5BZQj/arcgis/rest/services/Historical_Landmarks_-_PUBLIC_VL/FeatureServer/1/106/attachments/106","official_story_map_url":"https://storymaps.arcgis.com/stories/c140a2e3c6bf4d979e4c554496522d88"}},{"type":"Feature","id":86,"geometry":{"type":"Point","coordinates":[-121.017599999784,39.2639999997113]},"properties":{"OBJECTID":86,"Name":"Old Brick Gothic Church Building","ENC":74,"Address":"Corner of Main and Church Sts, Nevada City","Area":"Nevada City","Area_List":"Nevada City","Longitude":-121.0176,"Latitude":39.264,"Desc_":"Plaque dedicated 1987 by Native Daughters of the Golden West: Historic Old Brick Gothic Building. Constructed as a Congregational Church in 1857. Restored by First Baptist Church.\n\nNotes: Also site of Nevada City's pioneer nondenominational church, which burned in March 1851. It was replaced by a wooden Congregational Church, that burned in 1856. Cornerstone of this brick building was laid on July 4, 1858 (not 1857.) The roof and interior burned in 1863 and the church was rebuilt once more in 1864.\n\nThe University of California was born at the church in 1853, when Henry Durant took part in a convention of Congregationalists and Presbyterians who resolved to establish a college in California. Durant soon opened the Contra Costa Academy in Oakland, that become the College of California then relocated to Berkeley as the University of California.\n\nLocated: Corner of Main and Church Sts, Nevada City CA","Notes":"Notes: Also site of Nevada City\"s pioneer nondenominational church, which burned in March 1851. It was replaced by a wooden Congregational Church, that burned in 1856. Cornerstone of this brick building was laid on July 4, 1858 (not 1857.) The roof and interior burned in 1863 and the church was rebuilt once more in 1864.\n\nThe University of California was born at the church in 1853, when Henry Durant took part in a convention of Congregationalists and Presbyterians who resolved to establish a college in California. Durant soon opened the Contra Costa Academy in Oakland, that become the College of California then relocated to Berkeley as the University of California.","GoogleMap_URL":"https://google.com/maps/?daddr=39.264,-121.0176","Secondary_Note":null,"GlobalID":"ce36e32c-f0f5-40d5-b394-d5bccd9c3554","CreationDate":1671141041876,"Creator":"lindseygordon","EditDate":1673034943341,"Editor":"lindseygordon","official_image_url":"https://services1.arcgis.com/UvqJJ6GFv4u5BZQj/arcgis/rest/services/Historical_Landmarks_-_PUBLIC_VL/FeatureServer/1/86/attachments/86","official_story_map_url":"https://storymaps.arcgis.com/stories/c140a2e3c6bf4d979e4c554496522d88"}},{"type":"Feature","id":135,"geometry":{"type":"Point","coordinates":[-121.011200000153,39.2586999996961]},"properties":{"OBJECTID":135,"Name":"Isabel Hefelfinger Wagon Shed","ENC":113,"Address":"Max Solaro Dr, Pioneer Park, Nevada City","Area":"Nevada City","Area_List":"Nevada City","Longitude":-121.0112,"Latitude":39.2587,"Desc_":"First plaque dedicated 1983 by the Native Sons of the Golden West: The Wagon Shed. Generations of Californians living in the northern mines depended for their economics and social well-being on wheel transportation powered by the horse, mule, the ox. The vehicles displayed here represent some of those used to move people, goods and gold. The Nevada County Historical Society, Hydraulic Parlor No. 56, City of Nevada City, California Department of Parks & Recreation, Nevada City Lions Club and many other civic groups and individuals cooperated to preserve this collection.\n\nSecond plaque dedicated 1993 by the Historical Society: Isabel Hefelfinger Wagon Shed. This building is dedicated to the memory of Isabel Ross Hefelfinger (1899-1991). She encouraged many by her interest and dedication in remembering the past. Her untiring efforts to preserve history of Nevada County will not be forgotten.\n\nLocated: Max Solaro Dr, Pioneer Park, Nevada City CA","Notes":null,"GoogleMap_URL":"https://google.com/maps/?daddr=39.2587,-121.0112","Secondary_Note":null,"GlobalID":"19e0df4e-9cce-4af4-adac-6d896339537b","CreationDate":1671141041876,"Creator":"lindseygordon","EditDate":1672348713064,"Editor":"lindseygordon","official_image_url":"https://services1.arcgis.com/UvqJJ6GFv4u5BZQj/arcgis/rest/services/Historical_Landmarks_-_PUBLIC_VL/FeatureServer/1/135/attachments/135","official_story_map_url":"https://storymaps.arcgis.com/stories/c140a2e3c6bf4d979e4c554496522d88"}},{"type":"Feature","id":63,"geometry":{"type":"Point","coordinates":[-121.055299999758,39.2138000001305]},"properties":{"OBJECTID":63,"Name":"World War I Memorial, Grass Valley","ENC":54.1,"Address":"Memorial Park, corner of Race St and Colfax Ave, Grass Valley","Area":"Grass Valley","Area_List":"Grass Valley","Longitude":-121.0553,"Latitude":39.2138,"Desc_":"Plaque dedicated 1921: Honor Roll. Heroes from the Grass Valley District who gave their lives for their country 1917-1918: Anthony J. Bevilacqua, Robert H. Beyer, Lawrence A. Brasher, Melvyn Frandy, Isaac Leslie Fleming, Hedley Hill, Lenville Dooley Jatunn, William Hague, William A. Kneebone, Albert Pinkham, William Hawley Moran, James Rodgers, Clarence Crase Thomas, J. M. Spencer, Elton Thomas Whiting, John Edward White.\n\nRecently, a small plaque at the base of the main plaque added U.S. Army Nurse Elina W. Hill to the Honor Roll.\n\nNote: The above inscription is on a very large monument. Surrounding it is a grove of 16 trees, each with a marker in front inscribed with the name of one of these men and the American Legion logotype.\n\nLocated: Memorial Park, corner of Race St and Colfax Ave, Grass Valley CA","Notes":"Note: The above inscription is on a very large monument. Surrounding it is a grove of 16 trees, each with a marker in front inscribed with the name of one of these men and the American Legion logotype.","GoogleMap_URL":"https://google.com/maps/?daddr=39.2138,-121.0553","Secondary_Note":null,"GlobalID":"06067f47-12ce-46d4-ad32-4c1bad7a8c6d","CreationDate":1671141041876,"Creator":"lindseygordon","EditDate":1672341315101,"Editor":"lindseygordon","official_image_url":"https://services1.arcgis.com/UvqJJ6GFv4u5BZQj/arcgis/rest/services/Historical_Landmarks_-_PUBLIC_VL/FeatureServer/1/63/attachments/63","official_story_map_url":"https://storymaps.arcgis.com/stories/c140a2e3c6bf4d979e4c554496522d88"}},{"type":"Feature","id":112,"geometry":{"type":"Point","coordinates":[-121.021000000065,39.2632000002437]},"properties":{"OBJECTID":112,"Name":"Nevada City Methodist Church","ENC":90,"Address":"Corner Broad and Mill Sts, Nevada City","Area":"Nevada City","Area_List":"Nevada City","Longitude":-121.021,"Latitude":39.2632,"Desc_":"Plaque dedicated 1965 by Native Daughters and Native Sons of the Golden West: Historic Nevada City Methodist Church. Dedicated in 1864. Now one of the oldest existing churches.\n\nLocated: Corner of Broad and Mill Sts, Nevada City CA","Notes":null,"GoogleMap_URL":"https://google.com/maps/?daddr=39.2632,-121.021","Secondary_Note":null,"GlobalID":"f0447578-72ca-4f92-bc42-2c5282152b1a","CreationDate":1671141041876,"Creator":"lindseygordon","EditDate":1672343096753,"Editor":"lindseygordon","official_image_url":"https://services1.arcgis.com/UvqJJ6GFv4u5BZQj/arcgis/rest/services/Historical_Landmarks_-_PUBLIC_VL/FeatureServer/1/112/attachments/112","official_story_map_url":"https://storymaps.arcgis.com/stories/c140a2e3c6bf4d979e4c554496522d88"}},{"type":"Feature","id":55,"geometry":{"type":"Point","coordinates":[-121.06509999967,39.216500000159]},"properties":{"OBJECTID":55,"Name":"Emmanuel Episcopal Church","ENC":47,"Address":"235 S. Church St, Grass Valley","Area":"Grass Valley","Area_List":"Grass Valley","Longitude":-121.0651,"Latitude":39.2165,"Desc_":"Landmark registered 1972 by Nevada County, NEV 12. Plaque dedicated 1965 by Native Daughters and Native Sons of the Golden West: Historic Emmanuel Episcopal Church. Oldest Episcopal edifice in California. First services April 23, 1854 by Rt. Rev. William I. Kip, Bishop of Calif. This building opened for worship Aug. 1856.\n\nNote: The church was declared eligible for National Landmark status in 1982, but the vestry declined to have the church registered. The first services mentioned above were held in \"a public hall\" according to an account by Bishop Kip. On December 11, 1856, the Gold Hill Mining Company donated land to the parish that was bounded by Church, Walsh and Mill streets. The present church opened for worship in 1858. It is the oldest existing Episcopal Church in continuous use in California.\n\nLocated: 235 S. Church St, Grass Valley CA","Notes":"Note: The church was declared eligible for National Landmark status in 1982, but the vestry declined to have the church registered. The first services mentioned above were held in \"a public hall\" according to an account by Bishop Kip. On December 11, 1856, the Gold Hill Mining Company donated land to the parish that was bounded by Church, Walsh and Mill streets. The present church opened for worship in 1858. It is the oldest existing Episcopal Church in continuous use in California.","GoogleMap_URL":"https://google.com/maps/?daddr=39.2165,-121.0651","Secondary_Note":null,"GlobalID":"4901f65d-08c8-4ba4-a3d0-87b4b0590fcf","CreationDate":1671141041876,"Creator":"lindseygordon","EditDate":1672340908582,"Editor":"lindseygordon","official_image_url":"https://services1.arcgis.com/UvqJJ6GFv4u5BZQj/arcgis/rest/services/Historical_Landmarks_-_PUBLIC_VL/FeatureServer/1/55/attachments/55","official_story_map_url":"https://storymaps.arcgis.com/stories/c140a2e3c6bf4d979e4c554496522d88"}},{"type":"Feature","id":43,"geometry":{"type":"Point","coordinates":[-121.062044000244,39.2182000000358]},"properties":{"OBJECTID":43,"Name":"Grass Valley Masonic Lodge","ENC":34,"Address":"126 S Auburn St GV","Area":"Grass Valley","Area_List":"Grass Valley","Longitude":-121.062044,"Latitude":39.2182,"Desc_":"Plaque dedicated 2002 by Masons: Masonry in Grass Valley. Madison Lodge #23  was established under dispensation from the Grand Lodge of California on May 4th 1852. Its permanent charter was issued on May 5th 1853. Madison Lodge held its first two meetings at the old Columbus School on the present site of Hennessy School. The Lodge moved to a building on the south side of Main St.  where it now meets Auburn St.  This wooden building was destroyed along with most of Grass Valley in the great fire of September 12 and 13, 1855. A few days later, the Masons met with the Odd Fellows to select a site for a new brick building to house both organizations at 110 Mill St. This building was Madison's home for nearly 73 years, until fire destroyed the Masonic portion of the building in December 1928. For the next nine years the Lodge met in the auditorium of the old Strand Theater at 161 Mill St.  During this time, planning was being completed for our present building, which saw its first meeting on January 29, 1938. For 150 years, in both good times and bad, through 7 wars and a great depression, the Masonic spirit of Brotherly Love, Relief and Truth has continued on through our brethren of honorable men of all backgrounds, professions and faith. This plaque was set on 9 May 2002 in rededication ceremonies conducted by C. Ray Whitaker, Grand Master of Masons in California and Elmer B. Curtis, Master of Madison Lodge.\n\nLocated: 126 S. Auburn St, Grass Valley CA","Notes":null,"GoogleMap_URL":"https://google.com/maps/?daddr=39.2182,-121.062044","Secondary_Note":null,"GlobalID":"74d9ed30-ca27-4a55-b90b-d3ec94ba8446","CreationDate":1671141041876,"Creator":"lindseygordon","EditDate":1672340715372,"Editor":"lindseygordon","official_image_url":"https://services1.arcgis.com/UvqJJ6GFv4u5BZQj/arcgis/rest/services/Historical_Landmarks_-_PUBLIC_VL/FeatureServer/1/43/attachments/43","official_story_map_url":"https://storymaps.arcgis.com/stories/c140a2e3c6bf4d979e4c554496522d88"}},{"type":"Feature","id":241,"geometry":{"type":"Point","coordinates":[-121.018794300073,39.266889999853]},"properties":{"OBJECTID":241,"Name":"Preston and Louisa Alexander Homesite","ENC":221,"Address":"330 Alexander St, Nevada City","Area":"Nevada City","Area_List":"Nevada City","Longitude":-121.0187943,"Latitude":39.26689,"Desc_":"Landmark registered Oct. 13, 2020 by Nevada County, NEV 20-04. Plaque dedicated 2021 by The NC Historical Society. \"THE PRESTON AND LOUISA ALEXANDER HOMESITE. Preston Alexander, one of Nevada City's earliest African American settlers, purchased this property along Buckeye Ravine on May 19, 1859.  The property was occupied by Preston (1834-1889), his wife, Louisa (1838-1902), and their five children, John, Mary Amelia, Horatio Henry, Louisa, and Rosella Elizabeth, until 1902.  The Alexander family was well respected and highly regarded in the community.  They were members of the African Methodist Episcopal (A.M.E.) Churches in Nevada City and Grass Valley.  Preston Alexander was active in the major civil rights movements of the mid-19th century: abolishing slavery nationally, winning the franchise for African American men, gaining the right for African Americans to testify in court, and securing their access to public accommodations.  Alexander Street is named in their honor.\"\n\nLocated: 330 Alexander St., Nevada City CA","Notes":null,"GoogleMap_URL":"https://google.com/maps/?daddr=39.26689,-121.0187943","Secondary_Note":null,"GlobalID":"914e7e7c-69f8-4dc6-8461-efb1978e7b76","CreationDate":1671141041876,"Creator":"lindseygordon","EditDate":1672352704396,"Editor":"lindseygordon","official_image_url":"https://services1.arcgis.com/UvqJJ6GFv4u5BZQj/arcgis/rest/services/Historical_Landmarks_-_PUBLIC_VL/FeatureServer/1/241/attachments/253","official_story_map_url":"https://storymaps.arcgis.com/stories/c140a2e3c6bf4d979e4c554496522d88"}},{"type":"Feature","id":98,"geometry":{"type":"Point","coordinates":[-121.017599999784,39.262499999827]},"properties":{"OBJECTID":98,"Name":"Calanan Park","ENC":81,"Address":"Corner Broad and Union Sts, Nevada City. This small park is dedicated to George Calanan and contains several historical objects and plaques.","Area":"Nevada City","Area_List":"Nevada City","Longitude":-121.0176,"Latitude":39.2625,"Desc_":"Text of plaque: Native Daughters Garden in George Calanan Park. In 1922, Laurel Parlor No. 6, Native Daughters of the Golden West acquired two small lots to create a memorial park for the veterans and those who died in World War I. In the interest of 'a valuable public improvement,' Laurel Parlor sold the lot to the U.S. Forest Service for a district office in 1936. The advent of World War II redirected federal resources and the planned 6,000 square foot building was never constructed. The lot remained a community park. In 1967, the park was dedicated to honor George Humphrey Calanan (1872- 1951), a much-loved Town Trustee (City Councilman), health officer, assessor, volunteer fireman, and long time City Clerk. He was known as 'the man who got things done.' The park was granted to the City of Nevada City by the United States Department of the Interior on December 1, 1971.\n\nLocated: Corner of Broad and Union Sts, Nevada City. This small park is dedicated to George Calanan and contains several historical objects and plaques.","Notes":null,"GoogleMap_URL":"https://google.com/maps/?daddr=39.2625,-121.0176","Secondary_Note":null,"GlobalID":"ff0edff8-a3c9-4390-a34f-a56dff408239","CreationDate":1671141041876,"Creator":"lindseygordon","EditDate":1672342611919,"Editor":"lindseygordon","official_image_url":"https://services1.arcgis.com/UvqJJ6GFv4u5BZQj/arcgis/rest/services/Historical_Landmarks_-_PUBLIC_VL/FeatureServer/1/98/attachments/98","official_story_map_url":"https://storymaps.arcgis.com/stories/c140a2e3c6bf4d979e4c554496522d88"}},{"type":"Feature","id":49,"geometry":{"type":"Point","coordinates":[-121.064899999653,39.2179999998533]},"properties":{"OBJECTID":49,"Name":"Caroline Mead Hanson House","ENC":40,"Address":"319 Neal St, corner of S. Church St, Grass Valley","Area":"Grass Valley","Area_List":"Grass Valley","Longitude":-121.0649,"Latitude":39.218,"Desc_":"Landmark registered 1975 by Nevada County, NEV 28. Plaque dedicated 1995 by Native Daughters and Native Sons of the Golden West: Homesite of Caroline Mead Hanson. Whose idea sparked the annual Donation Day sponsored by Grass Valley Ladies Relief Society since 1883.\n\nNote: Home of the originator of Grass Valley's Donation Day, that began In 1883. Mrs. Hansen, an invalid, sat in the bay window of her home and watched the children troop to school. Hearing of the Ladies Relief Society's shortage of funds she suggested a plan to help the needy share the Feast of Christmas. Each child would bring a stick of wood and a potato to school on the same day named by the school superintendent. The potatoes would be put in a sack provided by the janitor; the wood would be piled in the school yard. On the following day these donations would be removed by the Relief Society and dispensed as needed. Mrs. Hansen conveyed her plan in a letter to the Grass Valley Daily Union that was published November 20, 1883. Since that date thousands of Grass Valley school children and citizens have marched in the Donation Day parade.\n\nLocated: 319 Neal St., corner of S. Church St, Grass Valley CA","Notes":"Note: Home of the originator of Grass Valley's Donation Day, that began In 1883. Mrs. Hansen, an invalid, sat in the bay window of her home and watched the children troop to school. Hearing of the Ladies Relief Society\"s shortage of funds she suggested a plan to help the needy share the Feast of Christmas. Each child would bring a stick of wood and a potato to school on the same day named by the school superintendent. The potatoes would be put in a sack provided by the janitor; the wood would be piled in the school yard. On the following day these donations would be removed by the Relief Society and dispensed as needed. Mrs. Hansen conveyed her plan in a letter to the Grass Valley Daily Union that was published November 20, 1883. Since that date thousands of Grass Valley school children and citizens have marched in the Donation Day parade.","GoogleMap_URL":"https://google.com/maps/?daddr=39.218,-121.0649","Secondary_Note":null,"GlobalID":"ebc0a4b7-f193-4bd3-9130-7d01d9818042","CreationDate":1671141041876,"Creator":"lindseygordon","EditDate":1673034943106,"Editor":"lindseygordon","official_image_url":"https://services1.arcgis.com/UvqJJ6GFv4u5BZQj/arcgis/rest/services/Historical_Landmarks_-_PUBLIC_VL/FeatureServer/1/49/attachments/49","official_story_map_url":"https://storymaps.arcgis.com/stories/c140a2e3c6bf4d979e4c554496522d88"}},{"type":"Feature","id":113,"geometry":{"type":"Point","coordinates":[-121.02010000044,39.262799999868]},"properties":{"OBJECTID":113,"Name":"Nevada Theatre","ENC":91,"Address":"401 Broad St, Nevada City","Area":"Nevada City","Area_List":"Nevada City","Longitude":-121.0201,"Latitude":39.2628,"Desc_":"Landmark registered by State of California in 1972, CHL 863. Designated a National Historic Landmark 1973. First plaque dedicated 1968 by Chap 10 E Clampus Vitus: Opened Sept. 11, 1865 with comic Dan Setchell and dancers Worrell Sisters. Built by Geo. S. Pierce. Mark Twain, Emma Nevada, Jack London, Gilbert Barry and Richard Jose performed here. Movies shown from 1908-1958 Acquired 1967 by Liberal Arts Commission for restoration.\n\nSecond plaque dedicated 1974 by State of California in cooperation with the Nevada County Historical Landmarks and Liberal Arts Commissions: \"California's oldest existing theatre building, the Nevada, opened September 9, 1865. Celebrities such as Mark Twain, Jack London and Emma Nevada have appeared on its stage. Closed in 1957, the theatre was later purchased through public donations and reopened May 17, 1968 to again serve the cultural needs of the community.\"\n\nThird plaque dedicated 2022 by the Landmarks Commission: \"This plaque is dedicated to Sara 'Sally' Lewis (1914) the preservation pioneer of Nevada City and Nevada County. Sally and Dr. Leland Lewis retired to Nevada City in 1963 from Bakersfield. Sally was a charter member of the Nevada City Liberal Arts Commission formed to save the Nevada Theatre from demolition. The Theatre's 100th anniversary in 1965 was celebrated with a locally produced play 'Golden Days', a gala Dinner and Ball to establish the building fund which led to the preservation of the Nevada Theatre. Sally was a founding member and the First Chair of the Nevada County Historical Landmarks Commission created by the Board of Supervisors in April 1969. She served as Chair until 1983, during which time over 30 landmarks were registered on the County, State, Federal preservation lists. Sally was honored at the Landmarks Commission's 50th anniversary celebration in April, 2019. Ed Tyson, curator of the Searls Library, said of Sally, 'If we took the people involved in Nevada City, Nevada County and rated them 1 through 10 for their effectiveness, I would rate her as a 10.'\nSally passed away in March of 2000 and is buried in the North Columbia Cemetery beside husband Leland and son Chris.\"\n\nNote: Jack London's appearance in the Nevada Theatre is undocumented and Gilbert Barry's may be a Clamper fabrication. The is no North Columbia Cemetery; the Lewis family is buried in the North Bloomfield Cemetery.\n\nLocated: 401 Broad St, Nevada City CA","Notes":"Note: Jack London\"s appearance in the Nevada Theatre is undocumented and Gilbert Barry's may be a Clamper fabrication. The is no North Columbia Cemetery; the Lewis family is buried in the North Bloomfield Cemetery. See  No. 213","GoogleMap_URL":"https://google.com/maps/?daddr=39.2628,-121.0201","Secondary_Note":null,"GlobalID":"430a845e-3abd-42b5-b0a1-0c595932c326","CreationDate":1671141041876,"Creator":"lindseygordon","EditDate":1672343096753,"Editor":"lindseygordon","official_image_url":"https://services1.arcgis.com/UvqJJ6GFv4u5BZQj/arcgis/rest/services/Historical_Landmarks_-_PUBLIC_VL/FeatureServer/1/113/attachments/113","official_story_map_url":"https://storymaps.arcgis.com/stories/c140a2e3c6bf4d979e4c554496522d88"}},{"type":"Feature","id":67,"geometry":{"type":"Point","coordinates":[-121.055400000215,39.2140999996929]},"properties":{"OBJECTID":67,"Name":"Pioneers Memorial","ENC":55,"Address":"Memorial Park, corner of Race St and Colfax Ave, Grass Valley","Area":"Grass Valley","Area_List":"Grass Valley","Longitude":-121.0554,"Latitude":39.2141,"Desc_":"Plaque dedicated 1929 by Native Daughters  of the Golden West: In memory of our pioneer mothers & fathers dedicated June 12, 1929 by Manzanita Parlor No 29 N.D.G.W.\n\nLocated: Memorial Park, corner of Race St and Colfax Ave, Grass Valley CA","Notes":null,"GoogleMap_URL":"https://google.com/maps/?daddr=39.2141,-121.0554","Secondary_Note":null,"GlobalID":"de79f596-d488-4f20-8f2f-bf8806f2e33c","CreationDate":1671141041876,"Creator":"lindseygordon","EditDate":1672341558377,"Editor":"lindseygordon","official_image_url":"https://services1.arcgis.com/UvqJJ6GFv4u5BZQj/arcgis/rest/services/Historical_Landmarks_-_PUBLIC_VL/FeatureServer/1/67/attachments/67","official_story_map_url":"https://storymaps.arcgis.com/stories/c140a2e3c6bf4d979e4c554496522d88"}},{"type":"Feature","id":21,"geometry":{"type":"Point","coordinates":[-121.046800000402,39.2071000000839]},"properties":{"OBJECTID":21,"Name":"Empire Mine","ENC":17,"Address":"Empire Mine State Historic Park, 338 E. Empire St, Grass Valley","Area":"South County","Area_List":"South County","Longitude":-121.0468,"Latitude":39.2071,"Desc_":"Landmark registered 1939 by State of California, CHL 298. Designated a National Historical Landmark 1977. Plaque dedicated 1963 by Native Daughters of the Golden West: This plaque marks the site of the Empire Mine, noted for its continuous operation 1850-1957 producing over $120,000,000 in gold.\n\nNote: The Empire Mine was originally located by George D. Roberts in October 1850. In the spring of 1854 the Empire Mining Company was incorporated and in 1865 new works were erected, including a 30-stamp mill. In 1869 Wm. B. Bourn Sr. purchased the Empire. When he died Wm. B. Bourn Jr. took over the management of the mine. In 1929 the Empire mine and the adjacent North Star mine were consolidated and became known as the Empire Star mine. The Empire Mine was the oldest quartz mine in continuous operation in the United States, having been in constant operation since 1850 to the late 1950s, but like all U.S. gold mines, it was shut down during World War II, except for a maintenance crew and some limited operation. On July 1,1945, the mine was again allowed to go into full production. An auction was held on September 25 and 26,1959, to sell the buildings and contents. The State of California purchased the Empire mine properties in 1975 for use as a state park.\n\nLocated: Empire Mine State Historical Park, 228 E. Empire St, Grass Valley CA","Notes":"Note: The Empire Mine was originally located by George D. Roberts in October 1850. In the spring of 1854 the Empire Mining Company was incorporated and in 1865 new works were erected, including a 30-stamp mill. In 1869 Wm. B. Bourn Sr. purchased the Empire. When he died Wm. B. Bourn Jr. took over the management of the mine. In 1929 the Empire mine and the adjacent North Star mine were consolidated and became known as the Empire Star mine. The Empire Mine was the oldest quartz mine in continuous operation in the United States, having been in constant operation since 1850 to the late 1950s, but like all U.S. gold mines, it was shut down during World War II, except for a maintenance crew and some limited operation. On July 1,1945, the mine was again allowed to go into full production. An auction was held on September 25 and 26,1959, to sell the buildings and contents. The State of California purchased the Empire mine properties in 1975 for use as a state park.","GoogleMap_URL":"https://google.com/maps/?daddr=39.2071,-121.0468","Secondary_Note":null,"GlobalID":"21696605-3cef-49b1-9d6f-cae52b0b754d","CreationDate":1671141041876,"Creator":"lindseygordon","EditDate":1672340030027,"Editor":"lindseygordon","official_image_url":"https://services1.arcgis.com/UvqJJ6GFv4u5BZQj/arcgis/rest/services/Historical_Landmarks_-_PUBLIC_VL/FeatureServer/1/21/attachments/21","official_story_map_url":"https://storymaps.arcgis.com/stories/c140a2e3c6bf4d979e4c554496522d88"}},{"type":"Feature","id":27,"geometry":{"type":"Point","coordinates":[-120.96820000019,39.1456000000371]},"properties":{"OBJECTID":27,"Name":"Old Pacific Fruit Packing Shed","ENC":18.5,"Address":"Mount Olive and Lower Colfax Rds, Chicago Park","Area":"South County","Area_List":"South County","Longitude":-120.9682,"Latitude":39.1456,"Desc_":"Landmark registered 1996 by Nevada County, NEV 96-04. Description: A smaller shed, built here in 1926, collapsed during a snowstorm in 1929. Its successor was built in 1930 by the Civilian Conservation Corps. The Nevada County Narrow Gauge Railroad tracks, depot, and water tower were alongside this building, where peaches and pears from the surrounding orchards were packed and sent to Colfax by train. There the boxes were transferred to standard sized refrigerator freight cars to be shipped to the East.\n\nNote: In recent years, the building has housed a number of businesses.\n\nLocated: Mount Olive and Lower Colfax Rds, Chicago Park CA","Notes":"Note: In recent years, the building has housed a number of businesses.\n","GoogleMap_URL":"https://google.com/maps/?daddr=39.1456,-120.9682","Secondary_Note":null,"GlobalID":"60de7522-5796-41d5-ba72-2d285156c266","CreationDate":1671141041876,"Creator":"lindseygordon","EditDate":1672340229291,"Editor":"lindseygordon","official_image_url":"https://services1.arcgis.com/UvqJJ6GFv4u5BZQj/arcgis/rest/services/Historical_Landmarks_-_PUBLIC_VL/FeatureServer/1/27/attachments/27","official_story_map_url":"https://storymaps.arcgis.com/stories/c140a2e3c6bf4d979e4c554496522d88"}},{"type":"Feature","id":127,"geometry":{"type":"Point","coordinates":[-121.015799999635,39.2633000003288]},"properties":{"OBJECTID":127,"Name":"Trinity Episcopal Church","ENC":105,"Address":"Corner of Nevada and High Sts, Nevada City","Area":"Nevada City","Area_List":"Nevada City","Longitude":-121.0158,"Latitude":39.2633,"Desc_":"Landmark registered 1973 by Nevada County, NEV 18. Plaque dedicated 1973 by Native Sons of the Golden West: Trinity Episcopal Church. Founded as a parish in 1855, opened for Divine Service in this building on November 2, 1873. Previously on this site was \"Caldwell's Upper Store\" built in 1849 for the miners of Upper Deer Creek Dry Diggings, now known as Nevada City, and Washington School, 1863, the community's first high school. The present building was erected by shipwrights working in the mines. Their craftsmanship may be seen in its construction.\n\nNotes: Caldwell's Upper Store and Deer Creek Dry Diggings were the original names for the mining community that became Nevada City.\nIn 1856 W. H. Orr built a brick house here that was used as a public high school from 1862 to 1869. The house was removed in 1871, two years before Trinity Church was built.\n\nLocated: Corner of Nevada and High Sts, Nevada City CA","Notes":"Notes: Caldwell\"s Upper Store and Deer Creek Dry Diggings were the original names for the mining community that became Nevada City.\nIn 1856 W. H. Orr built a brick house here that was used as a public high school from 1862 to 1869. The house was removed in 1871, two years before Trinity Church was built.","GoogleMap_URL":"https://google.com/maps/?daddr=39.2633,-121.0158","Secondary_Note":null,"GlobalID":"7d36f257-150d-4eb0-bb4e-336856dbb9af","CreationDate":1671141041876,"Creator":"lindseygordon","EditDate":1673034943591,"Editor":"lindseygordon","official_image_url":"https://services1.arcgis.com/UvqJJ6GFv4u5BZQj/arcgis/rest/services/Historical_Landmarks_-_PUBLIC_VL/FeatureServer/1/127/attachments/127","official_story_map_url":"https://storymaps.arcgis.com/stories/c140a2e3c6bf4d979e4c554496522d88"}},{"type":"Feature","id":121,"geometry":{"type":"Point","coordinates":[-121.019300000374,39.2611000002793]},"properties":{"OBJECTID":121,"Name":"Pine Street Crossing at Nevada City","ENC":99,"Address":"S. Pine St at Deer Creek, Nevada City","Area":"Nevada City","Area_List":"Nevada City","Longitude":-121.0193,"Latitude":39.2611,"Desc_":"Landmark registered 1996 by Nevada County, NEV 95-05. Plaque dedicated 1996 by Landmarks Commission, Nevada City and Chap 10 E Clampus Vitus, and placed 2005: Pine Street Bridge 1996. Third span of Deer Creek at this location. It is a replica of the single arch steel Gault bridge (1903-1996) which replaced the suspension bridge (1862-1903) built by Andrew S. Hallidie, who later built the San Francisco cable car system.\n\nNote: The bridge is officially named the South Pine Street Bridge at Hallidie Crossing. Hallidie's patented structure collapsed two weeks after it opened, killing two men. The Gault bridge, similar to the one at Edwards Crossing was named for Nevada City Mayor Alexander Gault.\n\nLocated: S. Pine St at Deer Creek, Nevada City CA","Notes":"Note: The bridge is officially named the South Pine Street Bridge at Hallidie Crossing. Hallidie's patented structure collapsed two weeks after it opened, killing two men. The Gault bridge, similar to the one at Edwards Crossing (No. 128) was named for Nevada City Mayor Alexander Gault.","GoogleMap_URL":"https://google.com/maps/?daddr=39.2611,-121.0193","Secondary_Note":null,"GlobalID":"3c8df340-5c62-4017-b6c6-bab9eab2889d","CreationDate":1671141041876,"Creator":"lindseygordon","EditDate":1675704949251,"Editor":"CountyofNevada","official_image_url":"https://services1.arcgis.com/UvqJJ6GFv4u5BZQj/arcgis/rest/services/Historical_Landmarks_-_PUBLIC_VL/FeatureServer/1/121/attachments/121","official_story_map_url":"https://storymaps.arcgis.com/stories/c140a2e3c6bf4d979e4c554496522d88"}},{"type":"Feature","id":107,"geometry":{"type":"Point","coordinates":[-121.019599999949,39.2628999998282]},"properties":{"OBJECTID":107,"Name":"400 Broad Street","ENC":85,"Address":"400 Broad St, Nevada City","Area":"Nevada City","Area_List":"Nevada City","Longitude":-121.0196,"Latitude":39.2629,"Desc_":"Text of plaque: \"It was at this location on the afternoon of June 5, 1880 that a fire erupted in John White's upholstery shop. More than fifty buildings - including the nearby New York Hotel and most of the Chinese Quarter - were destroyed within an hour, but from the ashes of that conflagration a new business district emerged and York Street was created to ensure better downtown fire protection. Then, early in the 20th century, a doctor's office was established here. The longest-serving physician to occupy this corner was Bernard W. Hummelt, MD (1906 - 1998), who, between 1934 and his retirement in 1988, practiced internal medicine, orthopedics and general surgery. Over the course of his lengthy career he delivered over 1500 Nevada County babies. Dr. Hummelt was among the earliest physicians in the nation to administer penicillin and was instrumental in the founding of Sierra Nevada Memorial Hospital - where he served as its third Chief of Staff.\" Placed by the family of Bernard W. Hummelt, M.D. to honor the centennial of Dr. Hummelt's birth August 5, 1906 A remarkable life - an exemplary career.\n\nLocated: 400 Broad St., Nevada City CA","Notes":null,"GoogleMap_URL":"https://google.com/maps/?daddr=39.2629,-121.0196","Secondary_Note":null,"GlobalID":"397dcfa7-9fb5-4776-8009-e42e7428e8fd","CreationDate":1671141041876,"Creator":"lindseygordon","EditDate":1672342774201,"Editor":"lindseygordon","official_image_url":"https://services1.arcgis.com/UvqJJ6GFv4u5BZQj/arcgis/rest/services/Historical_Landmarks_-_PUBLIC_VL/FeatureServer/1/107/attachments/107","official_story_map_url":"https://storymaps.arcgis.com/stories/c140a2e3c6bf4d979e4c554496522d88"}},{"type":"Feature","id":250,"geometry":{"type":"Point","coordinates":[-121.021213400251,39.2659559999734]},"properties":{"OBJECTID":250,"Name":"Nevada City AME Church Site","ENC":231,"Address":"549 N. Pine St, Nevada City","Area":"Nevada City","Area_List":"Nevada City","Longitude":-121.0212134,"Latitude":39.265956,"Desc_":"Landmark registered June 14, 2022 by Nevada County, NEV 22-02. Plaque dedicated 2022 by the Nevada County Historical Landmarks Commission in cooperation with property owner Edward J. Hicks, the Nevada County Historical Society, Desmond Gallagher and Linda Jack: \"On this site in 1864, the African Methodist Episcopal Church was dedicated by Bishop T.M.D. Ward to serve Nevada City's Black community, many of whom lived nearby and had been attending services in Grass Valley at the AME church established there in 1854. The church's founders were Dennis Drummond Carter, Samuel Rodgers, Elijah Booth, John Hamilton, and James Jenkins. The original building was destroyed in a storm in 1865, but was soon rebuilt by the community. In addition to holding religious services, the church was a center for social, cultural, political and civil rights events, such as the \"festivals of freedom\" that commemorated the anniversary of the Emancipation Proclamation. The building also housed a \"Sabbath School\" established in 1867. The church was used until 1894, by which time the membership had dwindled and the property was sold and became a series of private residences. The proceeds from the sale of the property were returned to the AME Church.\"\n\nLocated: 549 N. Pine St, Nevada City CA","Notes":null,"GoogleMap_URL":"https://google.com/maps/?daddr=39.265956,-121.0212134","Secondary_Note":null,"GlobalID":"09fe1b9b-a2d3-4673-80b9-54cbce7318ed","CreationDate":1671141041876,"Creator":"lindseygordon","EditDate":1673038053042,"Editor":"lindseygordon","official_image_url":"https://services1.arcgis.com/UvqJJ6GFv4u5BZQj/arcgis/rest/services/Historical_Landmarks_-_PUBLIC_VL/FeatureServer/1/250/attachments/276","official_story_map_url":"https://storymaps.arcgis.com/stories/c140a2e3c6bf4d979e4c554496522d88"}},{"type":"Feature","id":58,"geometry":{"type":"Point","coordinates":[-121.063399999978,39.2169000001487]},"properties":{"OBJECTID":58,"Name":"Grass Valley Public Library (Josiah Royce Library)","ENC":50,"Address":"207 Mill St, Grass Valley","Area":"Grass Valley","Area_List":"Grass Valley","Longitude":-121.0634,"Latitude":39.2169,"Desc_":"Placed on the National Register 1992. There are four plaques.\nFirst plaque and fir tree dedicated 1931 by Native Daughters and Native Sons of the Golden West: 1854 - Himalayan Fir - 1916. Planted In Memory of Dr. Josiah Royce one of America's greatest scholars whose birthplace is the site of this Library.\n\nSecond plaque dedicated 1933 by the Harvard Club of San Francisco: 1855 - Josiah Royce - 1916. Born in Grass Valley Alumnus of the University of California. Renowned Harvard teacher and eminent American philosopher.\n\nThird plaque and maple tree dedicated behind library ca. 1955 by the Harvard Club of San Francisco: Royce Centennial, to the memory of Josiah Royce Born here on November 20,1855. This tree was planted by the Harvard Club of San Francisco Veritas.\n\nFourth plaque dedicated 1992 by the Friends of the Nevada County Libraries: Gift of Carnegie Corporation of New York. Dedicated August 4, 1916.\n\nNote: The fir tree is now gone. In 2003 the County Board of Supervisors named the library for the renowned philosopher, who had died in 1916, the year in which the Carnegie Library opened its doors.\n\nLocated: 207 Mill St, Grass Valley CA","Notes":"Note: The fir tree is now gone. In 2003 the County Board of Supervisors named the library for the renowned philosopher, who had died in 1916, the year in which the Carnegie Library opened its doors.","GoogleMap_URL":"https://google.com/maps/?daddr=39.2169,-121.0634","Secondary_Note":null,"GlobalID":"425183a3-1204-4d6a-b5e4-de3316454f62","CreationDate":1671141041876,"Creator":"lindseygordon","EditDate":1761925826469,"Editor":"lindseygordon","official_image_url":"https://services1.arcgis.com/UvqJJ6GFv4u5BZQj/arcgis/rest/services/Historical_Landmarks_-_PUBLIC_VL/FeatureServer/1/58/attachments/58","official_story_map_url":"https://storymaps.arcgis.com/stories/c140a2e3c6bf4d979e4c554496522d88"}},{"type":"Feature","id":130,"geometry":{"type":"Point","coordinates":[-121.016300000125,39.2619000000664]},"properties":{"OBJECTID":130,"Name":"Plaza Grocery","ENC":108,"Address":"101 Broad St, Nevada City","Area":"Nevada City","Area_List":"Nevada City","Longitude":-121.0163,"Latitude":39.2619,"Desc_":"Landmark registered 1974 by Nevada County, NEV 22. Plaque dedicated 1994 by Landmarks Commission: This store, opened in 1882 by Tom Shurtleff, contained the only water-powered elevator in Nevada County. Longest continuous operation of any Nevada City grocery until it closed in 1973.\n\nNote: Building was a boarding house from 1880 to 1882. Celio family bought it in 1910 and leased to Scheemers in 1928. John Sbaffi bought the business in 1949 and purchased the building in 1965. It was a grocery until 1973, when 'The Jacks' leased it for use as a restaurant. It has been used primarily as a bar or restaurant since.\n\nLocated: 101 Broad St, Nevada City CA","Notes":"Note: Building was a boarding house from 1880 to 1882. Celio family bought it in 1910 and leased to Scheemers in 1928. John Sbaffi bought the business in 1949 and purchased the building in 1965. It was a grocery until 1973, when 'The Jacks' leased it for use as a restaurant. It has been used primarily as a bar or restaurant since.","GoogleMap_URL":"https://google.com/maps/?daddr=39.2619,-121.0163","Secondary_Note":null,"GlobalID":"9f6dc68d-82ed-4dfd-99e4-308946e0bb15","CreationDate":1671141041876,"Creator":"lindseygordon","EditDate":1672348296916,"Editor":"lindseygordon","official_image_url":"https://services1.arcgis.com/UvqJJ6GFv4u5BZQj/arcgis/rest/services/Historical_Landmarks_-_PUBLIC_VL/FeatureServer/1/130/attachments/130","official_story_map_url":"https://storymaps.arcgis.com/stories/c140a2e3c6bf4d979e4c554496522d88"}},{"type":"Feature","id":81,"geometry":{"type":"Point","coordinates":[-121.02189999969,39.264799999785]},"properties":{"OBJECTID":81,"Name":"Nathaniel P. Brown House","ENC":69,"Address":"528 E Broad St NC","Area":"Nevada City","Area_List":"Nevada City","Longitude":-121.0219,"Latitude":39.2648,"Desc_":"Landmark registered 1996 by Nevada County, NEV 96-03. Description: Nathaniel P. Brown, founding owner of the Nevada Daily Transcript and early political figure in Nevada City, lived here from 1865 until 1909. He expanded the original cottage to its current size in the 1880s, allowing for frequent entertaining. The home was built in 1858 by Jesse S. Wall, an early settler and merchant. Nathaniel Brown came to Nevada City from Massachusetts in 1853 at the age of 18, following his friend Aaron Sargent. He was part owner of the weekly Nevada Journal from 1855 to 1859. In 1860, Brown founded the county's first daily, the Morning Transcript, and from then until 1904 was prominent in newspaper circles and a constant champion of mine owner's rights. The most famous resident of the house was opera diva Emma Nevada. While her father, Dr. W. W. Wixom, sought a new home for his family, Emma and her mother boarded here until 1864. Between the ages of 4 and 13 she resided at Austin, Nevada. Emma Wixom achieved great fame as a singer and took the stage name Nevada to honor the state in which she grew up and the county where she was born. She returned to Nevada City in 1902 and performed to a packed audience at the Nevada Theatre.\n\nLocated: 528 E. Broad St, Nevada City CA","Notes":null,"GoogleMap_URL":"https://google.com/maps/?daddr=39.2648,-121.0219","Secondary_Note":null,"GlobalID":"48dff501-1094-402f-9ac7-4b0df6eefc78","CreationDate":1671141041876,"Creator":"lindseygordon","EditDate":1673034943294,"Editor":"lindseygordon","official_image_url":"https://services1.arcgis.com/UvqJJ6GFv4u5BZQj/arcgis/rest/services/Historical_Landmarks_-_PUBLIC_VL/FeatureServer/1/81/attachments/81","official_story_map_url":"https://storymaps.arcgis.com/stories/c140a2e3c6bf4d979e4c554496522d88"}},{"type":"Feature","id":64,"geometry":{"type":"Point","coordinates":[-121.055400000215,39.2138000001305]},"properties":{"OBJECTID":64,"Name":"World War II & Korean War Memorial","ENC":54.2,"Address":"Memorial Park, corner of Race St and Colfax Ave, Grass Valley","Area":"Grass Valley","Area_List":"Grass Valley","Longitude":-121.0554,"Latitude":39.2138,"Desc_":"Plaque dedicated by Grass Valley Elks No. 538 and Frank Gallino Post No. 130 American Legion: World War II 1941-1946 Korean 1950-1955. To the men and women who made the supreme sacrifice for our country and her noble purpose, in memory of those who died that liberty might live.\n\nNote: Plaque is on a concrete monument that includes a flagpole and benches.\n\nLocated: Memorial Park, corner of Race St and Colfax Ave, Grass Valley CA","Notes":"Note: Plaque is on a concrete monument that includes a flagpole and benches.","GoogleMap_URL":"https://google.com/maps/?daddr=39.2138,-121.0554","Secondary_Note":null,"GlobalID":"d5239749-034a-4d5b-92ed-0c16367028fc","CreationDate":1671141041876,"Creator":"lindseygordon","EditDate":1672341315101,"Editor":"lindseygordon","official_image_url":"https://services1.arcgis.com/UvqJJ6GFv4u5BZQj/arcgis/rest/services/Historical_Landmarks_-_PUBLIC_VL/FeatureServer/1/64/attachments/64","official_story_map_url":"https://storymaps.arcgis.com/stories/c140a2e3c6bf4d979e4c554496522d88"}},{"type":"Feature","id":38,"geometry":{"type":"Point","coordinates":[-121.056699999874,39.2214999997774]},"properties":{"OBJECTID":38,"Name":"Shaar Zedek Grass Valley Jewish Cemetery","ENC":29,"Address":"Location: Second Street off Eureka Street, Grass Valley","Area":"Grass Valley","Area_List":"Grass Valley","Longitude":-121.0567,"Latitude":39.2215,"Desc_":"Landmark registered 2016 by Nevada County, NEV 16-03. Description: Shaar Zedek, or the Gate of Righteousness, was established in 1856. The first burial was in 1857 and the last in 1891. Thirty headstones are visible. The cemetery was restored around 50 years ago by the Commission for the Preservation of Pioneer Jewish Cemeteries and Landmarks. It is locked and fenced to protect against vandalism. Anyone desiring to visit the cemetery should apply to the Nevada County Jewish Community Center.\n\nLocated: Second St off Eureka St, Grass Valley CA","Notes":null,"GoogleMap_URL":"https://google.com/maps/?daddr=39.2215,-121.0567","Secondary_Note":null,"GlobalID":"1114afb1-59d0-45e5-a957-0f7ed7689aaa","CreationDate":1671141041876,"Creator":"lindseygordon","EditDate":1672340502688,"Editor":"lindseygordon","official_image_url":"https://services1.arcgis.com/UvqJJ6GFv4u5BZQj/arcgis/rest/services/Historical_Landmarks_-_PUBLIC_VL/FeatureServer/1/38/attachments/38","official_story_map_url":"https://storymaps.arcgis.com/stories/c140a2e3c6bf4d979e4c554496522d88"}},{"type":"Feature","id":87,"geometry":{"type":"Point","coordinates":[-121.018500000307,39.2638000000049]},"properties":{"OBJECTID":87,"Name":"Nevada County Court House","ENC":75,"Address":"201 Church St, on left side of entrance, Nevada City","Area":"Nevada City","Area_List":"Nevada City","Longitude":-121.0185,"Latitude":39.2638,"Desc_":"Plaque dedicated ca. 1937: Nevada County Courthouse History. Nevada County organized out of Yuba County May 11, 1851. Wooden court-house and log jail built on Broad Street in 1851. The first courthouse on this site was erected in 1856. The building was damaged by fire in July of the same year and rebuilt. Destroyed by fire in 1863 and rebuilt in 1864. Remodeled and enlarged in 1900. Modernized and enlarged 1936-37, George C. Sellon, Architect, Lindgren and Swinerton, Inc., Contractors, Robert Steger, Building Superintendent.\n\nLocated: 201 Church St, on left side of entrance, Nevada City CA","Notes":null,"GoogleMap_URL":"https://google.com/maps/?daddr=39.2638,-121.0185","Secondary_Note":null,"GlobalID":"1b3e18f7-1aa9-48a3-a030-420d16e4392b","CreationDate":1671141041876,"Creator":"lindseygordon","EditDate":1672342273138,"Editor":"lindseygordon","official_image_url":"https://services1.arcgis.com/UvqJJ6GFv4u5BZQj/arcgis/rest/services/Historical_Landmarks_-_PUBLIC_VL/FeatureServer/1/87/attachments/87","official_story_map_url":"https://storymaps.arcgis.com/stories/c140a2e3c6bf4d979e4c554496522d88"}},{"type":"Feature","id":101,"geometry":{"type":"Point","coordinates":[-121.017599999784,39.262499999827]},"properties":{"OBJECTID":101,"Name":"Calanan Park Monitor","ENC":81.3,"Address":"Calanan Park","Area":"Nevada City","Area_List":"Nevada City","Longitude":-121.0176,"Latitude":39.2625,"Desc_":"Plaque dedicated 1965 by Native Sons of the Golden West: Historic. The first hydraulic mining originated on American Hill near Nevada City, California in 1853. This miner's giant known as the monitor washed hillsides away under high pressure uncovering gold bearing gravel beds. This mining technique flourished profitably until 1884 when the Sawyer decision closed hydraulic mining. Rivers were being filled with mud and debris causing flooding of the rich farmlands below.\n\nNote: The Sawyer decision did not \"close\" hydraulic mining. It enjoined miners from discharging their debris into the South Yuba River or its tributaries. Hydraulic mining continued for those mines which were able to impound their debris, typically in a pond or behind a dam.\n\nLocated: Calanan Park, Nevada City CA","Notes":null,"GoogleMap_URL":"https://google.com/maps/?daddr=39.2625,-121.0176","Secondary_Note":null,"GlobalID":"7c481763-1947-43b3-ab49-787147745ff6","CreationDate":1671141041876,"Creator":"lindseygordon","EditDate":1761927347804,"Editor":"lindseygordon","official_image_url":"https://services1.arcgis.com/UvqJJ6GFv4u5BZQj/arcgis/rest/services/Historical_Landmarks_-_PUBLIC_VL/FeatureServer/1/101/attachments/101","official_story_map_url":"https://storymaps.arcgis.com/stories/c140a2e3c6bf4d979e4c554496522d88"}},{"type":"Feature","id":256,"geometry":{"type":"Point","coordinates":[-121.024167116,39.2629622640001]},"properties":{"OBJECTID":256,"Name":"Jennie and Dennis Drummond Carter Homesite","ENC":234,"Address":"City parklet across from 302 Drummond St at intersection with American Hill Rd, Nevada City","Area":"Nevada City","Area_List":"Nevada City","Longitude":-121.0241673,"Latitude":39.262962,"Desc_":"Landmark registered 2023 by Nevada County, NEV 23-03. Plaque dedicated 2024 by the Landmarks Commission: \"Jennie Correll Carter and Dennis Drummond Carter, prominent Black pioneers, married in Nevada City in 1866.  From 1867 to 1873 they lived across Drummond Street from this plaque. Dennis Carter had bought the property years earlier and Drummond Street is believed to have been named after his mother's family.  The couple later moved to what is now Grove Street. Dennis Carter was an accomplished musician, music teacher and civil rights advocate. Jennie Carter was an accomplished writer and journalist who was the local correspondent for The Elevator, a San Francisco newspaper serving the Black community in northern California. Jennie Carter died in 1881 and is buried in Pine Grove Cemetery. Dennis Carter died in 1894 and is likely buried in the adjacent unmarked grave.\"\r\n\r\nLocated: City parklet across from 302 Drummond St at intersection with American Hill Rd, Nevada City","Notes":null,"GoogleMap_URL":"https://google.com/maps/?daddr=39.262962,-121.0241673","Secondary_Note":null,"GlobalID":"7cdc6465-a9ed-467e-babc-7a3abd4f6090","CreationDate":1762193878461,"Creator":"lindseygordon","EditDate":1762194006106,"Editor":"lindseygordon","official_image_url":"https://services1.arcgis.com/UvqJJ6GFv4u5BZQj/arcgis/rest/services/Historical_Landmarks_-_PUBLIC_VL/FeatureServer/1/256/attachments/286","official_story_map_url":"https://storymaps.arcgis.com/stories/c140a2e3c6bf4d979e4c554496522d88"}},{"type":"Feature","id":44,"geometry":{"type":"Point","coordinates":[-121.063100000403,39.2186000000836]},"properties":{"OBJECTID":44,"Name":"Grass Valley Hardware","ENC":35,"Address":"114 and 116 Mill St, Grass Valley","Area":"Grass Valley","Area_List":"Grass Valley","Longitude":-121.0631,"Latitude":39.2186,"Desc_":"Plaque dedicated 1969 by Native Daughters and Native Sons of the Golden West: Through the years of prospecting hydraulic and hardrock mining this hardware business, one of California's oldest, has served the community. In continuous operation at this site since 1854.\n\nLocated: 114 and 116 Mill St, Grass Valley CA","Notes":null,"GoogleMap_URL":"https://google.com/maps/?daddr=39.2186,-121.0631","Secondary_Note":null,"GlobalID":"850dc3c7-b190-4dbf-8569-6fbf9c9f4dad","CreationDate":1671141041876,"Creator":"lindseygordon","EditDate":1673034943060,"Editor":"lindseygordon","official_image_url":"https://services1.arcgis.com/UvqJJ6GFv4u5BZQj/arcgis/rest/services/Historical_Landmarks_-_PUBLIC_VL/FeatureServer/1/44/attachments/44","official_story_map_url":"https://storymaps.arcgis.com/stories/c140a2e3c6bf4d979e4c554496522d88"}},{"type":"Feature","id":50,"geometry":{"type":"Point","coordinates":[-121.069300000017,39.2163000000056]},"properties":{"OBJECTID":50,"Name":"Bell Hill School Bell","ENC":42,"Address":"Bell Hill School, 342 S. School St, Grass Valley","Area":"Grass Valley","Area_List":"Grass Valley","Longitude":-121.0693,"Latitude":39.2163,"Desc_":"Plaque dedicated 1985 by Native Sons of the Golden West: The Bell Hill School Bell 1877. This school bell is lovingly dedicated to the children and teachers of the Grass Valley School District who daily answered its melodious tone. The bell was cast at the Buckeye Bell Foundry in Cincinnati by Vanduzen and Tift, and the rotary yoke was patented in 1868. The bell was placed in this beautiful monument by Harold J. Perry, a member of the Grass Valley Host Lions Club. Dedicated March 30,1985 as a part of the 100th Anniversary Celebration of Quartz Parlor No. 58.\n\nLocated: Bell Hill School, 342 S. School St, Grass Valley CA","Notes":null,"GoogleMap_URL":"https://google.com/maps/?daddr=39.2163,-121.0693","Secondary_Note":null,"GlobalID":"e9283e72-8da0-4b54-bfea-f7ca507fcda3","CreationDate":1671141041876,"Creator":"lindseygordon","EditDate":1672340908270,"Editor":"lindseygordon","official_image_url":"https://services1.arcgis.com/UvqJJ6GFv4u5BZQj/arcgis/rest/services/Historical_Landmarks_-_PUBLIC_VL/FeatureServer/1/50/attachments/50","official_story_map_url":"https://storymaps.arcgis.com/stories/c140a2e3c6bf4d979e4c554496522d88"}},{"type":"Feature","id":24,"geometry":{"type":"Point","coordinates":[-120.955099999555,39.1382999996711]},"properties":{"OBJECTID":24,"Name":"Rollins Dam and Reservoir","ENC":18.2,"Address":"Larsen Rd about 1000 ft from Orchard Springs access road to Rollins Lake, Chicago Park","Area":"South County","Area_List":"South County","Longitude":-120.9551,"Latitude":39.1383,"Desc_":"Two plaques dedicated 1966 by Nevada Irrigation District:\n\n\"Nevada Irrigation District, Yuba-Bear River Development, Rollins Dam & Reservoir Completed 1965.\"\n\n\"To all those individuals and agencies whose foresight, labors and support made possible the construction of this project and the benefits the entire region derives from its features.\"\n\nLocated: Larsen Rd about 1000 ft from Orchard Springs access road to Rollins Lake, Chicago Park","Notes":null,"GoogleMap_URL":"https://google.com/maps/?daddr=39.1383,-120.9551","Secondary_Note":null,"GlobalID":"5b16c78d-2ef0-4012-9855-2b04c8086a37","CreationDate":1671141041876,"Creator":"lindseygordon","EditDate":1672340108643,"Editor":"lindseygordon","official_image_url":"https://services1.arcgis.com/UvqJJ6GFv4u5BZQj/arcgis/rest/services/Historical_Landmarks_-_PUBLIC_VL/FeatureServer/1/24/attachments/24","official_story_map_url":"https://storymaps.arcgis.com/stories/c140a2e3c6bf4d979e4c554496522d88"}},{"type":"Feature","id":47,"geometry":{"type":"Point","coordinates":[-121.063699999554,39.2175999998669]},"properties":{"OBJECTID":47,"Name":"Woman's Christian Temperance Union","ENC":38,"Address":"North side of Neal St between Mill and S. Church Sts, Grass Valley","Area":"Grass Valley","Area_List":"Grass Valley","Longitude":-121.0637,"Latitude":39.2176,"Desc_":"First plaque placed 1926 by Native Daughters of the Golden West: Commemorating the first Woman's Christian Temperance Union in California organized in Grass Valley March 25, 1874.\n\nRededicated and second plaque placed 2014: Originally placed near the corner of Neal and South Church Streets near the site of the old Congregational Church and the Women's Improvement Club building.\n\nNote: In 1972, the Congregational Church building was demolished to make way for a bank building. The first plaque was removed and stored in the nearby Methodist Church. In 2014, it was rededicated by the Manzanita Parlor of the Native Daughters at its present location on a monument constructed from petrified wood.\n\nLocated: North side of Neal St bewteen Mill and S. Church Sts, Grass Valley CA","Notes":"Note: In 1972, the Congregational Church building was demolished to make way for a bank building. The first plaque was removed and stored in the nearby Methodist Church. In 2014, it was rededicated by the Manzanita Parlor of the Native Daughters at its present location on a monument constructed from petrified wood.","GoogleMap_URL":"https://google.com/maps/?daddr=39.2176,-121.0637","Secondary_Note":null,"GlobalID":"fdd2b6ad-c269-489a-a378-476a157597cc","CreationDate":1671141041876,"Creator":"lindseygordon","EditDate":1672340715654,"Editor":"lindseygordon","official_image_url":"https://services1.arcgis.com/UvqJJ6GFv4u5BZQj/arcgis/rest/services/Historical_Landmarks_-_PUBLIC_VL/FeatureServer/1/47/attachments/47","official_story_map_url":"https://storymaps.arcgis.com/stories/c140a2e3c6bf4d979e4c554496522d88"}},{"type":"Feature","id":70,"geometry":{"type":"Point","coordinates":[-121.036599999559,39.2326999998988]},"properties":{"OBJECTID":70,"Name":"The Union Newspaper","ENC":58,"Address":"11464 Sutton Way, Grass Valley, in the Glenbrook Basin","Area":"Glenbrook ","Area_List":"Glenbrook","Longitude":-121.0366,"Latitude":39.2327,"Desc_":"Landmark registered in 1972 by Nevada County, NEV 13. First plaque dedicated 1964 by Chap 10 E Clampus Vitus: Of the many historic newspapers started in the Northern Mines of the great Mother Lode during the famous gold rush era, only The Union of Grass Valley and Nevada City emerged a successful daily published for 100 years. Born in critical times‚ Civil War and presidential election‚ The Union has ever strived for unity and has evolved an independent voice supporting man and measure over partisanship. The Union is only the seventh daily newspaper in California to celebrate its Centennial under the original name. Centennial Date, October 28, 1964.\n\nFirst plaque dedicated when The Union newspaper was located on Mill Street, Grass Valley and moved with the newspaper to Sutton Way in December 1978. Second plaque dedicated 2014 by Chap 10 E Clampus Vitus: \"In recognition of the Union's 150 years of bringing truth to light and connecting the communities of Nevada County.\"\n\nLocated: 1144 Sutton Way, Grass Valley CA","Notes":null,"GoogleMap_URL":"https://google.com/maps/?daddr=39.2327,-121.0366","Secondary_Note":null,"GlobalID":"977ae774-4780-4d22-a403-c9076e421ac7","CreationDate":1671141041876,"Creator":"lindseygordon","EditDate":1761926892874,"Editor":"lindseygordon","official_image_url":"https://services1.arcgis.com/UvqJJ6GFv4u5BZQj/arcgis/rest/services/Historical_Landmarks_-_PUBLIC_VL/FeatureServer/1/70/attachments/70","official_story_map_url":"https://storymaps.arcgis.com/stories/c140a2e3c6bf4d979e4c554496522d88"}},{"type":"Feature","id":141,"geometry":{"type":"Point","coordinates":[-121.02249999974,39.2755999999432]},"properties":{"OBJECTID":141,"Name":"Pioneer Emigrant Trail (I)","ENC":119,"Address":"On Airport Rd about 100 feet from junction with Lake Vera Rd, Nevada City","Area":"North San Juan","Area_List":"North San Juan","Longitude":-121.0225,"Latitude":39.2756,"Desc_":"Plaque dedicated 1936 by Native Sons of the Golden West: A branch of the Pioneer Emigrant Trail leading from Truckee Pass to the gold mines of Nevada County and to the Valley of the Sacramento divided on Harmony Ridge near the site of Lone Grave. One route circled the north horizon to Blue Tent, down to Selby Flat, up through this gap and on south.\n\nLocated: On Airport Rd about 100 ft. from junction with Lake Vera Rd, Nevada City CA.","Notes":"Note: See also Nos. 15, 118, 144, and 165.","GoogleMap_URL":"https://google.com/maps/?daddr=39.2756,-121.0225","Secondary_Note":null,"GlobalID":"cc80e76d-6f58-4962-a938-ae57d05f24f5","CreationDate":1671141041876,"Creator":"lindseygordon","EditDate":1672348713189,"Editor":"lindseygordon","official_image_url":"https://services1.arcgis.com/UvqJJ6GFv4u5BZQj/arcgis/rest/services/Historical_Landmarks_-_PUBLIC_VL/FeatureServer/1/141/attachments/141","official_story_map_url":"https://storymaps.arcgis.com/stories/c140a2e3c6bf4d979e4c554496522d88"}},{"type":"Feature","id":93,"geometry":{"type":"Point","coordinates":[-121.016900000175,39.2628999998282]},"properties":{"OBJECTID":93,"Name":"South Yuba Canal Office","ENC":80.1,"Address":"Robinson Plaza","Area":"Nevada City","Area_List":"Nevada City","Longitude":-121.0169,"Latitude":39.2629,"Desc_":"Landmark registered 1970 by State of California and plaque dedicated in cooperation with Landmarks Commission and California Heritage Council, CHL 832: Headquarters for the largest network of water flumes and ditches in the state. The South Yuba Canal Water Company was the first incorporated to supply water for hydraulic mining. The original ditch was in use in May, 1850, and this company office was in use from 1857 to 1880. The holdings later became the vast P.G. & E. hydro-electric system.\n\nSecond plaque dedicated 1987 by Native Sons of the Golden West: US Constitution 1787 Bicentennial 1987 Nevada City, a Bicentennial Community.\n\nThe plaques are mounted on adjacent brick buildings. The one on the left originally was the Potter Building and the other began life as the City Drugstore, Both survived the great fire of 1856 and are two of the oldest in Nevada City. The South Yuba Canal Water Company did not occupy the building until 1861.\n\nLocated: Robinson Plaza, Nevada City CA","Notes":"The plaques are mounted on adjacent brick buildings. The one on the left originally was the Potter Building and the other began life as the City Drugstore, Both survived the great fire of 1856 and are two of the oldest in Nevada City. The South Yuba Canal Water Company did not occupy the building until 1861.","GoogleMap_URL":"https://google.com/maps/?daddr=39.2629,-121.0169","Secondary_Note":null,"GlobalID":"9380992f-f8d0-4807-8363-11acf1d0bff1","CreationDate":1671141041876,"Creator":"lindseygordon","EditDate":1674665708992,"Editor":"lindseygordon","official_image_url":"https://services1.arcgis.com/UvqJJ6GFv4u5BZQj/arcgis/rest/services/Historical_Landmarks_-_PUBLIC_VL/FeatureServer/1/93/attachments/93","official_story_map_url":"https://storymaps.arcgis.com/stories/c140a2e3c6bf4d979e4c554496522d88"}},{"type":"Feature","id":233,"geometry":{"type":"Point","coordinates":[-121.044800000237,39.2232999997322]},"properties":{"OBJECTID":233,"Name":"Eureka-Idaho-Maryland Vein","ENC":211,"Address":"Idaho Maryland Rd about 500 ft. west of Centennial Dr, Grass Valley","Area":"Glenbrook","Area_List":"Glenbrook","Longitude":-121.0448,"Latitude":39.2233,"Desc_":"Plaque dedicated 2019 by Native Sons of the Golden West: \"The Eureka-Idaho-Maryland vein was discovered as a quartz outcropping in 1851. It was worked  successfully by William Watt as the Eureka Mine and later by John and Edward Coleman as the Idaho Mine. In 1893 Samuel P. Dorsey consolidated earlier operations into the Idaho Maryland Mine. After acquiring the mine in 1926, Errol MacBoyle expanded the Idaho Maryland by incorporating the Union Hill Mine and other surrounding claims. Later he incorporated the nearby Brunswick Mine into his operations as well and adopted sophisticated refining equipment. MacBoyle achieved spectacular success and employed more than 1,000 men during the Great Depression of the 1930s. By making the Idaho Maryland one of America's richest gold producers, he set an example for others and the region boomed. Using equipment designed by John B. Newsom, the mine developed a revolutionary method of shaft sinking and in 1936 completed the 1,125-foot Round Hole shaft. Due to rising costs and expanding regulations the Idaho Maryland mine was unable to keep up with their depleting funds and were eventually ordered to close by the State of California in December of 1956.\"\n\nLocated: Idaho Maryland Rd, about 500' west of Centennial Dr., Grass Valley CA","Notes":null,"GoogleMap_URL":"https://google.com/maps/?daddr=39.2233,-121.0448","Secondary_Note":null,"GlobalID":"cdf8ca1d-a66c-4280-b2af-705298d767e9","CreationDate":1671141041876,"Creator":"lindseygordon","EditDate":1672352484404,"Editor":"lindseygordon","official_image_url":"https://services1.arcgis.com/UvqJJ6GFv4u5BZQj/arcgis/rest/services/Historical_Landmarks_-_PUBLIC_VL/FeatureServer/1/233/attachments/232","official_story_map_url":"https://storymaps.arcgis.com/stories/c140a2e3c6bf4d979e4c554496522d88"}},{"type":"Feature","id":30,"geometry":{"type":"Point","coordinates":[-121.075499999632,39.2239999996598]},"properties":{"OBJECTID":30,"Name":"Veterans Memorial Flagstaffs, Grass Valley","ENC":21,"Address":"Entrances to Greenwood and Catholic Cemeteries, W. Main St, and New Elm Ridge Cemetery,  Kidder Ave, Grass Valley\n","Area":"Grass Valley","Area_List":"Grass Valley","Longitude":-121.0755,"Latitude":39.224,"Desc_":"Plaques and flagstaffs dedicated 1954 by Post 130, American Legion Auxiliary: Lest We Forget. This memorial flagstaff dedicated in eternal memory of those war veterans resting within the portals of this cemetery who served in the wars of our nation and those who gave their lives defending America's eternal freedoms.\n\nLocated: Entrances to Greenwood and Catholic Cemeteries, W. Main St, and New Elm Ridge Cemetary, Kidder Ave, Grass Valley CA","Notes":null,"GoogleMap_URL":"https://google.com/maps/?daddr=39.224,-121.0755","Secondary_Note":null,"GlobalID":"a9fa74aa-6753-4a06-9f7b-6ffe76a6e748","CreationDate":1671141041876,"Creator":"lindseygordon","EditDate":1673034942981,"Editor":"lindseygordon","official_image_url":"https://services1.arcgis.com/UvqJJ6GFv4u5BZQj/arcgis/rest/services/Historical_Landmarks_-_PUBLIC_VL/FeatureServer/1/30/attachments/30","official_story_map_url":"https://storymaps.arcgis.com/stories/c140a2e3c6bf4d979e4c554496522d88"}},{"type":"Feature","id":270,"geometry":{"type":"Point","coordinates":[-121.022083558,39.262204852]},"properties":{"OBJECTID":270,"Name":"Nevada City Substation","ENC":247,"Address":"505 Factory St, Nevada City","Area":"Nevada City","Area_List":"Nevada City","Longitude":-121.0220849,"Latitude":39.262206,"Desc_":"Landmark registered 2025 by Nevada County, NEV 25-06. Description: The Rome Power House, the first hydroelectric generating plant built on the South Yuba River, began operating in 1896 and generated power at 5500 volts. Shortly thereafter, the Substation was constructed. The power from the Power House was transmitted across an 8 mile long pole line to the Substation, where it was \"stepped down\" or reduced to 1000 volts for distribution to Nevada City homes, mines and businesses. The Substation was an essential part of the infrastructure which brought electricity to the area. The Power House founders merged their California Gas and Electric Co. with the San Francisco Gas and Electric Co. to create the Pacific Gas and Electric Co. in 1905. The Substation passed into private use about 50 years ago and the interior has undergone a major renovation.\r\n\r\nSee No. 233\r\n\r\nLocated: 505 Factory St, Nevada City","Notes":null,"GoogleMap_URL":"https://google.com/maps/?daddr=39.262206,-121.0220849","Secondary_Note":null,"GlobalID":"8cf5f703-e460-464c-8806-692187364813","CreationDate":1762198124068,"Creator":"lindseygordon","EditDate":1762198190617,"Editor":"lindseygordon","official_image_url":"https://services1.arcgis.com/UvqJJ6GFv4u5BZQj/arcgis/rest/services/Historical_Landmarks_-_PUBLIC_VL/FeatureServer/1/270/attachments/299","official_story_map_url":"https://storymaps.arcgis.com/stories/c140a2e3c6bf4d979e4c554496522d88"}},{"type":"Feature","id":224,"geometry":{"type":"Point","coordinates":[-121.019714395,39.2634603060001]},"properties":{"OBJECTID":224,"Name":"Chinese Quarter Nevada City Site","ENC":202,"Address":"City parking lot on Commercial St, west of York St, Nevada City","Area":"Nevada City","Area_List":"Nevada City","Longitude":-121.0198,"Latitude":39.2637,"Desc_":"Plaque dedicated 2005 by Nevada City, Nevada City Chinese Quarter Society, Nevada County Arts Council and USDA Forest Service. Text of plaque: \"To honor the Chinese pioneers of Nevada County whose footprints remain forever embedded in the Sierra landscape.\"\n\nNote: In the second half of the 19th century, Nevada City had a well-established Chinese Quarter along Commercial St. from Pine St. to the top of Broad St. The Quarter included numerous businesses, such as grocers, doctors and barbers, as well as a temple, brothels, gambling halls and opium houses. In the parking lot area around this monument were located a slaughter yard, vegetable gardens and a temple. After much of the Quarter burned down in 1880, the City ordered all Chinese to leave Nevada City within 60 days. A new Chinatown was established outside Nevada City but gradually Chinese businesses reestablished themselves in the old Quarter. Several buildings dating from that Quarter can be seen in the 300 block of Commercial St.\n\nLocated: City parking lot on Commercial St, west of York St, Nevada City CA","Notes":"Note: In the second half of the 19th century, Nevada City had a well-established Chinese Quarter along Commercial St. from Pine St. to the top of Broad St. The Quarter included numerous businesses, such as grocers, doctors and barbers, as well as a temple, brothels, gambling halls and opium houses. In the parking lot area around this monument were located a slaughter yard, vegetable gardens and a temple. After much of the Quarter burned down in 1880, the City ordered all Chinese to leave Nevada City within 60 days. A new Chinatown was established outside Nevada City but gradually Chinese businesses reestablished themselves in the old Quarter. Several buildings dating from that Quarter can be seen in the 300 block of Commercial St.","GoogleMap_URL":"https://google.com/maps/?daddr=39.2637,-121.0198","Secondary_Note":"Note: In the second half of the 19th century, Nevada City had a well-established Chinese Quarter along Commercial St. from South Pine St. to the top of Broad St. The Quarter included numerous businesses, such as grocers, doctors and barbers, as well as a temple, brothels, gambling halls and opium houses. In the parking lot area around this monument were located a slaughter yard, vegetable gardens and a temple. After much of the Quarter burned down in 1880, the City ordered all Chinese to leave Nevada City within 60 days. A new Chinatown was established outside Nevada City but gradually Chinese businesses reestablished themselves in the old Quarter. Several buildings dating from that Quarter can be seen in the 200 block of Commercial St.","GlobalID":"a49a0d84-80bb-4209-a489-0497e599f341","CreationDate":1671141041876,"Creator":"lindseygordon","EditDate":1673280668699,"Editor":"lindseygordon","official_image_url":"https://services1.arcgis.com/UvqJJ6GFv4u5BZQj/arcgis/rest/services/Historical_Landmarks_-_PUBLIC_VL/FeatureServer/1/224/attachments/223","official_story_map_url":"https://storymaps.arcgis.com/stories/c140a2e3c6bf4d979e4c554496522d88"}},{"type":"Feature","id":124,"geometry":{"type":"Point","coordinates":[-121.019900000423,39.2576999998376]},"properties":{"OBJECTID":124,"Name":"Weiss-Hieronimus Brewery Cellar","ENC":102,"Address":"422 Searls Ave, Nevada City","Area":"Nevada City","Area_List":"Nevada City","Longitude":-121.0199,"Latitude":39.2577,"Desc_":"Plaque placed 2006 by the Connor family: The Weiss-Hieronimus Brewery Cellar. Beginning in the early 1860s and continuing until Prohibition, the lower portion of this building was the storeroom for keg beer produced first by Emille (sic) Weiss for the Weiss Brewery then by Simon Hieronimus for the Hieronimus Brewery–later known as the Nevada Brewery. As the brewery business grew, Mr. Hieronimus established a bottling plant and stable on property across the street from this building. But keg beer continued to be stored here. A fire in the summer of 1896 destroyed the original house and severely damaged the cellar. But the Nevada Brewery emerged bigger and better than ever. It was at that time that the cellar was enlarged to its present size, a ventilation system installed and refrigeration added. In 2004 the property was acquired by Jesse and Kay Connor, who carefully restored the old brewery cellar and home. This plaque has been placed to honor the legacy of both the Weiss and Hieronimus families and to remind people that the best lager beer in Nevada County was once produced here.\n\nNote: Messrs Weiss and Hieronimus were each born in France. Weiss arrived in Nevada City in 1850 and immediately opened a brewery. Hieronimus arrived in Nevada City in 1876, then operated a brewery in North Bloomfield before taking over this brewery. A wagon Hieronimus used to haul his beer can be seen at the Railroad and Transportation Museum, No 60.\n\nLocated: 422 Searls Ave, Nevada City CA","Notes":"Note: Messrs Weiss and Hieronimus were each born in France. Weiss arrived in Nevada City in 1850 and immediately opened a brewery. Hieronimus arrived in Nevada City in 1876, then operated a brewery in North Bloomfield before taking over this brewery. See No. 109. A wagon Hieronimus used to haul his beer can be seen at the Railroad and Transportation Museum, No 60.","GoogleMap_URL":"https://google.com/maps/?daddr=39.2577,-121.0199","Secondary_Note":null,"GlobalID":"0a102c37-eb9c-4c7d-95a0-aa11bff8a187","CreationDate":1671141041876,"Creator":"lindseygordon","EditDate":1673281146683,"Editor":"lindseygordon","official_image_url":"https://services1.arcgis.com/UvqJJ6GFv4u5BZQj/arcgis/rest/services/Historical_Landmarks_-_PUBLIC_VL/FeatureServer/1/124/attachments/124","official_story_map_url":"https://storymaps.arcgis.com/stories/c140a2e3c6bf4d979e4c554496522d88"}},{"type":"Feature","id":84,"geometry":{"type":"Point","coordinates":[-121.018700000324,39.2656999999076]},"properties":{"OBJECTID":84,"Name":"Baruh House","ENC":72,"Address":"516 Main St NC","Area":"Nevada City","Area_List":"Nevada City","Longitude":-121.0187,"Latitude":39.2657,"Desc_":"Landmark registered 1975 by Nevada County, NEV 24. Plaque dedicated 1975 by Native Sons and Native Daughters of the Golden West: The Baruh Home Built 1852. This site and home of two rooms was bought in 1866 by Mr. and Mrs. A. Baruh, grandparents of Mrs. Lucille Sherwood. Mrs. Clara Baruh Quigley, a charter member of Laurel Parlor No. 6, Native Daughters of the Golden West. Mr. Joseph Baruh, son, charter member of Hydraulic Parlor No. 56, Native Sons of the Golden West. Other family members: daughters Jenny Baruh Zellerbach, Rebecca Baruh Gabriel, sons Moses, Marcus and David. Mr. Aaron Baruh was a businessman operating a grocery store on Commercial Street, receiving gold dust for the commodities in the gold rush area. Later he operated a saloon and was very active in the early settlement of Nevada City.\n\nNote: Originally built by Jacob Kohlman as a two-room cottage, it was expanded in 1866 by Aaron Baruh. Baruh and Kohlman were leaders of the pioneer Jewish community in Nevada County.\n\nLocated: 516 Main St, Nevada City CA","Notes":"Note: Originally built by Jacob Kohlman as a two-room cottage, it was expanded in 1866 by Aaron Baruh. Baruh and Kohlman were leaders of the pioneer Jewish community in Nevada County.","GoogleMap_URL":"https://google.com/maps/?daddr=39.2657,-121.0187","Secondary_Note":null,"GlobalID":"c9c3bd53-ef87-49e1-a5f8-e758a108d5b1","CreationDate":1671141041876,"Creator":"lindseygordon","EditDate":1674665511715,"Editor":"lindseygordon","official_image_url":"https://services1.arcgis.com/UvqJJ6GFv4u5BZQj/arcgis/rest/services/Historical_Landmarks_-_PUBLIC_VL/FeatureServer/1/84/attachments/84","official_story_map_url":"https://storymaps.arcgis.com/stories/c140a2e3c6bf4d979e4c554496522d88"}},{"type":"Feature","id":110,"geometry":{"type":"Point","coordinates":[-121.019596318,39.2646281840001]},"properties":{"OBJECTID":110,"Name":"Lindeboom Memorial","ENC":88,"Address":"415 N Pine St Nevada City","Area":"Nevada City","Area_List":"Nevada City","Longitude":-121.0215,"Latitude":39.2639,"Desc_":"Plaque dedicated 1986 by Veterans of Foreign Wars Post 2655: Dedicated to the memory of Tina Lindeboom, March 1911 – February 1984. With gratitude and appreciation of the American people for gallant service in assisting Allied soldiers escape from the enemy W.W. II 1939-1945.\n\nLocated: 415 N. Pine St, Nevada City CA","Notes":null,"GoogleMap_URL":"https://google.com/maps/?daddr=39.2639,-121.0215","Secondary_Note":null,"GlobalID":"1b4b914b-cddc-4e52-aa09-a2e4f08834f5","CreationDate":1671141041876,"Creator":"lindseygordon","EditDate":1673281009413,"Editor":"lindseygordon","official_image_url":"https://services1.arcgis.com/UvqJJ6GFv4u5BZQj/arcgis/rest/services/Historical_Landmarks_-_PUBLIC_VL/FeatureServer/1/110/attachments/110","official_story_map_url":"https://storymaps.arcgis.com/stories/c140a2e3c6bf4d979e4c554496522d88"}},{"type":"Feature","id":133,"geometry":{"type":"Point","coordinates":[-121.015655999695,39.2611999998826]},"properties":{"OBJECTID":133,"Name":"The Red Castle","ENC":111,"Address":"109 Prospect St, Nevada Cit","Area":"Nevada City","Area_List":"Nevada City","Longitude":-121.015656,"Latitude":39.2612,"Desc_":"Landmark registered 1971 by Nevada County, NEV 02. Plaque dedicated 1971 by the Native Daughters and Native Sons of the Golden West: Nevada City's earliest surviving brick home, built in 1860 by Judge John Williams, mine owner, businessman and civic leader, who with his family, crossed the plains in 1849. Near ruin, this house was restored by James Wade Schaar in 1963. The Red Castle stands today as a proud reminder of the part the Argonauts played in the Heritage of California.\n\nLocated: 109 Prospect St, Nevada City CA","Notes":null,"GoogleMap_URL":"https://google.com/maps/?daddr=39.2612,-121.015656","Secondary_Note":null,"GlobalID":"1807aa44-6a00-42d5-aefb-8cf81959fd8d","CreationDate":1671141041876,"Creator":"lindseygordon","EditDate":1672348486029,"Editor":"lindseygordon","official_image_url":"https://services1.arcgis.com/UvqJJ6GFv4u5BZQj/arcgis/rest/services/Historical_Landmarks_-_PUBLIC_VL/FeatureServer/1/133/attachments/133","official_story_map_url":"https://storymaps.arcgis.com/stories/c140a2e3c6bf4d979e4c554496522d88"}},{"type":"Feature","id":61,"geometry":{"type":"Point","coordinates":[-121.06099999978,39.2131999999447]},"properties":{"OBJECTID":61,"Name":"Reliance Hose Company No. 3","ENC":53,"Address":"Race St near S. Auburn St, Grass Valley","Area":"Grass Valley","Area_List":"Grass Valley","Longitude":-121.061,"Latitude":39.2132,"Desc_":"Plaque dedicated 1988 by Native Daughters of the Golden West: This Building, Housing Reliance Hose Company No. 3 since 1891, is hereby marked for preservation, thus honoring The Volunteer Fire Department of Grass Valley March 26, 1988 100th Anniversary of Manzanita Parlor #29, Native Daughters of the Golden West.\n\nNote: Marion Leech Conway's memoirs indicate the building was dedicated in December 1911, after housing the company for twenty years. \"The doors of Reliance No. 3 have had the latch string out in welcome greeting to all when the word went out the Reliance would entertain its friends.\"\n\nLocated: Race St near S. Auburn St, Grass Valley","Notes":"Note: Marion Leech Conway's memoirs indicate the building was dedicated in December 1911, after housing the company for twenty years. \"The doors of Reliance No. 3 have had the latch string out in welcome greeting to all when the word went out the Reliance would entertain its friends.\"","GoogleMap_URL":"https://google.com/maps/?daddr=39.2132,-121.061","Secondary_Note":null,"GlobalID":"119f16fb-8c99-49a1-97d7-a3e5e6659e16","CreationDate":1671141041876,"Creator":"lindseygordon","EditDate":1672341315086,"Editor":"lindseygordon","official_image_url":"https://services1.arcgis.com/UvqJJ6GFv4u5BZQj/arcgis/rest/services/Historical_Landmarks_-_PUBLIC_VL/FeatureServer/1/61/attachments/61","official_story_map_url":"https://storymaps.arcgis.com/stories/c140a2e3c6bf4d979e4c554496522d88"}},{"type":"Feature","id":41,"geometry":{"type":"Point","coordinates":[-121.061799999846,39.2184000003446]},"properties":{"OBJECTID":41,"Name":"The Old Post Office","ENC":32,"Address":"131 S. Auburn St, Grass Valley","Area":"Grass Valley","Area_List":"Grass Valley","Longitude":-121.0618,"Latitude":39.2184,"Desc_":"Plaque dedicated 2015 by Native Sons of the Golden West: This building Is known as the Old Post Office. It was built in 1914 by the United States Government as the Grass Valley Post Office. From 1914 until 1984 the Post Office functioned for mail, package and gold shipments from the many mines in the area. After the Post Office moved to East Main Street the building operated as an Insurance Agency in the 1980's and as professional offices since October 1989.\n\nNote: Plaque was dedicated in memory of Nevada County pioneer United States Senators Aaron Augustus Sargent (1873-1879) and William Morris Stewart (1865-1875 and 1887-1905). Sen. Sargent's homestead is landmark No. 88. Sen. Stewart's home is landmark No. 100.\n\nLocated: 131 S. Auburn St, Grass Valley CA","Notes":"Note: Plaque was dedicated in memory of Nevada County pioneer United States Senators Aaron Augustus Sargent (1873-1879) and William Morris Stewart (1865-1875 and 1887-1905). Sen. Sargent\"s homestead is No. 88. Sen. Stewart's home is No. 100.","GoogleMap_URL":"https://google.com/maps/?daddr=39.2184,-121.0618","Secondary_Note":null,"GlobalID":"d881b6dc-e4a7-442f-9884-7080b61c50b8","CreationDate":1671141041876,"Creator":"lindseygordon","EditDate":1673033605881,"Editor":"lindseygordon","official_image_url":"https://services1.arcgis.com/UvqJJ6GFv4u5BZQj/arcgis/rest/services/Historical_Landmarks_-_PUBLIC_VL/FeatureServer/1/41/attachments/41","official_story_map_url":"https://storymaps.arcgis.com/stories/c140a2e3c6bf4d979e4c554496522d88"}},{"type":"Feature","id":90,"geometry":{"type":"Point","coordinates":[-121.0189999999,39.2636999999377]},"properties":{"OBJECTID":90,"Name":"Doris Foley Library of Historical Research","ENC":78,"Address":"211 N. Pine St, Nevada City","Area":"Nevada City","Area_List":"Nevada City","Longitude":-121.019,"Latitude":39.2637,"Desc_":"Landmark registered 1976 by Nevada County, NEV 27A. Placed on the National Register 1990. Plaque dedicated 1976 by Native Daughters and Native Sons of the Golden West: Nevada City Public Library. Library Association formed December 19, 1857. First library was in Kidd and Knox Building, 228 Broad Street. It was moved to Oustamah Lodge IOOF No. 16 June 3, 1874. Nevada City Trustees assumed responsibilities October 1, 1902 and was moved into the Corcoran Building next to the Nevada Theater. The Carnegie Endowment was given to the city in 1907. The present library was dedicated October 4, 1907. City groups raised funds for furnishings and beautified grounds 1911.\n\nNote: In 1996 the Nevada City Council, the Nevada County Board of Supervisors, and the Nevada County Historical Landmarks Commission voted to rename this library for Doris Foley, an outstanding historian and author who contributed greatly to scholarly research in this county. In addition to her writings, she helped found the Nevada County Historical Society and was the first librarian at Searls Historical Library. The Doris Foley Library of Historical Research was formally dedicated on May 17,1997.\n\nLocated: 211 N. Pine St, Nevada City CA","Notes":"Note: In 1996 the Nevada City Council, the Nevada County Board of Supervisors, and the Nevada County Historical Landmarks Commission voted to rename this library for Doris Foley, an outstanding historian and author who contributed greatly to scholarly research in this county. In addition to her writings, she helped found the Nevada County Historical Society and was the first librarian at Searls Historical Library. The Doris Foley Library of Historical Research was formally dedicated on May 17,1997.","GoogleMap_URL":"https://google.com/maps/?daddr=39.2637,-121.019","Secondary_Note":null,"GlobalID":"fcd27f60-6cb9-433c-84ff-d8adf571452c","CreationDate":1671141041876,"Creator":"lindseygordon","EditDate":1761927028718,"Editor":"lindseygordon","official_image_url":"https://services1.arcgis.com/UvqJJ6GFv4u5BZQj/arcgis/rest/services/Historical_Landmarks_-_PUBLIC_VL/FeatureServer/1/90/attachments/90","official_story_map_url":"https://storymaps.arcgis.com/stories/c140a2e3c6bf4d979e4c554496522d88"}},{"type":"Feature","id":104,"geometry":{"type":"Point","coordinates":[-121.018500000307,39.2626999997652]},"properties":{"OBJECTID":104,"Name":"Kidd and Knox Building","ENC":82,"Address":"Northeast corner Pine and Broad Sts, Nevada City","Area":"Nevada City","Area_List":"Nevada City","Longitude":-121.0185,"Latitude":39.2627,"Desc_":"Plaque dedicated 1978 by Chap 10 E Clampus Vitus: Kidd & Knox Building 1856. Major commercial building since gold rush. Early offices of judges, lawyers, statesmen including U.S. Senators A. A. Sargent, Wm. Morris Stewart; Calif. Supreme Court Chief Justices Niles Searls, Lorenzo Sawyer were here. Site of 'Dramatic Hall' where Edwin Booth, Lola Montez, Kate Hayes performed.\n\nLocated: Northeast corner of Pine and Broad Sts, Nevada City CA","Notes":null,"GoogleMap_URL":"https://google.com/maps/?daddr=39.2627,-121.0185","Secondary_Note":null,"GlobalID":"1884eb72-a06a-4ef3-a3e6-e5019821bd31","CreationDate":1671141041876,"Creator":"lindseygordon","EditDate":1674665709133,"Editor":"lindseygordon","official_image_url":"https://services1.arcgis.com/UvqJJ6GFv4u5BZQj/arcgis/rest/services/Historical_Landmarks_-_PUBLIC_VL/FeatureServer/1/104/attachments/104","official_story_map_url":"https://storymaps.arcgis.com/stories/c140a2e3c6bf4d979e4c554496522d88"}},{"type":"Feature","id":247,"geometry":{"type":"Point","coordinates":[-121.018932600202,39.2499989996848]},"properties":{"OBJECTID":247,"Name":"Chinese Cemetery","ENC":228,"Address":"9 Kidder Court, Nevada City","Area":"Glenbrook ","Area_List":"Glenbrook","Longitude":-121.0189326,"Latitude":39.249999,"Desc_":"Landmark registered 2021 by Nevada County, NEV 21-06. Description: The 1852 state census recorded 3,396 Chinese living in Nevada County, about 20% of its population. Soon, anti-Chinese sentiment forced the Chinese out of the cemeteries managed by white people and into their own segregated cemetery.  By the 1870s they began burial at the site of the present Chinese Cemetery. The inscription on the shrine inside the Cemetery states that the Cemetery was \"reconstructed\" on August 6, 1891, a date that also appears on the original gate at the entrance of the Cemetery. The site is owned presently by the Thiem family who operate the Inn Town Campground which surrounds the Cemetery, with the Chinese Historical Society having a historic preservation easement.\n\nNote: Visitors should register at the campground office before entering the cemetery.\n\nLocated: 9 Kidder Court, Nevada City CA","Notes":"Note: Visitors should register at the campground office before entering the cemetery.","GoogleMap_URL":"https://google.com/maps/?daddr=39.249999,-121.0189326","Secondary_Note":null,"GlobalID":"252923f4-276b-4c0a-895f-83cfe1dd8369","CreationDate":1671141041876,"Creator":"lindseygordon","EditDate":1673037768939,"Editor":"lindseygordon","official_image_url":"https://services1.arcgis.com/UvqJJ6GFv4u5BZQj/arcgis/rest/services/Historical_Landmarks_-_PUBLIC_VL/FeatureServer/1/247/attachments/252","official_story_map_url":"https://storymaps.arcgis.com/stories/c140a2e3c6bf4d979e4c554496522d88"}},{"type":"Feature","id":119,"geometry":{"type":"Point","coordinates":[-121.020199999999,39.2621999998932]},"properties":{"OBJECTID":119,"Name":"Miners Foundry","ENC":97,"Address":"325 Spring St, Nevada City","Area":"Nevada City","Area_List":"Nevada City","Longitude":-121.0202,"Latitude":39.2622,"Desc_":"Landmark registered 1974 by Nevada County, NEV 21, and 1994 by State of California, CHL 1012.\nFirst plaque dedicated 1966 by Chap 10 E Clampus Vitus: Miners' Foundry (Allan's Machine Shop) Founded 1856. This original brick building in continuous usage as a Foundry for over 100 years. Famous Pelton waterwheel developed and manufactured here in 1878. Ingenious double-cupped bucket design by Lester A. Pelton of Camptonville and Nevada City. It became the basis for hydro-electric turbine generators throughout the world.\n\nSecond plaque dedicated 1994 by State of California: Pelton Wheel Manufacturing Site. The Pelton Water Wheel, first commercially manufactured at George Allan's Foundry & Machine Works in 1879 was a major advancement in water power and revolutionized hard rock mining technology. Its unique feature was a series of paired buckets, shaped like bowls or spoons and separated by a splitter, that divided the incoming water into two parts. By the late 1800s, the Pelton Wheels were providing energy to operate water powered machinery throughout the world. In 1888, Lester Pelton moved his business to San Francisco, but granted continuing manufacturing rights to Allan's Foundry, where the wheels were manufactured into the early 1900s, when most local mines shifted to electric power.\n\nNote: Opened in 1855, the foundry was moved to its present location after the fire of 1856, and supplied equipment to the milling shops of many mines. Notable equipment included the Patent Mill Guide installed at the Tonopah Mine in Nevada and a gadget known as the Miners Foundry Ejector that had universal demand. Edward Matteson's hydraulic derrick, used to extract rocks from streams and rivers, was perfected here. Much of our modern electricity comes from generators driven by descendants of the Pelton Wheel. Occupied in the 1970s and 1980s by the American Victorian Museum, the building now houses the Miners Foundry Cultural Center.\n\nLocated: 325 Spring St., Nevada City CA","Notes":"Note: Opened in 1855, the foundry was moved to its present location after the fire of 1856, and supplied equipment to the milling shops of many mines. Notable equipment included the Patent Mill Guide installed at the Tonopah Mine in Nevada and a gadget known as the Miners Foundry Ejector that had universal demand. Edward Matteson's hydraulic derrick, used to extract rocks from streams and rivers, was perfected here. Much of our modern electricity comes from generators driven by descendants of the Pelton Wheel. Occupied in the 1970s and 1980s by the American Victorian Museum, the building now houses the Miners Foundry Cultural Center.","GoogleMap_URL":"https://google.com/maps/?daddr=39.2622,-121.0202","Secondary_Note":null,"GlobalID":"8be78d8b-d52d-49c9-a838-d5c72dd69b10","CreationDate":1671141041876,"Creator":"lindseygordon","EditDate":1675704949220,"Editor":"CountyofNevada","official_image_url":"https://services1.arcgis.com/UvqJJ6GFv4u5BZQj/arcgis/rest/services/Historical_Landmarks_-_PUBLIC_VL/FeatureServer/1/119/attachments/119","official_story_map_url":"https://storymaps.arcgis.com/stories/c140a2e3c6bf4d979e4c554496522d88"}},{"type":"Feature","id":96,"geometry":{"type":"Point","coordinates":[-121.016799999718,39.2628999998282]},"properties":{"OBJECTID":96,"Name":"Five-Stamp Mill 1893","ENC":80.3,"Address":"Robinson Plaza","Area":"Nevada City","Area_List":"Nevada City","Longitude":-121.0168,"Latitude":39.2629,"Desc_":"Plaque dedicated 1982 by Chap 10 E Clampus Vitus: Used to crush gold ore at the Fortuna Mine near Nevada City. Ore fed under iron 'stamps' from rear hopper. Steam, water or electric belt-driven power turned wheel which revolved cams. Donated to Nevada City by Bill Magers.\n\nLocated: Robinson Plaza, Nevada City CA","Notes":null,"GoogleMap_URL":"https://google.com/maps/?daddr=39.2629,-121.0168","Secondary_Note":null,"GlobalID":"6222a3f4-0e69-4918-8327-c54f4ca6d478","CreationDate":1671141041876,"Creator":"lindseygordon","EditDate":1672342611872,"Editor":"lindseygordon","official_image_url":"https://services1.arcgis.com/UvqJJ6GFv4u5BZQj/arcgis/rest/services/Historical_Landmarks_-_PUBLIC_VL/FeatureServer/1/96/attachments/96","official_story_map_url":"https://storymaps.arcgis.com/stories/c140a2e3c6bf4d979e4c554496522d88"}},{"type":"Feature","id":142,"geometry":{"type":"Point","coordinates":[-121.030100000368,39.2779999996979]},"properties":{"OBJECTID":142,"Name":"Sheriff David Fulton Douglass","ENC":120,"Address":"Just past 15934 Airport Rd, 3/4 m. from junction with Lake Vera Rd, Nevada City","Area":"North San Juan ","Area_List":"North San Juan","Longitude":-121.0301,"Latitude":39.278,"Desc_":"Plaque dedicated 1936 by Native Sons and Native Daughters of the Golden West, Nevada County and California Peace Officers' Association: On this spot Sheriff Douglass, a Native Son of the Golden West, gave his life July 26, 1896, bravely performing his duty. Alone he tracked a highwayman to this retreat and both fell In battle. It is believed Douglass was pitted against two and that one escaped. The bodies lay parallel.\n\nNearby is a second plaque identifying the spot where the bandit lay.\n\nNote: In 1961, Nevada County authorities were notified that a person had confessed to being the accomplice and killing the Sheriff.\n\nLocated: Just past 15934 Airport Rd, 0.75 mi. from junction with Lake Vera Rd, Nevada City CA ","Notes":"Note: In 1961, Nevada County authorities were notified that a person had confessed to being the accomplice and killing the Sheriff.","GoogleMap_URL":"https://google.com/maps/?daddr=39.278,-121.0301","Secondary_Note":null,"GlobalID":"0c2885de-562d-40f3-8ec8-eae2f386a5eb","CreationDate":1671141041876,"Creator":"lindseygordon","EditDate":1672348713189,"Editor":"lindseygordon","official_image_url":"https://services1.arcgis.com/UvqJJ6GFv4u5BZQj/arcgis/rest/services/Historical_Landmarks_-_PUBLIC_VL/FeatureServer/1/142/attachments/142","official_story_map_url":"https://storymaps.arcgis.com/stories/c140a2e3c6bf4d979e4c554496522d88"}},{"type":"Feature","id":125,"geometry":{"type":"Point","coordinates":[-121.012299999795,39.2658999997563]},"properties":{"OBJECTID":125,"Name":"Felix Gillet","ENC":103,"Address":"Stone pillar by driveway at intersection of Nursery and Nihell Sts, Nevada City","Area":"Nevada City","Area_List":"Nevada City","Longitude":-121.0123,"Latitude":39.2659,"Desc_":"Plaque dedicated 1933 by Women's Civic Club of Nevada City: Here lived and worked Felix Gillet, A Frenchman by birth, an American by adoption from 1871 to 1908 through whose vision and perseverance the horticulture of the world was enriched by the propagation and culture of walnuts, filberts, chestnuts, prunes. In commemoration of his work this tablet was set March 7, 1933 by the Women's Civic Club of Nevada City, California.\n\nLocated: Stone pillar by driveway at intersection of Nursery and Nihell Sts, Nevada City CA","Notes":null,"GoogleMap_URL":"https://google.com/maps/?daddr=39.2659,-121.0123","Secondary_Note":null,"GlobalID":"7e049fb8-3b09-40a3-bebb-b9f0a350001d","CreationDate":1671141041876,"Creator":"lindseygordon","EditDate":1672348296807,"Editor":"lindseygordon","official_image_url":"https://services1.arcgis.com/UvqJJ6GFv4u5BZQj/arcgis/rest/services/Historical_Landmarks_-_PUBLIC_VL/FeatureServer/1/125/attachments/125","official_story_map_url":"https://storymaps.arcgis.com/stories/c140a2e3c6bf4d979e4c554496522d88"}},{"type":"Feature","id":65,"geometry":{"type":"Point","coordinates":[-121.055299999758,39.2138000001305]},"properties":{"OBJECTID":65,"Name":"Vietnam War Memorials, Grass Valley","ENC":54.3,"Address":"Memorial Park, corner of Race St and Colfax Ave, Grass Valley\n","Area":"Grass Valley","Area_List":"Grass Valley","Longitude":-121.0553,"Latitude":39.2138,"Desc_":"Plaques dedicated 1966 and 1974 by Hague-Thomas-Hegarty (now Frank Gallino) Post No. 130, American Legion: 1966 plaque: Gary Ames Miller Memorial. This memorial is dedicated to all American servicemen and women of the Vietnam War in the name of Gary Ames Miller, United States Marine Corps, the first local serviceman to give the full measure for God and country in this conflict. All Americans owe an endless debt of gratitude to the gallant men and women of our armed services for preserving our way of life, a life endowed with justice, freedom and democracy.\n\n1974 plaque: Western Nevada County servicemen killed in action in Vietnam: Edward Alien Ownry 09/09/65, Gary Ames Miller 06/01/66, Douglas A. Rix 02/28/67, Bruce Allan Jensen 08/27/67, Alan Robert Haugen 04/06/68, Ronald J. Walber 04/25/68, Thomas W. Cranford 05/09/68, Harry Lee Theurkauf 06/12/68, Donald Ray Webb 10/12/68, Ernest James Stidham 12/22/68, John R. Kunkel 01/13/69, Philip A. Tritsch 01/28/69, Kenneth W. Scurr 05/31/69, Michael D. Goeller 06/01/69, David E. Freestone 08/27/69, James Deeble 04/17/70.\n\nNote: These plaques are mounted on a huge drill core.\nThere are also memorial plaques for the following Vietnam veterans located on the following Golden Center Freeway overpasses around Grass Valley.\n\nL/Cpl USMC: Gary Ames Miller 12/14/1947-06/01/1966, west end Brunswick Rd\nPvt USA: Thomas W. Cranford 12/09/194-05/09/1968, west end Dorsey Dr\nS/Sgt USA: Douglas A. Rix 10/02/1942-02/28/196, north side Idaho–Maryland Rd\nL/Cpl USMC: John R. Kunkel 04/16/1947-01/13/1969, west side Bennett St\n1st Lt USA: Kenneth W. Scurr  07/12/1948- 05/31/1969, south side Bank St\nPfcUSA: David E. Freestone 06/10/1948-08/27/1969, north side Colfax Ave\nSp/5 USA: Harry Lee Theurkauf 05/15/1946- 06/12/1968, parking area S. Auburn St\nCapt USAF: Bruce Alan Jensen-11/18/1928 08/27/1967, east offramp W. Empire St\n1st Lt USA: Ernest James Stidham:  03/14/1943-12/22/1968, northwest side of the Hwy 20 overpass of Mill St.\n\nLocated: Memorial Park, corner of Race St and Colfax Ave, Grass Valley CA","Notes":"Note: These plaques are mounted on a huge drill core.\nThere are also memorial plaques for the following Vietnam veterans located on the following Golden Center Freeway overpasses around Grass Valley.\n\nL/Cpl USMC: Gary Ames Miller 12/14/1947-06/01/1966, west end Brunswick Rd\nPvt USA: Thomas W. Cranford 12/09/194-05/09/1968, west end Dorsey Dr\nS/Sgt USA: Douglas A. Rix 10/02/1942-02/28/196, north side Idaho–Maryland Rd\nL/Cpl USMC: John R. Kunkel 04/16/1947-01/13/1969, west side Bennett St\n1st Lt USA: Kenneth W. Scurr  07/12/1948- 05/31/1969, south side Bank St\nPfcUSA: David E. Freestone 06/10/1948-08/27/1969, north side Colfax Ave\nSp/5 USA: Harry Lee Theurkauf 05/15/1946- 06/12/1968, parking area S. Auburn St\nCapt USAF: Bruce Alan Jensen-11/18/1928 08/27/1967, east offramp W. Empire St\n1st Lt USA: Ernest James Stidham:  03/14/1943-12/22/1968, northwest side of the Hwy 20 overpass of Mill St.","GoogleMap_URL":"https://google.com/maps/?daddr=39.2138,-121.0553","Secondary_Note":null,"GlobalID":"eeb77e8a-c1e8-49ac-8009-73c88f50c543","CreationDate":1671141041876,"Creator":"lindseygordon","EditDate":1672341515237,"Editor":"lindseygordon","official_image_url":"https://services1.arcgis.com/UvqJJ6GFv4u5BZQj/arcgis/rest/services/Historical_Landmarks_-_PUBLIC_VL/FeatureServer/1/65/attachments/65","official_story_map_url":"https://storymaps.arcgis.com/stories/c140a2e3c6bf4d979e4c554496522d88"}},{"type":"Feature","id":79,"geometry":{"type":"Point","coordinates":[-121.022000000148,39.2643000002874]},"properties":{"OBJECTID":79,"Name":"Boardman House","ENC":67,"Address":"523 E Broad St, Nevada City","Area":"Nevada City","Area_List":"Nevada City","Longitude":-121.022,"Latitude":39.2643,"Desc_":"Landmark registered 2016 by Nevada County, NEV 16-01. Description: This house was constructed in 1874 by John Boardman, a local pioneer, miner and newspaperman. Born in London, England, in 1828, he emigrated to New Orleans in 1842. In 1849, he left Memphis, Tennessee, where he had been working as a printer, and arrived in Nevada County in March 1850. He initially engaged in mining, then worked at various local newspapers. For a few years, he was the Grass Valley postmaster. In 1858, he married Cecilia Purdy. They had 7 children. He died in 1888.\n\r\nThe property was originally purchased by Richard White in 1869 for a $1000 bag of gold. After several fires, the present building was rebuilt in 1890 by the Ford family, who had purchased the property. It was occupied for much of the 20th century by Miss Savory Ford. The house was then renovated and acquired by the Nienabers. Much of the interior is remarkably authentic for the period. It is a private residence and the owners request that you respect their privacy.\r\n\nLocated: 523 E. Broad St, Nevada City CA","Notes":null,"GoogleMap_URL":"https://google.com/maps/?daddr=39.2643,-121.022","Secondary_Note":null,"GlobalID":"1b90cb76-1954-47a2-8945-ed97853ac31d","CreationDate":1671141041876,"Creator":"lindseygordon","EditDate":1673280559858,"Editor":"lindseygordon","official_image_url":"https://services1.arcgis.com/UvqJJ6GFv4u5BZQj/arcgis/rest/services/Historical_Landmarks_-_PUBLIC_VL/FeatureServer/1/79/attachments/79","official_story_map_url":"https://storymaps.arcgis.com/stories/c140a2e3c6bf4d979e4c554496522d88"}},{"type":"Feature","id":73,"geometry":{"type":"Point","coordinates":[-121.017900000258,39.2590999998189]},"properties":{"OBJECTID":73,"Name":"Nevada County Narrow Gauge RR (II)","ENC":61,"Address":"Railroad Avenue at Sacramento St, Nevada City","Area":"Glenbrook ","Area_List":"Glenbrook","Longitude":-121.0179,"Latitude":39.2591,"Desc_":"First plaque to the right of the Kiosk dedicated 1968 by Chap 10 E Clampus Vitus; rededicated 2020 by Nevada County Narrow Gauge Railroad Museum: \"Nevada County Narrow Gauge Railroad was dedicated May 20, 1876 one hundred feet east of this spot. Built by John Flint Kidder between 1874-76 it ran 22 miles from Nevada City to Colfax via Grass Valley. Rails taken up in 1942. Sarah Kidder, widow of builder, world's first woman railroad president 1901-13.\"Landmark registered by Nevada County and second plaque on rock to the left of the Kiosk dedicated 2022 by Nevada County Narrow Gauge Railroad Museum, NEV 22-01: \"In the race to build the western portion of the Transcontinental Railroad, the Central Pacific Railroad recruited over ten thousand young men from China, creating a skilled and dependable work force.  Upon completion many of these workers, who had come to America under contract for employment, returned home to China. Others remained to find employment building railroads throughout the United States. This site marks one end of the 22-mile Nevada County Narrow Gauge Railroad that connected Nevada City and Grass Valley with Colfax and the Central Pacific Railroad. After construction of the NCNGRR started in 1875, over three hundred Chinese immigrants labored to build the railroad. They built the railroad grade over the rugged and uneven terrain between Colfax and Grass Valley, scaling canyons, filling ravines, and prepared the way for bridges and trestles. Using hand tools, horse drawn scrapers, hand carts and their determination, they completed the task in early 1876. Although considered more dependable than white workers, they were paid less. When the railroad was completed in 1876 most of the Chinese moved on to other railroad construction projects; a few Chinese workers remained as track workers maintaining the NCNGRR. Apart from laboring on the railroad, several Chinese businessmen in Nevada City were investors and retained stock in the company into the 20th century. The contributions of Chinese immigrants were an essential element in the building and success of the NCNGRR.\"\n\nNote: On this site at one end of the Narrow Gauge line stood the Nevada City station. In 2020, the Railroad Museum erected a kiosk which contains several informational panels detailing the history and operation of the Narrow Gauge. It also contains a plaque honoring Madelyn Helling, one of the Museum's founders and longtime directors. The site is sometimes known as Clampers Square.\n\nLocated: Railroad Ave. at Sacramento St, Nevada City CA","Notes":"Note: On this site at one end of the Narrow Gauge line stood the Nevada City station. In 2020, the Railroad Museum erected a kiosk which contains several informational panels detailing the history and operation of the Narrow Gauge. It also contains a plaque honoring Madelyn Helling, one of the Museum's founders and longtime directors. The site is sometimes known as Clampers Square,","GoogleMap_URL":"https://google.com/maps/?daddr=39.2591,-121.0179","Secondary_Note":null,"GlobalID":"f68cda52-0c8e-45fc-ae35-698b5cf1b04f","CreationDate":1671141041876,"Creator":"lindseygordon","EditDate":1673037725109,"Editor":"lindseygordon","official_image_url":"https://services1.arcgis.com/UvqJJ6GFv4u5BZQj/arcgis/rest/services/Historical_Landmarks_-_PUBLIC_VL/FeatureServer/1/73/attachments/73","official_story_map_url":"https://storymaps.arcgis.com/stories/c140a2e3c6bf4d979e4c554496522d88"}},{"type":"Feature","id":271,"geometry":{"type":"Point","coordinates":[-121.064827493,39.2150727760001]},"properties":{"OBJECTID":271,"Name":"Walsh Sawmill / City Brewery","ENC":248,"Address":"309 Mill St, Grass Valley","Area":"Grass Valley","Area_List":"Grass Valley","Longitude":-121.0648283,"Latitude":39.215072,"Desc_":"Landmark registered 2025 by Nevada County, NEV 25-08. \"At this site, where Wolf Creek flows toward Boston Ravine, James Walsh established a sawmill to provide lumber for a mining camp as it evolved into the small city of Grass Valley. Built in July of 1850, it was Grass Valley's first business enterprise. Mill and Walsh Streets got their names from this business and this early pioneer. Judge Walsh was elected Justice of the Peace for Grass Valley. He served as Chairman of the Board of Supervisors and State Senator. In later years, Thomas Hodge built the City Brewery on this site which continued to operate under various owners from 1873 to 1909. Hodge was a resident of Grass Valley for 55 years and passed away at his stone Cornish-style cottage located next door, which still exists today. The City Brewery was a thriving business during the Gold Rush, making regular deliveries by wagon to every mining camp within a 30 mile radius.\"\r\n\r\nNote: The site is presently a municipal parking lot. As of the date of publication, the plaque has not yet been dedicated.\r\n\r\nLocated: 309 Mill St, Grass Valley","Notes":null,"GoogleMap_URL":"https://google.com/maps/?daddr=39.215072,-121.0648283","Secondary_Note":null,"GlobalID":"e3d2a9d4-357e-480e-b2d0-21b1afc3aa3f","CreationDate":1762198215110,"Creator":"lindseygordon","EditDate":1762198425945,"Editor":"lindseygordon","official_image_url":"https://services1.arcgis.com/UvqJJ6GFv4u5BZQj/arcgis/rest/services/Historical_Landmarks_-_PUBLIC_VL/FeatureServer/1/271/attachments/300","official_story_map_url":"https://storymaps.arcgis.com/stories/c140a2e3c6bf4d979e4c554496522d88"}},{"type":"Feature","id":25,"geometry":{"type":"Point","coordinates":[-120.955099999555,39.1382999996711]},"properties":{"OBJECTID":25,"Name":"Ernie Bierwagen","ENC":18.3,"Address":"Larsen Rd about 1000 ft from the Orchard Springs access road.","Area":"South County","Area_List":"South County","Longitude":-120.9551,"Latitude":39.1383,"Desc_":"Plaque erected 2009, by Ernie's friends: Ernie was born February 1915 and died in February 2004, in Chicago Park, California. He was close to the land and the people he met along the way. He was a timeless leader in the agricultural community, his church, and was a friend to many. Always genuine, he was a man of strong faith that sustained him and those around him. Ernie and his family devoted their lives to making this world a better place. The love of the community by the Bierwagen Family continues to this day. Ernie often brought his family to observe the construction of this beautiful Reservoir. He knew the importance of water to nature, the food supply and the lives of all people. Ernie served 25 years as a Nevada Irrigation District Division II Director. With passion, he strived to protect and enhance the water supply. To all that visit this beautiful area, please enjoy.\n\nLocated: Larsen Rd about 1000 ft from the Orchard Springs access road.","Notes":null,"GoogleMap_URL":"https://google.com/maps/?daddr=39.1383,-120.9551","Secondary_Note":null,"GlobalID":"31ac27b2-e1c1-4a26-bf0a-dce035dda580","CreationDate":1671141041876,"Creator":"lindseygordon","EditDate":1673022571318,"Editor":"CountyofNevada","official_image_url":"https://services1.arcgis.com/UvqJJ6GFv4u5BZQj/arcgis/rest/services/Historical_Landmarks_-_PUBLIC_VL/FeatureServer/1/25/attachments/25","official_story_map_url":"https://storymaps.arcgis.com/stories/c140a2e3c6bf4d979e4c554496522d88"}},{"type":"Feature","id":36,"geometry":{"type":"Point","coordinates":[-121.062399999896,39.2206999998285]},"properties":{"OBJECTID":36,"Name":"Binkelmann Brewery","ENC":27,"Address":"217 N. Auburn St, Grass Valley","Area":"Grass Valley","Area_List":"Grass Valley","Longitude":-121.0624,"Latitude":39.2207,"Desc_":"Plaque dedicated 1990 by Chap 10 E Clampus Vitus: Born in Wurtemberg, Germany on January 2, 1828, David Binkelmann came to Grass Valley in 1853 after only a year as a new immigrant in New York. He mined for a time on Wolf Creek, then worked in a bakery. He became a renter of the business, but after two years sold the bakery operation to Herrman Maurer and bought a half-interest in a brewery with John Frank, operating in the rear of the Western Hotel which burned in 1856. The brick brewery was constructed in 1861, replacing a smaller 1856 frame building on North Auburn Street. Frank Richard bought out the partner in 1861 and was in turn bought out by Binkelmann shortly later. He ran the brewery until his death on May 23, 1894, leaving his wife Sophie to carry on until her death in 1915, when the brewery was bequeathed to her son, David J. Binkelmann.\n\nNote: The Brewery building, which has a beautiful vaulted brick cellar, has been incorporated into the hotel across the street.\n\nLocated: 217 N. Auburn St, Grass Valley CA","Notes":"\nNote: The Brewery building, which has a beautiful vaulted brick cellar, has been incorporated into the hotel across the street.","GoogleMap_URL":"https://google.com/maps/?daddr=39.2207,-121.0624","Secondary_Note":null,"GlobalID":"a2fee638-7035-4aa7-a607-aed41bf91648","CreationDate":1671141041876,"Creator":"lindseygordon","EditDate":1672340468410,"Editor":"lindseygordon","official_image_url":"https://services1.arcgis.com/UvqJJ6GFv4u5BZQj/arcgis/rest/services/Historical_Landmarks_-_PUBLIC_VL/FeatureServer/1/36/attachments/36","official_story_map_url":"https://storymaps.arcgis.com/stories/c140a2e3c6bf4d979e4c554496522d88"}},{"type":"Feature","id":105,"geometry":{"type":"Point","coordinates":[-121.01839999985,39.2630000003412]},"properties":{"OBJECTID":105,"Name":"Nevada City Masonic Lodge","ENC":83,"Address":"108 N. Pine St. Nevada City","Area":"Nevada City","Area_List":"Nevada City","Longitude":-121.0184,"Latitude":39.263,"Desc_":"Plaque dedicated 2000 by Masons: The year was 1850 at a location not far from here. The first Masonic Lodge meeting was held under a Charter from state of Wisconsin. Lafayette Lodge #29  was born, the years following in 1851 & 1863 a major part of which was to be known as Nevada City was destroyed by fires. By this time California was a State and a new Lodge of California Charter was established as Nevada #13 F&AM in 1851. At this location the first masonry structure was built in 1852 as a store. The 1863 fire destroyed this building and again the Lodge at a different place. This site was purchased for $1,650 and rebuilt as a store with Lodge rooms up stairs. The Lodge moved in 1864. A dining room/office extension was built to the right in 1901. Over the past 136 years other Masonic units/orders have also been meeting here. Royal Arch, Nevada Chapter #6,  Council #62, K. T Commandery #6, Evangeline Eastern Star #9. In honor of 150 years continuous Nevada Lodge #13 F&AM  Masonic Actives. Grand Master of California Alvin J. Weis placed this plaque in rededication of this Lodge April 22, 2000.\n\nNote: The plaque is quoted verbatim; all errors are in the original.\n\nLocated: 108 N. Pine St, Nevada City CA","Notes":"Note: The plaque is quoted verbatim; all errors are in the original.","GoogleMap_URL":"https://google.com/maps/?daddr=39.263,-121.0184","Secondary_Note":null,"GlobalID":"6baef51b-fadd-4128-90a8-2df5b92cd884","CreationDate":1671141041876,"Creator":"lindseygordon","EditDate":1672342774185,"Editor":"lindseygordon","official_image_url":"https://services1.arcgis.com/UvqJJ6GFv4u5BZQj/arcgis/rest/services/Historical_Landmarks_-_PUBLIC_VL/FeatureServer/1/105/attachments/105","official_story_map_url":"https://storymaps.arcgis.com/stories/c140a2e3c6bf4d979e4c554496522d88"}},{"type":"Feature","id":85,"geometry":{"type":"Point","coordinates":[-121.017399999767,39.264499999958]},"properties":{"OBJECTID":85,"Name":"Saint Canice Catholic Church","ENC":73,"Address":"Corner Washington and Coyote Sts, Nevada City","Area":"Nevada City","Area_List":"Nevada City","Longitude":-121.0174,"Latitude":39.2645,"Desc_":"Plaque dedicated 1965 by Native Daughters and Native Sons of the Golden West: Historic St. Canice Catholic Church was built and first services held in 1864 under the guidance of Father John Griffin.\n\nNote: This also is site of St. Peter and St. Paul Catholic Church, built in 1857 and destroyed by fire in 1863.\n\nLocated: Corner of Washington and Coyote Sts, Nevada City CA","Notes":"Note: This also is site of St. Peter and St. Paul Catholic Church, built in 1857 and destroyed by fire in 1863.","GoogleMap_URL":"https://google.com/maps/?daddr=39.2645,-121.0174","Secondary_Note":null,"GlobalID":"b400b50d-e5ec-4e44-9347-64972a00c245","CreationDate":1671141041876,"Creator":"lindseygordon","EditDate":1672342273076,"Editor":"lindseygordon","official_image_url":"https://services1.arcgis.com/UvqJJ6GFv4u5BZQj/arcgis/rest/services/Historical_Landmarks_-_PUBLIC_VL/FeatureServer/1/85/attachments/85","official_story_map_url":"https://storymaps.arcgis.com/stories/c140a2e3c6bf4d979e4c554496522d88"}},{"type":"Feature","id":62,"geometry":{"type":"Point","coordinates":[-121.055299999758,39.2138000001305]},"properties":{"OBJECTID":62,"Name":"Memorial Park GV","ENC":54,"Address":"Memorial Park, corner of Race St and Colfax Ave, Grass Valley","Area":"Grass Valley","Area_List":"Grass Valley","Longitude":-121.0553,"Latitude":39.2138,"Desc_":"Landmark registered 2024 by Nevada County, NEV 24-02. \"MEMORIAL PARK: GRASS VALLEY'S GREATEST ASSET. At noon on November 11, 1921, bells tolled throughout the City of Grass Valley as over two thousand residents and visitors gathered to attend the opening of Memorial Park. Presided over by Jim Tyrrell, Secretary of the Chamber of Commerce, the ceremony celebrated an unprecedented act of community philanthropy and collaboration that transformed an abandoned pear orchard into a park that would come to be known as the city's greatest asset. The park honored the community's some 450 World War I service members and memorialized its war dead, provided residents with opportunities for recreation and community gatherings and created a destination for automobile tourism. Completed in just under a year, the park was built through the financial generosity, time, and talents of countless volunteers from all walks of life and social positions. No city funds or taxes were used. Visitors arriving at the park found a lushly planted memorial grove to honor the war dead, picnic grounds, a spacious pool with changing rooms, tennis courts, a children's playground, and a travel campground with cottages. Inspired by the park's centennial in 2021, the City of Grass Valley's Historical Commission initiated the creation of the Centennial Courtyard, centrally located around the Saurin King Clocktower, to tell the story of the community's collective act of remembrance and renewal that built Memorial Park. Still enjoyed today by residents and visitors alike, the ever-evolving park keeps alive the motto of the 1921 building campaign, 'In Memory of the Past, We Build for the Future'.\"\n\nNote: As of the date of this publication, this plaque has not been dedicated. The land and swimming pool were donated by the Empire Mine Co., the club house was donated by the Idaho Maryland Mine Co., and people of the area subscribed $8,000. Frances Jones, a philanthropist and community organizer of humanitarian relief during World War I, helped design and implement the landscaping of Memorial Park. The park contains several other plaques and monuments honoring those who served our country in the armed forces in various wars.\n\nLocated: Memorial Park, corner of Race St and Colfax Ave, Grass Valley CA","Notes":null,"GoogleMap_URL":"https://google.com/maps/?daddr=39.2138,-121.0553","Secondary_Note":null,"GlobalID":"36cea48e-d271-459f-9de5-ed455b23d558","CreationDate":1671141041876,"Creator":"lindseygordon","EditDate":1761926892874,"Editor":"lindseygordon","official_image_url":"https://services1.arcgis.com/UvqJJ6GFv4u5BZQj/arcgis/rest/services/Historical_Landmarks_-_PUBLIC_VL/FeatureServer/1/62/attachments/62","official_story_map_url":"https://storymaps.arcgis.com/stories/c140a2e3c6bf4d979e4c554496522d88"}},{"type":"Feature","id":136,"geometry":{"type":"Point","coordinates":[-121.010699999662,39.2619000000664]},"properties":{"OBJECTID":136,"Name":"Martin Luther Marsh House","ENC":114,"Address":"254 Boulder St, Nevada City","Area":"Nevada City","Area_List":"Nevada City","Longitude":-121.0107,"Latitude":39.2619,"Desc_":"Landmark registered 1972 by Nevada County, NEV 11. Placed on the National Register 1973. Description: Martin Luther Marsh arrived in Nevada City in 1851 after a journey from Ohio by the Nicaragua route. He worked as a carpenter, left to mine at Iowa Hill and finally returned to enter the lumber business. With his brother Dan he set up a saw mill on Little Deer Creek (now Pioneer Park). The enterprise boomed and in 1873 Marsh built this magnificent home using carefully seasoned sugar pine for the interior woodwork. His granddaughter Lucille and her late husband James B. Christie restored the house in 1955.\n\nLocated: 254 Boulder St, Nevada City CA","Notes":null,"GoogleMap_URL":"https://google.com/maps/?daddr=39.2619,-121.0107","Secondary_Note":null,"GlobalID":"8f5d044a-a158-4fd4-8ea4-65148da829fd","CreationDate":1671141041876,"Creator":"lindseygordon","EditDate":1761927679287,"Editor":"lindseygordon","official_image_url":"https://services1.arcgis.com/UvqJJ6GFv4u5BZQj/arcgis/rest/services/Historical_Landmarks_-_PUBLIC_VL/FeatureServer/1/136/attachments/136","official_story_map_url":"https://storymaps.arcgis.com/stories/c140a2e3c6bf4d979e4c554496522d88"}},{"type":"Feature","id":42,"geometry":{"type":"Point","coordinates":[-121.060100000155,39.2178999998964]},"properties":{"OBJECTID":42,"Name":"Chinatown Grass Valley Site","ENC":33,"Address":"Corner of Tinloy and Bank Sts, Grass Valley","Area":"Grass Valley","Area_List":"Grass Valley","Longitude":-121.0601,"Latitude":39.2179,"Desc_":"Plaque dedicated 1969 by Chap 10 E Clampus Vitus: Chinatown, Grass Valley 1850-1938. Of the many gold rush Immigrants the Chinese were noted for their honest, sober and industrious characteristics. Each mining camp had its Chinatown and Grass Valley was second only to San Francisco's. Former residents Duck Egg, Georgie Bow, Ah Louie, and the pioneer Yuen, Gon and Tinloy families are an integral part of Nevada County\"s history.\n\nNote: Georgie Bow went to China, where he was in the diplomatic service. Chinatown was torn down in 1939 to make way for a truck terminal. Now the site is occupied by a hotel and parking lot.\n\nLocated: Corner of Tinloy and Bank Sts, Grass Valley CA","Notes":"Note: Georgie Bow went to China, where he was in the diplomatic service. Chinatown was torn down in 1939 to make way for a truck terminal. Now the site is occupied by a hotel and parking lot.","GoogleMap_URL":"https://google.com/maps/?daddr=39.2179,-121.0601","Secondary_Note":null,"GlobalID":"07a11415-e098-4081-ab1e-6c0b5d2cb9f3","CreationDate":1671141041876,"Creator":"lindseygordon","EditDate":1673034943013,"Editor":"lindseygordon","official_image_url":"https://services1.arcgis.com/UvqJJ6GFv4u5BZQj/arcgis/rest/services/Historical_Landmarks_-_PUBLIC_VL/FeatureServer/1/42/attachments/42","official_story_map_url":"https://storymaps.arcgis.com/stories/c140a2e3c6bf4d979e4c554496522d88"}},{"type":"Feature","id":56,"geometry":{"type":"Point","coordinates":[-121.064699999637,39.2160999999784]},"properties":{"OBJECTID":56,"Name":"Lola Montez House Replica","ENC":48,"Address":"284 Mill St GV","Area":"Grass Valley","Area_List":"Grass Valley","Longitude":-121.0647,"Latitude":39.2161,"Desc_":"Landmark registered 1938 by State of California, CHL 292. Replica registered 1976 by Nevada County, NEV 27B. Plaque dedicated 1977 by Chap 10 E Clampus Vitus: Lola Montez 1819-1861 Countess of Landsfeld. In her home which occupied this site, Lola's social salons 1853-1855 attracted men of vision whose investments and technology founded Nevada County's gold quartz mining industry. She brought culture and refinement to this rude mining camp. A mistress of international intrigue and a feminist before her time she is one of history's most recognizable women and a founder of today's cosmetic industry.\n\nNote: After earlier building was torn down this replica of original house was built. It now houses a small museum. Lola's house had been the office of Grass Valley Quartz Mining Co., the first consolidated effort at deep underground mining. Also site of first school in Grass Valley, a private school run by Rosa Farrington in 1851 before she moved to School Street.\n\nLocated: 284 Mill St, Grass Valley CA","Notes":"Note: After earlier building was torn down this replica of original house was built. It now houses a small museum. Lola\"s house had been the office of Grass Valley Quartz Mining Co., the first consolidated effort at deep underground mining. Also site of first school in Grass Valley, a private school run by Rosa Farrington in 1851 before she moved to School Street.","GoogleMap_URL":"https://google.com/maps/?daddr=39.2161,-121.0647","Secondary_Note":null,"GlobalID":"eef665e6-ae0f-4f08-b10a-ae4202df8ca0","CreationDate":1671141041876,"Creator":"lindseygordon","EditDate":1672421972262,"Editor":"lindseygordon","official_image_url":"https://services1.arcgis.com/UvqJJ6GFv4u5BZQj/arcgis/rest/services/Historical_Landmarks_-_PUBLIC_VL/FeatureServer/1/56/attachments/56","official_story_map_url":"https://storymaps.arcgis.com/stories/c140a2e3c6bf4d979e4c554496522d88"}},{"type":"Feature","id":248,"geometry":{"type":"Point","coordinates":[-121.020841600131,39.2631450000666]},"properties":{"OBJECTID":248,"Name":"Elks Lodge","ENC":229,"Address":"111 N. Pine St, Nevada City","Area":"Nevada City","Area_List":"Nevada City","Longitude":-121.0190336,"Latitude":39.263145,"Desc_":"Plaque dedicated 2003 by City of Nevada and Gary Tintle. \"After constructing a second–story meeting hall above two existing 19th century commercial buildings, the Nevada City Benevolent and Protective Order of Elks #518 dedicated its first lodge at this location on June 14, 1913. The lodge hall and street–level storefronts served the community until a devastating fire broke out on the morning of March 20, 2002. Property owners Ken and Kay Baker and Gary and Patty Tintle then initiated a reconstruction program that has resulted in the current building – faithful to the architecture and style of the historic structure it replaced.\"\n\nLocated: 111 N. Pine St, Nevada City CA","Notes":null,"GoogleMap_URL":"https://google.com/maps/?daddr=39.263145,-121.0190336","Secondary_Note":null,"GlobalID":"24a96b98-e947-4192-944c-863e1afa8f76","CreationDate":1671141041876,"Creator":"lindseygordon","EditDate":1761932293676,"Editor":"lindseygordon","official_image_url":"https://services1.arcgis.com/UvqJJ6GFv4u5BZQj/arcgis/rest/services/Historical_Landmarks_-_PUBLIC_VL/FeatureServer/1/248/attachments/258","official_story_map_url":"https://storymaps.arcgis.com/stories/c140a2e3c6bf4d979e4c554496522d88"}},{"type":"Feature","id":99,"geometry":{"type":"Point","coordinates":[-121.017599999784,39.262499999827]},"properties":{"OBJECTID":99,"Name":"Nevada City Downtown Historic District","ENC":81.1,"Address":"Calanan Park","Area":"Nevada City","Area_List":"Nevada City","Longitude":-121.0176,"Latitude":39.2625,"Desc_":"Plaque dedicated 1985 by Native Sons of the Golden West: National Register of Historic Places. Nevada City, the 'Queen City of the Northern Mines', became a town of 10,000 to 16,000 in the early 1850s following the discovery of gold on Deer Creek in 1849. Here is located the largest and best preserved historical downtown district in California Gold Country. As the county seat of Nevada County, Nevada City has maintained its position as the county's center of government, professional services and cultural activities since its beginning in 1851 Entered National Register of Historic Places September 23, 1985.\n\nNote: This includes only the downtown district, as contrasted to the Nevada City Historic District defined by the city in 1968.\n\nLocated: Calanan Park, Nevada City CA","Notes":"Note: This includes only the downtown district, as contrasted to the Nevada City Historic District defined by the city in 1968.","GoogleMap_URL":"https://google.com/maps/?daddr=39.2625,-121.0176","Secondary_Note":null,"GlobalID":"0197d9d3-14c0-48e1-a370-2257c33ed835","CreationDate":1671141041876,"Creator":"lindseygordon","EditDate":1674665709117,"Editor":"lindseygordon","official_image_url":"https://services1.arcgis.com/UvqJJ6GFv4u5BZQj/arcgis/rest/services/Historical_Landmarks_-_PUBLIC_VL/FeatureServer/1/99/attachments/99","official_story_map_url":"https://storymaps.arcgis.com/stories/c140a2e3c6bf4d979e4c554496522d88"}},{"type":"Feature","id":262,"geometry":{"type":"Point","coordinates":[-121.018989218,39.26590566]},"properties":{"OBJECTID":262,"Name":"Nevada City Sanitarium","ENC":239,"Address":"In front of 425 Coyote St, Nevada City","Area":"Nevada City","Area_List":"Nevada City","Longitude":-121.0189894,"Latitude":39.265905,"Desc_":"Landmark registered August 6, 2024 by Nevada County: NEV 24-06. Plaque dedicated 2024 by the Landmarks Commission: \"Across the street at 424 Coyote St. stood the City of Nevada's first hospital, the Nevada City Sanitarium. Established in 1910 by nurse Elizabeth McDonald Watson and her assistant, nurse Laura M. Petersen, it operated until 1946, when it was converted to a rest home. A particular claim to the Sanitarium's fame is its record of delivering around 3000 babies. It also had an excellent reputation for handling victims of mining and automobile accidents. The rest home closed in 1953. The founders continued to live there with Peterson taking care of Watson until Watson died at age 90 on January 3, 1957. The Sanitarium was demolished in 1964 with the arrival of the Highway 49 freeway.\"\r\n\r\nLocated: In front of 425 Coyote St, Nevada City","Notes":null,"GoogleMap_URL":"https://google.com/maps/?daddr=39.265905,-121.0189894","Secondary_Note":null,"GlobalID":"5e4312fa-7727-46f1-99cd-fcd27368c0af","CreationDate":1762195470209,"Creator":"lindseygordon","EditDate":1762198026201,"Editor":"lindseygordon","official_image_url":"https://services1.arcgis.com/UvqJJ6GFv4u5BZQj/arcgis/rest/services/Historical_Landmarks_-_PUBLIC_VL/FeatureServer/1/262/attachments/305","official_story_map_url":"https://storymaps.arcgis.com/stories/c140a2e3c6bf4d979e4c554496522d88"}},{"type":"Feature","id":116,"geometry":{"type":"Point","coordinates":[-121.018100000274,39.2623000000138]},"properties":{"OBJECTID":116,"Name":"National Exchange Hotel","ENC":94,"Address":"211 Broad St, Nevada City","Area":"Nevada City","Area_List":"Nevada City","Longitude":-121.0181,"Latitude":39.2623,"Desc_":"Designated a National Historical Landmark 1973. First plaque dedicated 1963 by Chap 10 E Clampus Vitus: Originally the Bicknell Block, stagecoach, mail, express and telegraph center in mining days. Companies which became the Pacific Gas & Electric formed here. Site of first whipping post in state. Facade unchanged since 1854.\n\nLandmark registered 1972 by State of California, CHL 899. Second plaque dedicated 1976 by State: This hotel, one of the oldest in continuous operation west of the Rockies, opened for business in August, 1856. Originally known as the 'Bicknell Block,' the structure consists of three common-walled buildings of simple brick construction embellished with classic revival and wrought iron railing ornamentation.\n\nLocated: 211 Broad St, Nevada City CA","Notes":null,"GoogleMap_URL":"https://google.com/maps/?daddr=39.2623,-121.0181","Secondary_Note":null,"GlobalID":"1d4fe5c6-6a4c-4f07-be3b-7afe9056b6a8","CreationDate":1671141041876,"Creator":"lindseygordon","EditDate":1672343407695,"Editor":"lindseygordon","official_image_url":"https://services1.arcgis.com/UvqJJ6GFv4u5BZQj/arcgis/rest/services/Historical_Landmarks_-_PUBLIC_VL/FeatureServer/1/116/attachments/116","official_story_map_url":"https://storymaps.arcgis.com/stories/c140a2e3c6bf4d979e4c554496522d88"}},{"type":"Feature","id":231,"geometry":{"type":"Point","coordinates":[-121.059300000089,39.2683000000215]},"properties":{"OBJECTID":231,"Name":"The Willo Steakhouse","ENC":209,"Address":"16898 Hwy 49, Nevada City","Area":"Nevada City","Area_List":"Nevada City","Longitude":-121.0593,"Latitude":39.2683,"Desc_":"Plaque dedicated 2019 by Native Sons of the Golden West: “In 1947, Bill Davis, a retired U.S. Navy Lt. Commander, purchased and reassembled a surplus WW II Quonset hut from the Navy and opened Bill Davis's Hut, a popular watering hole for the lumber and mining workforce. In 1950, Wilma Kenny leased the property and renamed it Wilma's Hut. Since then, the business was operated by a variety of individuals. In 1963, Bob and Peggy Tucker purchased the hut and renamed it Tuck's Hut. Then in 1969 the Tuckers leased the property to Frank Williams, owner of the Willo bar in Grass Valley, who was displaced by the Gold Country Freeway construction. He partnered with Veda Folden who, with the help of her husband and brothers, converted the covered structure into the main dining room. The Willo steakhouse was born. Many folks through the decades have asked why the Willo has no 'w' on the end (Willow). The Willo is a combination of Frank Williams last name and his wife's first name Lola. In 1976 Ken and Jeannie Hiebert purchased the property from Peggy Tucker and combined the bar and restaurant operations. They operated it for 26 years before selling it to the current owners, Mike Byrne and Nancy Wilson who at the time of this dedication are committed to preserving the California roadhouse heritage of the Willo, which has served over 1,000,000 choice New York steaks.\"\n\nLocated: 16898 Hwy 49., Nevada City CA","Notes":null,"GoogleMap_URL":"https://google.com/maps/?daddr=39.2683,-121.0593","Secondary_Note":null,"GlobalID":"2d42de34-f425-46c9-8b39-78ee89d36a39","CreationDate":1671141041876,"Creator":"lindseygordon","EditDate":1672352484310,"Editor":"lindseygordon","official_image_url":"https://services1.arcgis.com/UvqJJ6GFv4u5BZQj/arcgis/rest/services/Historical_Landmarks_-_PUBLIC_VL/FeatureServer/1/231/attachments/230","official_story_map_url":"https://storymaps.arcgis.com/stories/c140a2e3c6bf4d979e4c554496522d88"}},{"type":"Feature","id":128,"geometry":{"type":"Point","coordinates":[-121.015900000092,39.2631000000161]},"properties":{"OBJECTID":128,"Name":"Charles Marsh House","ENC":106,"Address":"123 Nevada St, Nevada City","Area":"Nevada City","Area_List":"Nevada City","Longitude":-121.0159,"Latitude":39.2631,"Desc_":"Landmark registered 1996 by Nevada County, NEV 96-02. Plaque dedicated 1996 and placed 1998 by Chap 10 E Clampus Vitus: Built about 1866 by Charles Marsh, who arrived here in July, 1849, in what would later become Nevada City. Marsh was the first County Surveyor and the first County Supervisor from Nevada City. He created the water distribution system which formed the basis for P.G.& E. and the Nevada Irrigation District. Marsh was influential in the routing of the Central Pacific Railroad and served on its original Board of Directors, as well as the Board of the Nevada County Narrow Gauge Railroad. He was also instrumental in creating a Library Association in Nevada City.\n\nLocated: 123 Nevada St, Nevada City CA","Notes":null,"GoogleMap_URL":"https://google.com/maps/?daddr=39.2631,-121.0159","Secondary_Note":null,"GlobalID":"1f7730e9-be2b-413a-b4cd-b8dfbbad5826","CreationDate":1671141041876,"Creator":"lindseygordon","EditDate":1672348296900,"Editor":"lindseygordon","official_image_url":"https://services1.arcgis.com/UvqJJ6GFv4u5BZQj/arcgis/rest/services/Historical_Landmarks_-_PUBLIC_VL/FeatureServer/1/128/attachments/128","official_story_map_url":"https://storymaps.arcgis.com/stories/c140a2e3c6bf4d979e4c554496522d88"}},{"type":"Feature","id":122,"geometry":{"type":"Point","coordinates":[-121.02309999979,39.2590999998189]},"properties":{"OBJECTID":122,"Name":"William Morris Stewart House","ENC":100,"Address":"416 Zion St, Nevada City","Area":"Nevada City","Area_List":"Nevada City","Longitude":-121.0231,"Latitude":39.2591,"Desc_":"Landmark registered 1972 by Nevada County, NEV 16. Plaque dedicated 1964 by Chap 10 E Clampus Vitus: William Morris Stewart Mansion Built 1855-56. Exact replica of wife's ante-bellum colonial birthplace. Only edifice of this type in California. Stewart, an early Nevada County district attorney, joined the 1859 Comstock silver rush, led battle for statehood and became Nevada's first U.S. Senator. Served 29 years known as the Silver Senator and Father of American mining law. Authored 15th Constitutional Amendment.\n\nNote: The Stewart family occupied the home for only a short time before selling the house in 1857 to Judge Niles Searls, whose family lived here from 1858 to 1862.\n\nLocated: 416 Zion St, Nevada City CA","Notes":"Note: The Stewart family occupied the home for only a short time before selling the house in 1857 to Judge Niles Searls, whose family lived here from 1858 to 1862.","GoogleMap_URL":"https://google.com/maps/?daddr=39.2591,-121.0231","Secondary_Note":null,"GlobalID":"1780c7ed-9947-46d1-a7f0-01be1b50ff31","CreationDate":1671141041876,"Creator":"lindseygordon","EditDate":1672348032880,"Editor":"lindseygordon","official_image_url":"https://services1.arcgis.com/UvqJJ6GFv4u5BZQj/arcgis/rest/services/Historical_Landmarks_-_PUBLIC_VL/FeatureServer/1/122/attachments/122","official_story_map_url":"https://storymaps.arcgis.com/stories/c140a2e3c6bf4d979e4c554496522d88"}},{"type":"Feature","id":22,"geometry":{"type":"Point","coordinates":[-120.966000000008,39.1452000003135]},"properties":{"OBJECTID":22,"Name":"Chicago Park Historic Agricultural Community","ENC":18,"Address":"Along Hwy 174 between the Bear River and Brunswick Rd","Area":"South County","Area_List":"South County","Longitude":-120.966,"Latitude":39.1452,"Desc_":"The Chicago Park Historic Agricultural Community occupies roughly the area on either side of Highway 174 between the Bear River and Brunswick Road. It is centered on the villages of Chicago Park and Peardale. In 1887, a group of Colfax and Chicago, Illinois developers acquired several thousand acres of land and drew up plans for the Chicago Park Colony. The Colony was to consist of 20 and 40 acre tracts as well as town lots laid out around a public square with streets named for prominent streets in Chicago. Much of the planned development never materialized, but reportedly almost 7000 acres were sold, principally to residents of Chicago. Many of the tracts were planted with orchards, and the area was referred to as the Bartlett Pear Belt. This historic community contains several landmarks and plaques.\n\nLocated: Along Hwy 174 between the Bear River and Brunswick Rd","Notes":null,"GoogleMap_URL":"https://google.com/maps/?daddr=39.1452,-120.966","Secondary_Note":null,"GlobalID":"4371c691-130a-4972-8b74-f00c9a9a4849","CreationDate":1671141041876,"Creator":"lindseygordon","EditDate":1672340057686,"Editor":"lindseygordon","official_image_url":"https://services1.arcgis.com/UvqJJ6GFv4u5BZQj/arcgis/rest/services/Historical_Landmarks_-_PUBLIC_VL/FeatureServer/1/22/attachments/22","official_story_map_url":"https://storymaps.arcgis.com/stories/c140a2e3c6bf4d979e4c554496522d88"}},{"type":"Feature","id":76,"geometry":{"type":"Point","coordinates":[-121.026999999663,39.2682000001155]},"properties":{"OBJECTID":76,"Name":"Hydraulic Mining","ENC":64,"Address":"Railroad Ave at back entrance to Northern Queen Inn, Nevada City","Area":"Nevada City","Area_List":"Nevada City","Longitude":-121.027,"Latitude":39.2682,"Desc_":"Plaque dedicated 2010 by Native Sons of the Golden West: The first hydraulic mining originated here at American Hill Diggins by Edward Matteson in 1853. Matteson originally used canvas hose. The canvas hose was replaced with crinoline hose in 1860. These miners' giants, also known as water cannons, monitors and dictators, washed hillsides away with high pressure water, uncovering gold bearing beds. This mining technique flourished profitably until 1884. Rivers were being filled with mud and debris causing flooding of the rich farm lands in the valley. At that time, a lawsuit brought by farmers against hydraulic mining was heard in Marysville, California where a decision known as The Sawyer Decision stopped all mining. Under a special use permit, granted by the Department of Fish and Game, these hydraulic monitors were last used at the Pacific Slab Mine near Foresthill, California in 1970, which was documented by the California Department of Parks and Recreation.\n\nLocated: Railroad Ave at back entrance to Northern Queen Inn, Nevada City CA","Notes":null,"GoogleMap_URL":"https://google.com/maps/?daddr=39.2682,-121.027","Secondary_Note":null,"GlobalID":"b346e963-b96b-464d-b55f-c56363899ff0","CreationDate":1671141041876,"Creator":"lindseygordon","EditDate":1672341928421,"Editor":"lindseygordon","official_image_url":"https://services1.arcgis.com/UvqJJ6GFv4u5BZQj/arcgis/rest/services/Historical_Landmarks_-_PUBLIC_VL/FeatureServer/1/76/attachments/76","official_story_map_url":"https://storymaps.arcgis.com/stories/c140a2e3c6bf4d979e4c554496522d88"}},{"type":"Feature","id":222,"geometry":{"type":"Point","coordinates":[-121.066699999802,39.2159000000775]},"properties":{"OBJECTID":222,"Name":"W.C. Jones Memorial Hospital/Swan Levine House","ENC":200,"Address":"328 S. Church St, Grass Valley","Area":"Grass Valley","Area_List":"Grass Valley","Longitude":-121.0667,"Latitude":39.2159,"Desc_":"Landmark registered 2017 by Nevada County, NEV 17-02. Description: Built in 1867 for the Faheys, owners of the Allison Ranch mine, then owned by William Campbell, a prominent local businessman, the building was acquired in 1905 by Dr. John Taylor Jones for use as the county's first private hospital. He named it the Dr. W. C. Jones Memorial Hospital for his father, who been the most prominent physician and surgeon in the county in the 19th century.  After John's death in 1917, his younger brother, Dr. Carl, continued the practice. The hospital opened in 1907 and served patients until 1968, being the area's principal medical center for most of that time. In 1975, it was acquired by Howard Levine and his wife the late Peggy Swan. Renamed the Swan Levine House, it is used as an arts academy and bed and breakfast inn.\n\nLocated: 328 S. Church St., Grass Valley CA","Notes":null,"GoogleMap_URL":"https://google.com/maps/?daddr=39.2159,-121.0667","Secondary_Note":null,"GlobalID":"6335a504-0f73-4191-93d5-2d2bd350e5e5","CreationDate":1671141041876,"Creator":"lindseygordon","EditDate":1672352214010,"Editor":"lindseygordon","official_image_url":"https://services1.arcgis.com/UvqJJ6GFv4u5BZQj/arcgis/rest/services/Historical_Landmarks_-_PUBLIC_VL/FeatureServer/1/222/attachments/279","official_story_map_url":"https://storymaps.arcgis.com/stories/c140a2e3c6bf4d979e4c554496522d88"}},{"type":"Feature","id":59,"geometry":{"type":"Point","coordinates":[-121.058399999565,39.2179999998533]},"properties":{"OBJECTID":59,"Name":"Dow Alexander Park","ENC":51,"Address":"Corner Bennett and Bank Sts, Grass Valley","Area":"Grass Valley","Area_List":"Grass Valley","Longitude":-121.0584,"Latitude":39.218,"Desc_":"First plaque dedicated 1991 by Native Daughters of the Golden West: Formerly known as the City Square, this park was established by the Grass Valley Women's Improvement Club in 1911, as a place of rest for patrons of the Nevada County Narrow Gauge Railroad. It was dedicated to the pioneers and veterans of the Spanish American War.\n\nSecond plaque dedicated 2004 by Chap 10 E Clampus Vitus: Columbiad Cannon - 1850. Last on duty at Fort Point on San Francisco Bay. Grass Valley Women's Improvement Club arranged with the US War Department for donation to be placed in City Square, now Dow Alexander Park. Transferred from Benicia Arsenal to here in 1911. Only known example of its type to exist. Weight: 9100 pounds.\n\nNote: Sara Kidder, President of the Narrow Gauge Railroad, was the driving force behind the creation of this park. The beautiful red maple in the park was given by Alice Beatty, daughter of John Rollin Ridge.\n\nLocated: Corner of Bennett and Bank Sts, Grass Valley CA","Notes":"Note: Sara Kidder, President of the Narrow Gauge Railroad, was the driving force behind the creation of this park. The beautiful red maple in the park was given by Alice Beatty, daughter of John Rollin Ridge.\n","GoogleMap_URL":"https://google.com/maps/?daddr=39.218,-121.0584","Secondary_Note":null,"GlobalID":"05a3e945-e0ee-42e5-ba65-dd6a14162b83","CreationDate":1671141041876,"Creator":"lindseygordon","EditDate":1673034943216,"Editor":"lindseygordon","official_image_url":"https://services1.arcgis.com/UvqJJ6GFv4u5BZQj/arcgis/rest/services/Historical_Landmarks_-_PUBLIC_VL/FeatureServer/1/59/attachments/275","official_story_map_url":"https://storymaps.arcgis.com/stories/c140a2e3c6bf4d979e4c554496522d88"}},{"type":"Feature","id":108,"geometry":{"type":"Point","coordinates":[-121.020299999558,39.2631000000161]},"properties":{"OBJECTID":108,"Name":"Nevada City Firehouse No. 2","ENC":86,"Address":"420 Broad St. Nevada City","Area":"Nevada City","Area_List":"Nevada City","Longitude":-121.0203,"Latitude":39.2631,"Desc_":"Placed on the National Register 1974. Plaque dedicated 1979 by Nevada City Volunteer Fire Department and Chap 10 E Clampus Vitus: Firehouse #2 or Pennsylvania Engine Company #2 January 14, 1861. Fire company formed June 13, 1860 as Eureka Hose No. 2 with 34 volunteers. Name changed in August of that year to 'Pennsylvania Engine.' Construction money raised in 1859 by popular subscription and a grand ball staged by the town's women. This firehouse has been in continuous use since 1861.\n\nNote: The name change occurred after Eureka Hose #2 bought a used hose wagon from Pennsylvania Hose Co #12 in San Francisco. Because it was the easiest thing to do, they scratched off the “1” in #12  with a pen knife and changed their name to Pennsylvania Engine Company #2. The wagon is on display at the Wagon Shed (No. 113) in Pioneer Park.\n\nLocated: 420 Broad St., Nevada City CA","Notes":"Note: The name change occurred after Eureka Hose #2 bought a used hose wagon from Pennsylvania Hose Co #12 in San Francisco. Because it was the easiest thing to do, they scratched off the “1” in #12  with a pen knife and changed their name to Pennsylvania Engine Company #2. The wagon is on display at the Wagon Shed (No. 113) in Pioneer Park.","GoogleMap_URL":"https://google.com/maps/?daddr=39.2631,-121.0203","Secondary_Note":null,"GlobalID":"c941700a-77e6-4081-a7e4-9c2f32818c22","CreationDate":1671141041876,"Creator":"lindseygordon","EditDate":1761927679287,"Editor":"lindseygordon","official_image_url":"https://services1.arcgis.com/UvqJJ6GFv4u5BZQj/arcgis/rest/services/Historical_Landmarks_-_PUBLIC_VL/FeatureServer/1/108/attachments/108","official_story_map_url":"https://storymaps.arcgis.com/stories/c140a2e3c6bf4d979e4c554496522d88"}},{"type":"Feature","id":225,"geometry":{"type":"Point","coordinates":[-121.019199999916,39.2626999997652]},"properties":{"OBJECTID":225,"Name":"309 Broad Street/Golden Era Lounge","ENC":203,"Address":"309 Broad Street/Golden Era Lounge","Area":"Nevada City","Area_List":"Nevada City","Longitude":-121.0192,"Latitude":39.2627,"Desc_":"Landmark registered 2017 by Nevada County, NEV 17-01. Plaque dedicated 2019 by the Giardina family: Buildings on this site have housed bars and saloons since the Gold Rush era. Diana Saloon was opened in 1856. Stumpf's Miner's Hotel was established in 1863, Frank's Place (Eilerman) Saloon in 1887, and Costello & Jepson in 1910. The current building was constructed in 1886 following a major fire. W. B. Celio and H. L. Gove purchased the property in 1906, and it remained in the Celio family until 2015. Costello & Jepson established a \"soda fountain\" during the Prohibition years, followed by a series of bars that included the Success and Duffy's Success. Golden Era opened in 2015. The Brunswick-Balke-Collender Co.'s 'The Record' bar was built circa 1895. The front and back bars were installed in 1904 and 1915 respectively.\n\nLocated: 309 Broad Street/Golden Era Lounge, Nevada City CA","Notes":null,"GoogleMap_URL":"https://google.com/maps/?daddr=39.2627,-121.0192","Secondary_Note":null,"GlobalID":"58513f6d-5129-4098-b8d9-0db394620a3c","CreationDate":1671141041876,"Creator":"lindseygordon","EditDate":1672352214042,"Editor":"lindseygordon","official_image_url":"https://services1.arcgis.com/UvqJJ6GFv4u5BZQj/arcgis/rest/services/Historical_Landmarks_-_PUBLIC_VL/FeatureServer/1/225/attachments/224","official_story_map_url":"https://storymaps.arcgis.com/stories/c140a2e3c6bf4d979e4c554496522d88"}},{"type":"Feature","id":82,"geometry":{"type":"Point","coordinates":[-121.02189999969,39.2669999998506]},"properties":{"OBJECTID":82,"Name":"Indian Medicine Stone","ENC":70,"Address":"621 E. Broad St, opposite N. Pine St, Nevada City","Area":"Nevada City","Area_List":"Nevada City","Longitude":-121.0219,"Latitude":39.267,"Desc_":"Plaque dedicated 1936 by the Native Sons of the Golden West: Pioneer Emigrant Trail. This boulder was known to the pioneers as the Indian Medicine Stone. On its top are hollows in which the Indians lay while taking sun baths to cure their ills. One branch of the Emigrant Trail leading from Truckee Pass to the gold mines of Nevada County and to the Valley of the Sacramento passed close beside this stone.\n\nNote: The land on which this stone sits was once Nisenan land.\n\nLocated: 621 E. Broad St, opposite N. Pine St, Nevada City CA","Notes":"Note: The land on which this stone sits was once Nisenan land.\n","GoogleMap_URL":"https://google.com/maps/?daddr=39.267,-121.0219","Secondary_Note":null,"GlobalID":"43f76356-a958-4361-8c10-b989290cc1de","CreationDate":1671141041876,"Creator":"lindseygordon","EditDate":1672342273013,"Editor":"lindseygordon","official_image_url":"https://services1.arcgis.com/UvqJJ6GFv4u5BZQj/arcgis/rest/services/Historical_Landmarks_-_PUBLIC_VL/FeatureServer/1/82/attachments/82","official_story_map_url":"https://storymaps.arcgis.com/stories/c140a2e3c6bf4d979e4c554496522d88"}},{"type":"Feature","id":33,"geometry":{"type":"Point","coordinates":[-121.063599999995,39.2193000002508]},"properties":{"OBJECTID":33,"Name":"Holbrooke Hotel","ENC":24,"Address":"212 W. Main St, Grass Valley","Area":"Grass Valley","Area_List":"Grass Valley","Longitude":-121.0636,"Latitude":39.2193,"Desc_":"First plaque dedicated 1965 by Chap 10 E Clampus Vitus: Holbrooke Hotel Founded 1851. California\"s oldest hotel in continuous operation. Among its century-old archives are names of such notables as Presidents Grant, Harrison, Cleveland; authors Mark Twain, Bret Harte; boxers Corbett, Fitzsimmons; actor Gilbert Barry, and highwayman Black Bart. Present structure built in 1862 following infamous fire.\n\nLandmark registered and second plaque dedicated 1978 by State of California, CHL 914: “The present bar of the hotel has been in continuous operation since 1852, when it was known as the Golden Gate Saloon. The wooden building had a rear extension called The Exchange Hotel and offered food and lodging by January 1853. The saloon was destroyed in the fire of 1855 and rebuilt out of fieldstone with a brick front. The Holbrooke, built in 1862, had the adjacent Golden Gate Saloon incorporated in the hotel building.\n\nThird plaque dedicated by Grass Valley Downtown Association: Presidential Square. These Presidents of the United States have visited this site: Ulysses S. Grant, James A. Garfield, Benjamin Harrison, Grover Cleveland, Herbert Hoover.\n\nNote: No evidence exists that some of these notables stayed at the Holbrooke or visited Grass Valley.  Local lore has it that Gilbert Barry is a Clamper fabrication.\n\nLocated: 212 W. Main St., Grass Valley CA","Notes":"Note: No evidence exists that some of these notables stayed at the Holbrooke or visited Grass Valley.  Local lore has it that Gilbert Barry is a Clamper fabrication.","GoogleMap_URL":"https://google.com/maps/?daddr=39.2193,-121.0636","Secondary_Note":null,"GlobalID":"b07d7e57-60ba-45ef-89fe-f5a0d71a211a","CreationDate":1671141041876,"Creator":"lindseygordon","EditDate":1672340387977,"Editor":"lindseygordon","official_image_url":"https://services1.arcgis.com/UvqJJ6GFv4u5BZQj/arcgis/rest/services/Historical_Landmarks_-_PUBLIC_VL/FeatureServer/1/33/attachments/33","official_story_map_url":"https://storymaps.arcgis.com/stories/c140a2e3c6bf4d979e4c554496522d88"}},{"type":"Feature","id":39,"geometry":{"type":"Point","coordinates":[-121.061900000304,39.2190999997222]},"properties":{"OBJECTID":39,"Name":"Red Ledge Stamp Mill","ENC":30,"Address":"Corner of Main and Auburn Sts, Grass Valley","Area":"Grass Valley","Area_List":"Grass Valley","Longitude":-121.0619,"Latitude":39.2191,"Desc_":"Plaque dedicated 1980 by the Grass Valley City Council: Stamp Mill. This three stamp mill was donated to the City of Grass Valley by Mrs. Stella Tracy, owner of the famous Red Ledge Mine near Washington, Nevada County, where this mill crushed tons of gold bearing ore for many years. It is erected here in memory of the 'Cousin Jack' miners who came from Cornwall, England with their knowledge of hardrock mining used to bring gold bearing quartz to the surface from the deep mines of the area.\n\nLocated: Corner of Main and Auburn Sts, Grass Valley CA","Notes":null,"GoogleMap_URL":"https://google.com/maps/?daddr=39.2191,-121.0619","Secondary_Note":null,"GlobalID":"97cd5e10-2b3e-498e-b85d-517471060a24","CreationDate":1671141041876,"Creator":"lindseygordon","EditDate":1672340563207,"Editor":"lindseygordon","official_image_url":"https://services1.arcgis.com/UvqJJ6GFv4u5BZQj/arcgis/rest/services/Historical_Landmarks_-_PUBLIC_VL/FeatureServer/1/39/attachments/39","official_story_map_url":"https://storymaps.arcgis.com/stories/c140a2e3c6bf4d979e4c554496522d88"}},{"type":"Feature","id":16,"geometry":{"type":"Point","coordinates":[-121.076400000155,39.194400000268]},"properties":{"OBJECTID":16,"Name":"North Star House","ENC":12,"Address":"12075 Old Auburn Rd, Grass Valley","Area":"South County","Area_List":"South County","Longitude":-121.0764,"Latitude":39.1944,"Desc_":"Landmark registered 2005 by Nevada County, NEV 05-02. Designated a National Historic Landmark 2011. Plaque dedicated 2006 by Chap 10 E Clampus Vitus: This 1905 structure was built for Arthur D. Foote, manager of the North Star mine from 1895 to 1913, and his wife, Mary Hallock Foote, a noted 19th century author and illustrator. The structure was designed by Julia Morgan, California's first licensed female architect and designer of the Hearst properties at San Simeon, Asilomar in Pacific Grove and numerous buildings on the U. C. Berkeley campus, and in total, over 700 buildings. The property is representative of the era that brought Nevada County to the forefront of gold production in California.\n\nLocated: 12075 Old Auburn Rd, Grass Valley CA","Notes":null,"GoogleMap_URL":"https://google.com/maps/?daddr=39.1944,-121.0764","Secondary_Note":null,"GlobalID":"66651785-a4af-4fe0-a241-f0814aa41969","CreationDate":1671141041876,"Creator":"lindseygordon","EditDate":1673034942934,"Editor":"lindseygordon","official_image_url":"https://services1.arcgis.com/UvqJJ6GFv4u5BZQj/arcgis/rest/services/Historical_Landmarks_-_PUBLIC_VL/FeatureServer/1/16/attachments/16","official_story_map_url":"https://storymaps.arcgis.com/stories/c140a2e3c6bf4d979e4c554496522d88"}},{"type":"Feature","id":88,"geometry":{"type":"Point","coordinates":[-121.018300000291,39.2635999997278]},"properties":{"OBJECTID":88,"Name":"First Brick Building in Nevada City","ENC":76,"Address":"212 Church St, Nevada City","Area":"Nevada City","Area_List":"Nevada City","Longitude":-121.0183,"Latitude":39.2636,"Desc_":"Plaque dedicated 1932 by Native Daughters of the Golden West: Built in 1853. First brick building erected in this city. Dedicated to the memory of the pioneers of Nevada City.\n\nNote: This originally was the Dickerman carpenter shop. Bricks for this building were manufactured at Zeno P. Davis's brickyard on Lower Grass Valley Rd in Nevada City (now called Searls Ave).\n\nLocated: 212 Church St, Nevada City CA","Notes":"\nNote: This originally was the Dickerman carpenter shop. Bricks for this building were manufactured at Zeno P. Davis's brickyard on Lower Grass Valley Rd in Nevada City (now called Searls Ave).","GoogleMap_URL":"https://google.com/maps/?daddr=39.2636,-121.0183","Secondary_Note":null,"GlobalID":"ff55276b-1dc1-46d1-8e18-f0b251d02d15","CreationDate":1671141041876,"Creator":"lindseygordon","EditDate":1672342611325,"Editor":"lindseygordon","official_image_url":"https://services1.arcgis.com/UvqJJ6GFv4u5BZQj/arcgis/rest/services/Historical_Landmarks_-_PUBLIC_VL/FeatureServer/1/88/attachments/88","official_story_map_url":"https://storymaps.arcgis.com/stories/c140a2e3c6bf4d979e4c554496522d88"}},{"type":"Feature","id":53,"geometry":{"type":"Point","coordinates":[-121.069000000442,39.210599999755]},"properties":{"OBJECTID":53,"Name":"Empire House","ENC":45,"Address":"535 Mill St, Grass Valley","Area":"Grass Valley","Area_List":"Grass Valley","Longitude":-121.069,"Latitude":39.2106,"Desc_":"Plaque dedicated 1991 by Chap 10 E Clampus Vitus: This site at the lower end of Boston Ravine on the old main road from Grass Valley to Auburn has been the location of a public house since 1851. Charles Behrisch was the owner from 1851 to 1885. Ownership changed hands many times through the years. Purchased by Dominic Pajnich on August 1,1933, and was burned in 1934. Replaced with a 14 room hotel, named Empire Inn. Upstairs closed off in 1964, but remains a popular food and beverage stop today.\n\nNote: Boston Ravine, established in 1849, was the earliest mining community in the area which subsequently grew into Grass Valley.\n\nLocated: 535 Mill St, Grass Valley CA","Notes":"Note: Boston Ravine, established in 1849, was the earliest mining community in the area which subsequently grew into Grass Valley.","GoogleMap_URL":"https://google.com/maps/?daddr=39.2106,-121.069","Secondary_Note":null,"GlobalID":"14633ceb-994c-4c55-80ce-50a7dc9783ff","CreationDate":1671141041876,"Creator":"lindseygordon","EditDate":1672340908566,"Editor":"lindseygordon","official_image_url":"https://services1.arcgis.com/UvqJJ6GFv4u5BZQj/arcgis/rest/services/Historical_Landmarks_-_PUBLIC_VL/FeatureServer/1/53/attachments/53","official_story_map_url":"https://storymaps.arcgis.com/stories/c140a2e3c6bf4d979e4c554496522d88"}},{"type":"Feature","id":102,"geometry":{"type":"Point","coordinates":[-121.017599999784,39.262499999827]},"properties":{"OBJECTID":102,"Name":"Hydraulic Gate Valve","ENC":81.4,"Address":"Calanan Park","Area":"Nevada City","Area_List":"Nevada City","Longitude":-121.0176,"Latitude":39.2625,"Desc_":"Plaque dedicated 2001 by the Nevada City Council: Hydraulic gold mining 21-inch gate valve 1880 Used at the You Bet-Red Dog diggin's east of Nevada City periodically 1880-1935 to control water flow from Chalk Bluff reservoir to the mine. Hydraulic nozzle mounted opposite was operated at that mine by Thomas B. Brady. Manufactured by Joshua Handy Works, San Francisco. Wt. 1,500 lbs. approx. A gift from the Brady Family.\n\nLocated: Calanan Park, Nevada City CA","Notes":null,"GoogleMap_URL":"https://google.com/maps/?daddr=39.2625,-121.0176","Secondary_Note":null,"GlobalID":"2ed38619-73ec-4202-a97c-416ad7a9fb03","CreationDate":1671141041876,"Creator":"lindseygordon","EditDate":1672342612373,"Editor":"lindseygordon","official_image_url":"https://services1.arcgis.com/UvqJJ6GFv4u5BZQj/arcgis/rest/services/Historical_Landmarks_-_PUBLIC_VL/FeatureServer/1/102/attachments/102","official_story_map_url":"https://storymaps.arcgis.com/stories/c140a2e3c6bf4d979e4c554496522d88"}},{"type":"Feature","id":45,"geometry":{"type":"Point","coordinates":[-121.062999999945,39.2179999998533]},"properties":{"OBJECTID":45,"Name":"Chris Stevens Court","ENC":36,"Address":"Stevens Court, off Mill St, Grass Valley","Area":"Grass Valley","Area_List":"Grass Valley","Longitude":-121.063,"Latitude":39.218,"Desc_":"Plaque dedicated 2018: Stevens Court honors John Christopher Stevens, United States Ambassador to Libya, who died in the service of his country September 11, 2012, in Benghazi. 'Chris' Stevens was born in Nevada County, the offspring of three generations of Grass Valleyans. Chris loved Grass Valley and spent many happy hours there. His fascination in foreign affairs and history led him to a Peace Corps stint in Morocco, followed by work in international legal law practice in San Francisco and Washington D.C. He then joined the Foreign Service, in which he served in Egypt, Saudi Arabia, Tunisia, Jerusalem and Syria. When revolution broke out in Libya, Chris was sent out on a rusty Greek freighter to report and make recommendations for U.S. policy. His work led to appointment as U.S. Ambassador to the fledgling nation. Early on he established rapport with the Libyans, as he had with the people of the Middle East and Africa wherever he was stationed with the Foreign Service. Rather than hiding behind fortified walls, he strolled the streets, talking to the people. One day after the attack that cost him his life, thousands of Libyans took to the streets protesting his death. They carried hand printed signs, some reading: 'Chris Stevens was a friend to all Libyans'.\n\nLocated: Stevens Court, off Mill St, Grass Valley CA","Notes":null,"GoogleMap_URL":"https://google.com/maps/?daddr=39.218,-121.063","Secondary_Note":null,"GlobalID":"0d5de078-d497-4443-9273-b541a0c51d92","CreationDate":1671141041876,"Creator":"lindseygordon","EditDate":1672340715529,"Editor":"lindseygordon","official_image_url":"https://services1.arcgis.com/UvqJJ6GFv4u5BZQj/arcgis/rest/services/Historical_Landmarks_-_PUBLIC_VL/FeatureServer/1/45/attachments/45","official_story_map_url":"https://storymaps.arcgis.com/stories/c140a2e3c6bf4d979e4c554496522d88"}},{"type":"Feature","id":48,"geometry":{"type":"Point","coordinates":[-121.064699999637,39.2182000000358]},"properties":{"OBJECTID":48,"Name":"Edward Coleman House","ENC":39,"Address":"318 Neal St, corner School St, Grass Valley","Area":"Grass Valley","Area_List":"Grass Valley","Longitude":-121.0647,"Latitude":39.2182,"Desc_":"Landmark registered and plaque dedicated 1996 by Nevada County, NEV 96-01: The Edward Coleman House. Edward Coleman built this house in 1866. While residing here, Coleman was President/Superintendent of the Idaho Mine, Director of the Nevada County Narrow Gauge Railroad, and had interests in the Mohawk Lumber Company. Coleman sold this house in 1893.\n\nLocated: 318 Neal St,, corner of School St, Grass Valley CA","Notes":null,"GoogleMap_URL":"https://google.com/maps/?daddr=39.2182,-121.0647","Secondary_Note":null,"GlobalID":"6cb81e2f-b216-4b5a-9683-a4cb13bdc0d7","CreationDate":1671141041876,"Creator":"lindseygordon","EditDate":1672340715810,"Editor":"lindseygordon","official_image_url":"https://services1.arcgis.com/UvqJJ6GFv4u5BZQj/arcgis/rest/services/Historical_Landmarks_-_PUBLIC_VL/FeatureServer/1/48/attachments/48","official_story_map_url":"https://storymaps.arcgis.com/stories/c140a2e3c6bf4d979e4c554496522d88"}},{"type":"Feature","id":71,"geometry":{"type":"Point","coordinates":[-121.036999999592,39.2331999999948]},"properties":{"OBJECTID":71,"Name":"Glenbrook Basin","ENC":59,"Address":"Sutton Way, south of Brunswick Rd, next to bus shelter in Glenbrook Plaza parking lot","Area":"Glenbrook ","Area_List":"Glenbrook","Longitude":-121.037,"Latitude":39.2332,"Desc_":"Landmark registered 1993 by Nevada County, NEV 93-01. Photo display dedicated 1993 by Landmarks Commission: Early In the 1850's Glenbrook Basin first became known as the site of county fairs, horse racing and other special events. When Olympia Park, located at the south end of the basin, opened in 1901, Glenbrook Basin became the recreational center of Nevada County and much of Northern California, and remained so for over fifty years. People would come to the basin by horse and buggy or later the automobile, but those wishing for a little more excitement would often use the Nevada County Traction Company's trolley, or the Nevada County Narrow Gauge Railroad. The large grandstands of the three-quarter-mile racetrack stood near the junction of present Brunswick Road and Sutton Way. Trotting, pacing, and running horse races were held at the track, and motor car races began in 1913. The racetrack was one of the first electrically lighted racetracks in the state. A dam was constructed just northeast of the existing electrical substation to form Lake Olympia. The lake soon became one of the Basin's main attractions. Located in the center of Lake Olympia was an island with a pavilion which had a coil-spring-mounted dance floor that swayed with the rhythm of the dancers' feet. There was swimming, boating and fishing in Lake Olympia, and during some winters there was ice skating. There were boats and bathing suits for rent, and the park contained a bathhouse, a roller skating rink, and a bar. Many a romance blossomed on the lake during an evening boat ride under the stars. Families rented cabins and picnicked in the shade of the large pine trees along the shores of Lake Olympia. Olympia Park was the site of high school commencements, football and baseball games, and special events such as fat ladies' races and freckled-face children contests. The annual miners' picnics were held at the park with mucking and drilling contests, tug-of-wars and Cornish wrestling, as refreshments of various kinds flowed freely. Olympia Park fell into disrepair in the 1950s and ceased operation in 1958. Glenbrook Basin, once the recreational center for Nevada County, has developed into one of the county's main centers of commerce in supplying various types of shopping, restaurants, services and recreation for the residents and visitors of Nevada County.\n\nLocated: Sutton Way, south of Brunswick Rd, next to bus shelter in Glenbrook Plaza parking lot.","Notes":null,"GoogleMap_URL":"https://google.com/maps/?daddr=39.2332,-121.037","Secondary_Note":null,"GlobalID":"2b74c525-e1ad-498f-927d-65424eff61f0","CreationDate":1671141041876,"Creator":"lindseygordon","EditDate":1673034943247,"Editor":"lindseygordon","official_image_url":"https://services1.arcgis.com/UvqJJ6GFv4u5BZQj/arcgis/rest/services/Historical_Landmarks_-_PUBLIC_VL/FeatureServer/1/71/attachments/262","official_story_map_url":"https://storymaps.arcgis.com/stories/c140a2e3c6bf4d979e4c554496522d88"}},{"type":"Feature","id":94,"geometry":{"type":"Point","coordinates":[-121.016799999718,39.2628999998282]},"properties":{"OBJECTID":94,"Name":"Original Ott Assay Office Site","ENC":80.2,"Address":"Robinson Plaza","Area":"Nevada City","Area_List":"Nevada City","Longitude":-121.0168,"Latitude":39.2629,"Desc_":"Landmark registered 1969 by Nevada County, NEV 01. Placed on the National Register 1975. Plaque dedicated 1970 by Landmarks Commission: Site of the Original Ott Assay Office. J. J. Ott's assay in 1859 helped develop the great Comstock Lode and the State of Nevada.\n\nNote: Ott's original Assay Office was built of wood. It burned in the fire of 1863 and Ott moved into the existing brick building next door.\n\nLocated: Robinson Plaza, Nevada City CA","Notes":"Note: Ott\"s original Assay Office was built of wood. It burned in the fire of 1863 and Ott moved into the existing brick building next door.","GoogleMap_URL":"https://google.com/maps/?daddr=39.2629,-121.0168","Secondary_Note":null,"GlobalID":"75105f24-9028-4ba1-b1cf-03aabd06c614","CreationDate":1671141041876,"Creator":"lindseygordon","EditDate":1761927347804,"Editor":"lindseygordon","official_image_url":"https://services1.arcgis.com/UvqJJ6GFv4u5BZQj/arcgis/rest/services/Historical_Landmarks_-_PUBLIC_VL/FeatureServer/1/94/attachments/263","official_story_map_url":"https://storymaps.arcgis.com/stories/c140a2e3c6bf4d979e4c554496522d88"}},{"type":"Feature","id":117,"geometry":{"type":"Point","coordinates":[-121.017599999784,39.2621999998932]},"properties":{"OBJECTID":117,"Name":"Ladies of the Evening","ENC":95,"Address":"Under oak tree in National Hotel parking lot on Broad St, Nevada City","Area":"Nevada City","Area_List":"Nevada City","Longitude":-121.0176,"Latitude":39.2622,"Desc_":"Plaque dedicated 1972 by Chap 10 E Clampus Vitus: To commemorate that ubiquitous segment of society who have been unacknowledged; who though obscure, made an essential contribution to the settlement of the West.\n\nNote: That segment of society made its contribution in the block of Spring Street that runs behind the hotel.\n\nLocated: Under oak tree in National Hotel parking lot on Broad St, Nevada City CA","Notes":"Note: That segment of society made its contribution in the block of Spring Street that runs behind the hotel.","GoogleMap_URL":"https://google.com/maps/?daddr=39.2622,-121.0176","Secondary_Note":null,"GlobalID":"8c46c73b-e8d2-4552-9445-cc3e6f99be5d","CreationDate":1671141041876,"Creator":"lindseygordon","EditDate":1672348032380,"Editor":"lindseygordon","official_image_url":"https://services1.arcgis.com/UvqJJ6GFv4u5BZQj/arcgis/rest/services/Historical_Landmarks_-_PUBLIC_VL/FeatureServer/1/117/attachments/117","official_story_map_url":"https://storymaps.arcgis.com/stories/c140a2e3c6bf4d979e4c554496522d88"}},{"type":"Feature","id":140,"geometry":{"type":"Point","coordinates":[-121.015500000059,39.2752000001039]},"properties":{"OBJECTID":140,"Name":"Pioneer Emigrant Trail (II)","ENC":118,"Address":"10867 Coyote St, near North Bloomfield Rd, Nevada City","Area":"North San Juan ","Area_List":"North San Juan","Longitude":-121.0155,"Latitude":39.2752,"Desc_":"Plaque dedicated 1936 by Native Sons of the Golden West: A branch of the Pioneer Emigrant Trail leading from Truckee Pass to the gold mines of Nevada County traversed Harmony Ridge down through this gap and on to the Valley of the Sacramento.\n\nLocated: 10867 Coyote St, near North Bloomfield Rd, Nevada City CA","Notes":null,"GoogleMap_URL":"https://google.com/maps/?daddr=39.2752,-121.0155","Secondary_Note":null,"GlobalID":"31a5771d-aeae-412b-91f8-4295c27335e3","CreationDate":1671141041876,"Creator":"lindseygordon","EditDate":1672348713173,"Editor":"lindseygordon","official_image_url":"https://services1.arcgis.com/UvqJJ6GFv4u5BZQj/arcgis/rest/services/Historical_Landmarks_-_PUBLIC_VL/FeatureServer/1/140/attachments/140","official_story_map_url":"https://storymaps.arcgis.com/stories/c140a2e3c6bf4d979e4c554496522d88"}},{"type":"Feature","id":77,"geometry":{"type":"Point","coordinates":[-121.026300000054,39.2669000001761]},"properties":{"OBJECTID":77,"Name":"American Hill Diggings","ENC":65,"Address":"150 W. Broad St, Nevada City","Area":"Nevada City","Area_List":"Nevada City","Longitude":-121.0263,"Latitude":39.2669,"Desc_":"Landmark registered 1972 by Nevada County, NEV 17. First plaque dedicated 1976 by Chap 10, E Clampus Vitus: On this site in 1853 Edward E. Matteson developed one of the first hydraulic mines, an operation in which gold was washed from great quantities of earth with high pressure streams of water. The method used here became a standard of the mining industry through out the world. Second plaque dedicated 2006 by Native Sons of the Golden West: The Hydraulic Monitor, Pipe & Gate Valve displayed here was installed by Native Sons of the Golden West, Hydraulic Parlor 56, Nevada City, January 2006.\n\nNote: The first approach to hydraulic mining may have been that of Antoine Chabot, said to have used water to direct gravel into the sluicebox at Buckeye Hill in 1852. But Matteson fully developed the system in 1853 by attaching a nozzle to a rawhide hose to wash down soil for gold recovery at American Hill. By the 1860s Nevada County miners universally credited Matteson with the invention of hydraulic mining and other labor-saving devices.\n\nLocated: 105 W. Broad St, Nevada City CA","Notes":"Note: The first approach to hydraulic mining may have been that of Antoine Chabot, said to have used water to direct gravel into the sluicebox at Buckeye Hill in 1852. But Matteson fully developed the system in 1853 by attaching a nozzle to a rawhide hose to wash down soil for gold recovery at American Hill. By the 1860s Nevada County miners universally credited Matteson with the invention of hydraulic mining and other labor-saving devices.","GoogleMap_URL":"https://google.com/maps/?daddr=39.2669,-121.0263","Secondary_Note":null,"GlobalID":"70d91d98-acdf-4826-bbe2-c861462ac42a","CreationDate":1671141041876,"Creator":"lindseygordon","EditDate":1672341928437,"Editor":"lindseygordon","official_image_url":"https://services1.arcgis.com/UvqJJ6GFv4u5BZQj/arcgis/rest/services/Historical_Landmarks_-_PUBLIC_VL/FeatureServer/1/77/attachments/77","official_story_map_url":"https://storymaps.arcgis.com/stories/c140a2e3c6bf4d979e4c554496522d88"}},{"type":"Feature","id":17,"geometry":{"type":"Point","coordinates":[-121.078200000304,39.1554000003255]},"properties":{"OBJECTID":17,"Name":"Old Auburn Road Bridge Site","ENC":13,"Address":"Old Auburn Rd, southeast of modern bridge over Wolf Creek about 4 m. south of McCourtney Rd","Area":"South County","Area_List":"South County","Longitude":-121.0782,"Latitude":39.1554,"Desc_":"The Old Auburn Bridge was registered as a landmark in 1996 by Nevada County, NEV 95-06. Description: The bridge consisted of a single span pin-connected steel pony truss, 66 feet in length, 11 feet in width, with a timber deck carrying a single traffic lane. It was built in 1897 by Cotton Brothers and Co. of Oakland, California.\n\nIn 2004, the old bridge was dismantled by the County as unsafe and replaced by a modern span. Recognizing the historical significance of the spot, the County erected a monument containing a bronze plaque: Historic Marker Perrin Crossing. This bridge replaces the original steel truss span constructed in 1897 and remained in continuous service until 2004. This crossing received its name from Joseph and Susan Perrin, who settled nearby in 1851. Close to this crossing the Perrin family operated a stagecoach stop known for its hospitality. This road was part of the original stagecoach route between Sacramento and Grass Valley.\n\nNote: Remains of the stagecoach stop can be seen about 100 ft. south of the monument.\n\nLocated: Old Auburn Rd, southeast of modern bridge over Wold Creek about 4 mi. south of McCourtney Rd","Notes":"Note: Remains of the stagecoach stop can be seen about 100 ft. south of the monument.","GoogleMap_URL":"https://google.com/maps/?daddr=39.1554,-121.0782","Secondary_Note":null,"GlobalID":"f768afbe-aef7-4201-b969-23c639df207b","CreationDate":1671141041876,"Creator":"lindseygordon","EditDate":1672339959133,"Editor":"lindseygordon","official_image_url":"https://services1.arcgis.com/UvqJJ6GFv4u5BZQj/arcgis/rest/services/Historical_Landmarks_-_PUBLIC_VL/FeatureServer/1/17/attachments/17","official_story_map_url":"https://storymaps.arcgis.com/stories/c140a2e3c6bf4d979e4c554496522d88"}},{"type":"Feature","id":31,"geometry":{"type":"Point","coordinates":[-121.072700000298,39.2220000003352]},"properties":{"OBJECTID":31,"Name":"Gilmore Flying Field Site","ENC":22,"Address":"Lyman Gilmore School, corner Gilmore Way and W. Main St, Grass Valley","Area":"Grass Valley","Area_List":"Grass Valley","Longitude":-121.0727,"Latitude":39.222,"Desc_":"Landmark registered 1971 by Nevada County, NEV 10. Plaque dedicated 1972 by the Native Sons and Native Daughters of the Golden West and the Historical Society: Gilmore Flying Field. This windsock marks the site of one of the first flying fields in the United States. Here Lyman Gilmore, a contemporary of the Wright Brothers, pioneered in aviation by designing and building his own planes and gliders as early as 1898.\n\nPlaque on monument in front of school dedicated 1968 by Grand Lodge, Free and Accepted Masons: Lyman Gilmore, Jr. 1874-1951. Lyman Gilmore, Jr. established the first commercial airport on this site in 1907. To him and his memory the people of this community dedicate this school as the Lyman Gilmore School.\n\nNote: Gilmore did not use this field until the winter of 1911-12. As the Daily Transcript reported on January 29, 1912, \"The principal place of business [of the Gilmore Airship Co.] was recently moved from Colfax to Grass Valley, and the meeting on Saturday evening was the first with the present board of directors.\" This pole was used originally at Gilmore Field, which Gilmore always claimed was the first commercial airport on the West Coast. The CETA mural on the north wall of the multipurpose building was painted in 1978.\n\nLocated: Lyman Gilmore School, corner of Gilmore Way and W. Main St, Grass Valley CA","Notes":"Note: Gilmore did not use this field until the winter of 1911-12. As the Daily Transcript reported on January 29, 1912, \"The principal place of business [of the Gilmore Airship Co.] was recently moved from Colfax to Grass Valley, and the meeting on Saturday evening was the first with the present board of directors.\" This pole was used originally at Gilmore Field, which Gilmore always claimed was the first commercial airport on the West Coast. The CETA mural on the north wall of the multipurpose building was painted in 1978.","GoogleMap_URL":"https://google.com/maps/?daddr=39.222,-121.0727","Secondary_Note":null,"GlobalID":"81e57f5a-c46a-4388-a1cb-951652b34d57","CreationDate":1671141041876,"Creator":"lindseygordon","EditDate":1672340336215,"Editor":"lindseygordon","official_image_url":"https://services1.arcgis.com/UvqJJ6GFv4u5BZQj/arcgis/rest/services/Historical_Landmarks_-_PUBLIC_VL/FeatureServer/1/31/attachments/31","official_story_map_url":"https://storymaps.arcgis.com/stories/c140a2e3c6bf4d979e4c554496522d88"}},{"type":"Feature","id":223,"geometry":{"type":"Point","coordinates":[-121.005199999657,39.2231999996698]},"properties":{"OBJECTID":223,"Name":"Chuck Yeager Monument","ENC":201,"Address":"Nevada County Airport, John Bauer Ave, Grass Valley","Area":"Grass Valley","Area_List":"Grass Valley","Longitude":-121.0052,"Latitude":39.2232,"Desc_":"Plaques dedicated by F-104 Committee in 2005. Description: A series of 5 plaques chronicles the career of Gen. Charles E. \"Chuck\" Yeager, a distinguished aviator, war hero and test pilot, who retired to this area. An F-104 Starfighter, the world's first Mach 2 operational aircraft which Yeager tested in 1954, is strikingly displayed behind the plaques.\n\nLocated: Nevada County Airport, John Bauer Ave., Grass Valley CA","Notes":null,"GoogleMap_URL":"https://google.com/maps/?daddr=39.2232,-121.0052","Secondary_Note":null,"GlobalID":"bcf15d03-052a-4082-a0ee-5fc89d684165","CreationDate":1671141041876,"Creator":"lindseygordon","EditDate":1672352214026,"Editor":"lindseygordon","official_image_url":"https://services1.arcgis.com/UvqJJ6GFv4u5BZQj/arcgis/rest/services/Historical_Landmarks_-_PUBLIC_VL/FeatureServer/1/223/attachments/222","official_story_map_url":"https://storymaps.arcgis.com/stories/c140a2e3c6bf4d979e4c554496522d88"}},{"type":"Feature","id":123,"geometry":{"type":"Point","coordinates":[-121.024299999889,39.2561000003051]},"properties":{"OBJECTID":123,"Name":"Nevada City High School Site","ENC":101,"Address":"Near sidewalk, across from 626 Zion St, Nevada City","Area":"Nevada City","Area_List":"Nevada City","Longitude":-121.0243,"Latitude":39.2561,"Desc_":"Plaque dedicated by former students: Nevada City High School was located on this site from 1912-1952. This plaque was placed by former students as a lasting memorial to their high school.\n\nNote: After merger of Grass Valley and Nevada City high schools, Seven Hills School used the building as a junior high school. In 1973 the buildings were sold to the County of Nevada and eventually torn down. A charter school occupies the adjoining grounds.\n\nLocated: Near sidewalk, across from 626 Zion St, Nevada City CA","Notes":"Note: After merger of Grass Valley and Nevada City high schools, Seven Hills School used the building as a junior high school. In 1973 the buildings were sold to the County of Nevada and eventually torn down. A charter school occupies the adjoining grounds.","GoogleMap_URL":"https://google.com/maps/?daddr=39.2561,-121.0243","Secondary_Note":null,"GlobalID":"992e2d7e-0f00-4a18-91d8-f98b7a9e0dba","CreationDate":1671141041876,"Creator":"lindseygordon","EditDate":1672348032880,"Editor":"lindseygordon","official_image_url":"https://services1.arcgis.com/UvqJJ6GFv4u5BZQj/arcgis/rest/services/Historical_Landmarks_-_PUBLIC_VL/FeatureServer/1/123/attachments/123","official_story_map_url":"https://storymaps.arcgis.com/stories/c140a2e3c6bf4d979e4c554496522d88"}},{"type":"Feature","id":60,"geometry":{"type":"Point","coordinates":[-121.057899999973,39.2178999998964]},"properties":{"OBJECTID":60,"Name":"Nevada County Narrow Gauge Railroad (I)","ENC":52,"Address":"Entrance at Bennett and Bank Sts, Grass Valley. Plaque at Bennett and Kidder Sts.","Area":null,"Area_List":"Grass Valley","Longitude":-121.0579,"Latitude":39.2179,"Desc_":"Plaque dedicated 1977 by Chap 10 E Clampus Vitus: Nevada County Narrow Gauge Railroad ran from here 5 miles N to Nevada City and 17 miles S to Colfax. Built 1874-76 by John F. Kidder whose home is NE corner. Depot and shops were 50 yards N, rails removed 1942. Sarah, widow of builder, was first woman R.R. president.\n\nNote: The Kidder home burned twice and had to be removed. See Nos. 61 and 62.\n\nLocated: Entrance at Bennett and Bank Sts, Grass Valley. Plaque at Bennett and Kidder Sts.","Notes":"Note: The Kidder home burned twice and had to be removed. See Nos. 61 and 62.","GoogleMap_URL":"https://google.com/maps/?daddr=39.2179,-121.0579","Secondary_Note":null,"GlobalID":"7e546fd2-c9b0-403c-82ed-131314045f38","CreationDate":1671141041876,"Creator":"lindseygordon","EditDate":1673033605960,"Editor":"lindseygordon","official_image_url":"https://services1.arcgis.com/UvqJJ6GFv4u5BZQj/arcgis/rest/services/Historical_Landmarks_-_PUBLIC_VL/FeatureServer/1/60/attachments/60","official_story_map_url":"https://storymaps.arcgis.com/stories/c140a2e3c6bf4d979e4c554496522d88"}},{"type":"Feature","id":226,"geometry":{"type":"Point","coordinates":[-121.080100000012,39.20649999973]},"properties":{"OBJECTID":226,"Name":"Nevada Irrigation District","ENC":204,"Address":"Nevada County Fairgrounds, McCourtney Rd, Grass Valley, near Gate 5","Area":"South County","Area_List":"South County","Longitude":-121.0801,"Latitude":39.2065,"Desc_":"Plaque placed by Nevada Irrigation District 1996: This 18” Pelton Wheel generated power for NID's historic laketender's house at Bowman Lake from 1952 to 1985. This exhibit commemorates the 75th anniversary of the forming of the Nevada Irrigation District on August 15, 1921.\n\nLocated: Nevada County Fairgrounds, McCourtney Rd, Grass Valley CA (near Gate 5)","Notes":null,"GoogleMap_URL":"https://google.com/maps/?daddr=39.2065,-121.0801","Secondary_Note":null,"GlobalID":"a276a359-4003-43d5-98e2-82c00fd3a435","CreationDate":1671141041876,"Creator":"lindseygordon","EditDate":1672352214057,"Editor":"lindseygordon","official_image_url":"https://services1.arcgis.com/UvqJJ6GFv4u5BZQj/arcgis/rest/services/Historical_Landmarks_-_PUBLIC_VL/FeatureServer/1/226/attachments/225","official_story_map_url":"https://storymaps.arcgis.com/stories/c140a2e3c6bf4d979e4c554496522d88"}},{"type":"Feature","id":83,"geometry":{"type":"Point","coordinates":[-121.019300000374,39.2660000001622]},"properties":{"OBJECTID":83,"Name":"545 Main Street","ENC":71,"Address":"545 Main St, NC","Area":"Nevada City","Area_List":"Nevada City","Longitude":-121.0193,"Latitude":39.266,"Desc_":"Landmark registered and plaque dedicated 2002 by Nevada County, NEV 02-01: Druggist and County Treasurer Edward F. Spence built this house on 3 lots in 1866 and lived here with his wife Marietta until her death in 1868. He founded Spenceville, organized banks in San Jose and Southern California, served as Mayor of Los Angeles, and was instrumental in establishing the Mt. Wilson Observatory. County Judge Addison C. Niles bought the house from Spence in 1870 and occupied it with his wife Elizabeth until his election to the California Supreme Court in 1871. The City of Niles, California, is named for him. Niles Searls bought the house from his brother-in-law, Addison Niles, in 1871. When he became a Supreme Court Commissioner in 1885 he and his wife Mary gave the house to son Fred and his bride, Helen Pond, as a wedding present. In 1887 Niles Searls became Chief Justice of the California Supreme Court, and served on the Supreme Court Commission from 1893 to 1899. Attorney Fred Searls (a native of Nevada City) and his wife Helen (a native of Downieville) lived here from 1885 until his death in 1929. The last member of the family to reside here was Fred Searls III, great-grandson of Niles Searls.\n\nLocated: 545 Main St, Nevada City CA","Notes":"Note: See No. 77.","GoogleMap_URL":"https://google.com/maps/?daddr=39.266,-121.0193","Secondary_Note":null,"GlobalID":"cd4ce0d3-83ab-42fc-a868-8f337ad23609","CreationDate":1671141041876,"Creator":"lindseygordon","EditDate":1672342273060,"Editor":"lindseygordon","official_image_url":"https://services1.arcgis.com/UvqJJ6GFv4u5BZQj/arcgis/rest/services/Historical_Landmarks_-_PUBLIC_VL/FeatureServer/1/83/attachments/83","official_story_map_url":"https://storymaps.arcgis.com/stories/c140a2e3c6bf4d979e4c554496522d88"}},{"type":"Feature","id":134,"geometry":{"type":"Point","coordinates":[-121.011899999762,39.2586999996961]},"properties":{"OBJECTID":134,"Name":"Memorial Grove Nevada City","ENC":112,"Address":"Max Solaro Dr, Pioneer Park, Nevada City","Area":"Nevada City","Area_List":"Nevada City","Longitude":-121.0119,"Latitude":39.2587,"Desc_":"This grove honors those who served our country in the armed forces. It contains five plaques.\n\nPlaque dedicated 1946 by the citizens of Nevada City: This plot of land set aside by the City of Nevada, these trees living tributes to our war dead. This plaque and flag pole erected by the citizens of Nevada City dedicated July 4, 1946 to the memory of our heroes who gave their lives in World War II that the American way of life may continue. Caswell Fisher, Tevis Ferguson, Merton Downey, Donald Osrey, Bert Graham, Fred Doby, Eugene Davies, Albert Conti, Ernest Chapman, William G. Bennett, Hans G. Hirsef, Clifford M. Ruth, Timothy R. Livesay, Virgil Roseborough, David McCreary, Eugene Rickard, Robert D. Proctor, Louis G. Netz, Glenn Ponticelli , Walter O. St. John, Carl D. Tobiassen, Gus Wasley, James M. Odegaard, William Pohley, Reid Shurtleff.\n\nPlaque dedicated 1990 by Banner Mountain Post No. 2655, Veterans of Foreign Wars: Korea, June 25, 1950 - July 27, 1953, 'The Forgotten War - Remembered.' Let us not forget those Americans who served, those who died and those who still remain on that foreign soil in defense of freedom. As a result of that war: 54,246 Americans were killed 8,177 Americans are missing in action 389 Americans are prisoners of war.\n\nPlaque dedicated 1992 by Banner Mountain Post No. 2655, Veterans of Foreign Wars: Vietnam. All gave some - some gave all. If you are able, save for them a place inside of you and save one, backward glance when you are leaving for the places they can no longer go. Be not ashamed to say you loved them, though you may or may not have always. Take what they have left and what they have taught you, with their dying and keep it with your own. And in that time when men decide and feel safe to call the war insane, take one moment to embrace those gentle heroes you left behind. - Major Michael Davis O'Donnell, 1 January 1970, Dak To, Vietnam. Note: Major O'Donnell was a helicopter pilot. On 24 March 1970, while attempting to rescue eight soldiers, his chopper was shot down. He and, three crew members were declared missing in action. This memorial plaque is dedicated as a tribute to those who served and fought in the Vietnam War, especially those who died, and those yet to return.\n\nPlaque dedicated 1995 by Banner Mountain Post No. 2655, Veterans of Foreign Wars: POW MIA You are not forgotten.\n\nPlaque dedicated 2007 by the citizens of Nevada County: War on Terror  We Will not Forget.\nIn honor of the Men and Women who have served and will serve in the ongoing Global War on Terror and to those Valiant Few who have given their lives, therein... . We, the citizens of Nevada County, dedicate this memorial. L/Cpl Adam Strain, 20, L/Cpl John 'J.T.' Lucente, 19, 1st Lt. Nathan Krisoff, 25, Cpl Sean Stokes, 24, Ssg David P. Senft, 27.\n\nThere are also memorial plaques for the following Vietnam veterans located on the following Golden Center Freeway overpasses around Nevada City.\n\nPfcUSA: Philip A. Tritsch 06/10/1943-01/28/1969, west end Washington St\nSP/4 101st ABN: Ronald J. Walber 06/3/1948-04/25/1968, west end Broad St\nMichael D. Goeller 06/2/1948-06/01/1969, east end Sacramento St\nCapt USA: John Stuart Seeley 04/10/1932-06/27/1966, west end Gold Flat Rd\n1st Lt USA: James F\n\nNote: Major O'Donnell's remains were recovered and interred at Arlington National Cemetery on 16 August 2001.\n\nLocated: Max Solaro Dr, Pioneer Park, Nevada City CA","Notes":"Note: Major O'Donnell's remains were recovered and interred at Arlington National Cemetery on 16 August 2001.","GoogleMap_URL":"https://google.com/maps/?daddr=39.2587,-121.0119","Secondary_Note":null,"GlobalID":"98e761e1-236f-43d7-a28b-df615cff1a38","CreationDate":1671141041876,"Creator":"lindseygordon","EditDate":1675704949298,"Editor":"CountyofNevada","official_image_url":"https://services1.arcgis.com/UvqJJ6GFv4u5BZQj/arcgis/rest/services/Historical_Landmarks_-_PUBLIC_VL/FeatureServer/1/134/attachments/134","official_story_map_url":"https://storymaps.arcgis.com/stories/c140a2e3c6bf4d979e4c554496522d88"}},{"type":"Feature","id":34,"geometry":{"type":"Point","coordinates":[-121.062500000353,39.2192000000577]},"properties":{"OBJECTID":34,"Name":"Williams Stationery Store","ENC":25,"Address":"112 W. Main St, Grass Valley","Area":"Grass Valley","Area_List":"Grass Valley","Longitude":-121.0625,"Latitude":39.2192,"Desc_":"Plaque dedicated 2000 by Native Sons of the Golden West: This building is known as 'The Brick Store of Silvester and Salaman‚' it was built in 1854 and completed in 1855 by Henry Silvester and Abraham Salaman. It is both the first and oldest original brick (and stone) building in Grass Valley and the second oldest brick building in Nevada County. There have only been three owners of this building, Henry Sylvester, Paul Wesley Michell, and Elton and Helen Williams. Only five businesses have occupied the store in 145 years, H. Silvester Grocery, H. J. Fuchs Grocery, C. W. Jenkin Variety Store, Tresize Brothers Stationery Store, Williams Brothers, later changed to Williams Stationery Store.\n\nLocated: 112 W. Main St, Grass Valley CA","Notes":null,"GoogleMap_URL":"https://google.com/maps/?daddr=39.2192,-121.0625","Secondary_Note":null,"GlobalID":"0e482a50-1c44-4e68-83ec-f357f76dc042","CreationDate":1671141041876,"Creator":"lindseygordon","EditDate":1672340468378,"Editor":"lindseygordon","official_image_url":"https://services1.arcgis.com/UvqJJ6GFv4u5BZQj/arcgis/rest/services/Historical_Landmarks_-_PUBLIC_VL/FeatureServer/1/34/attachments/34","official_story_map_url":"https://storymaps.arcgis.com/stories/c140a2e3c6bf4d979e4c554496522d88"}},{"type":"Feature","id":40,"geometry":{"type":"Point","coordinates":[-121.06159999983,39.2186000000836]},"properties":{"OBJECTID":40,"Name":"Dr. W. C. Jones Home Site","ENC":31,"Address":"129 S Auburn St, now Grass Valley Police Dept","Area":"Grass Valley","Area_List":"Grass Valley","Longitude":-121.0616,"Latitude":39.2186,"Desc_":"Landmark registered 1980 by Nevada County, NEV 29. Description: Dr. W. C. Jones came to Grass Valley in 1874 after serving as physician and surgeon for the Central Pacific Railroad Co. during construction of the railroad between Colfax and Reno. He had three sons, Will, John, and Carl, who along with their father served the community as doctors until the last son died in 1944. In 1904 Dr. John Jones opened the first private hospital in Nevada County-the W. C. Jones Memorial Hospital, Grass Valley. A fourth son, George, became Superior Court Judge of Nevada County, serving from 1908 until 1925 and again from 1938 until he retired in 1947.\n\nNote: The city removed the historic house to make room for the police department.\n\nLocated: 129 S Auburn St, now Grass Valley Police Dept.","Notes":"Note: The city removed the historic house to make room for the police department.","GoogleMap_URL":"https://google.com/maps/?daddr=39.2186,-121.0616","Secondary_Note":null,"GlobalID":"41c42a81-85b1-4e51-872f-48a59a7704e0","CreationDate":1671141041876,"Creator":"lindseygordon","EditDate":1672340563207,"Editor":"lindseygordon","official_image_url":"https://services1.arcgis.com/UvqJJ6GFv4u5BZQj/arcgis/rest/services/Historical_Landmarks_-_PUBLIC_VL/FeatureServer/1/40/attachments/40","official_story_map_url":"https://storymaps.arcgis.com/stories/c140a2e3c6bf4d979e4c554496522d88"}},{"type":"Feature","id":111,"geometry":{"type":"Point","coordinates":[-121.021499999657,39.2638999999294]},"properties":{"OBJECTID":111,"Name":"Sargent Homestead","ENC":89,"Address":"449 Broad St, Nevada City","Area":"Nevada City","Area_List":"Nevada City","Longitude":-121.0215,"Latitude":39.2639,"Desc_":"Landmark registered 1978 by Nevada County, NEV 19. Designated a National Historic Landmark 1980. Plaque dedicated 1978 by Historical Society: Homesteads of Nevada County's Statesman, a 49er. Arrived here In 1850 as a journeyman printer. Editor and owner of the county's first newspaper the Nevada Journal. Admitted to the bar 1854. District Attorney 1855-1857. First citizen elected to the House of Representatives 37th Congress 1861-1863; 41st and 42nd Congresses 1869-1873. First citizen elected to the United States Senate 1873-1879. Yeoman of the Republican Party. Author of the bill which created the first transcontinental railroad. Champion of the woman's suffrage movement, author of the Anthony Amendment giving women the right to vote; author of the Immigration Law, the first United States policy on immigration; author of the bill that revolutionized the mining industry, permitting mineral lands to be held in fee simple; author of the bill making the Pacific states and territories a U.S. Judicial Circuit; secured passage of the bill to establish a branch mint in the State of Nevada; secured appropriations for the construction of the mint and appraiser's building in San Francisco. Envoy extraordinary and minister plenipotentiary from the United States to the Court of Berlin, Germany, 1882-1884.\n\nNote: The Immigration Law Sen. Sargent authored is the Chinese Exclusion Act of 1882.\nEllen Clark Sargent, Aaron's wife, was one of the founders of the American suffrage movement. In 1869, she founded the Nevada County Women's Suffrage Organization. She was later president of the California Woman Suffrage association, and treasurer of the National Woman Suffrage Association. She was an associate of Susan B. Anthony and Elizabeth Cady Stanton. Sargent homes were always open to suffragists. \n\nLocated: 449 Broad St, Nevada City CA","Notes":"Note: The Immigration Law Sen. Sargent authored is the Chinese Exclusion Act of 1882.\nEllen Clark Sargent, Aaron's wife, was one of the founders of the American suffrage movement. See No. 81. In 1869, she founded the Nevada County Women's Suffrage Organization. She was later president of the California Woman Suffrage association, and treasurer of the National Woman Suffrage Association. She was an associate of Susan B. Anthony and Elizabeth Cady Stanton. Sargent homes were always open to suffragists. \nSee No. 81.","GoogleMap_URL":"https://google.com/maps/?daddr=39.2639,-121.0215","Secondary_Note":null,"GlobalID":"486f7372-498a-4d36-9523-95886e564bd7","CreationDate":1671141041876,"Creator":"lindseygordon","EditDate":1673281111476,"Editor":"lindseygordon","official_image_url":"https://services1.arcgis.com/UvqJJ6GFv4u5BZQj/arcgis/rest/services/Historical_Landmarks_-_PUBLIC_VL/FeatureServer/1/111/attachments/111","official_story_map_url":"https://storymaps.arcgis.com/stories/c140a2e3c6bf4d979e4c554496522d88"}},{"type":"Feature","id":54,"geometry":{"type":"Point","coordinates":[-121.071700000216,39.2126000002001]},"properties":{"OBJECTID":54,"Name":"Gold Quartz Discovery Site","ENC":46,"Address":"Corner of Jenkins St and Hocking Ave, Grass Valley","Area":"Grass Valley","Area_List":"Grass Valley","Longitude":-121.0717,"Latitude":39.2126,"Desc_":"Landmark registered 1939 by State of California, CHL 297. Plaque dedicated 1929 by Native Sons and Native Daughters of the Golden West: This tablet commemorates the discovery of gold-bearing quartz and the beginning of quartz mining in California. The discovery was made on Gold Hill by George Knight October, 1850 The occurrence of gold-bearing quartz was undoubtedly noted here and elsewhere about the same time, or previously, but the above discovery created the great excitement that started the development of quartz mining into a great industry. The Gold Hill Mine from 1850 to 1857 is credited with a total production of $4,000,000.\n\nNote: Name of discoverer should be George McKnight. \n\nLocated: Corner of Jenkins St and Hocking Ave, Grass Valley CA","Notes":"Note: Name of discoverer should be George McKnight. ","GoogleMap_URL":"https://google.com/maps/?daddr=39.2126,-121.0717","Secondary_Note":null,"GlobalID":"3c78ae62-dc13-4e6b-ae3f-1bd58742c56e","CreationDate":1671141041876,"Creator":"lindseygordon","EditDate":1672340908566,"Editor":"lindseygordon","official_image_url":"https://services1.arcgis.com/UvqJJ6GFv4u5BZQj/arcgis/rest/services/Historical_Landmarks_-_PUBLIC_VL/FeatureServer/1/54/attachments/54","official_story_map_url":"https://storymaps.arcgis.com/stories/c140a2e3c6bf4d979e4c554496522d88"}},{"type":"Feature","id":103,"geometry":{"type":"Point","coordinates":[-121.017599999784,39.262499999827]},"properties":{"OBJECTID":103,"Name":"Calanan Park Drill Core","ENC":81.5,"Address":"Calanan Park","Area":"Nevada City","Area_List":"Nevada City","Longitude":-121.0176,"Latitude":39.2625,"Desc_":"Plaque dedicated 1988 by Chap 10 E Clampus Vitus: Shaft Drill Core 1935-1936. Experimental vertical shaft, 5' in diameter to 1125' depth thru serpentine and gabbro at Idaho-Maryland Gold Mine, Grass Valley. Machinery invented by J. B. Newsom. Greatest drilled footage, 21' in three days. Core weight 11-tons. Donated to Nevada City by Kenneth E. Baker.\n\nLocated: Calanan Park, Nevada City CA","Notes":"Note: See No. 57.","GoogleMap_URL":"https://google.com/maps/?daddr=39.2625,-121.0176","Secondary_Note":null,"GlobalID":"a378defc-4e62-475f-8858-cf8d2688ad88","CreationDate":1671141041876,"Creator":"lindseygordon","EditDate":1672342656242,"Editor":"lindseygordon","official_image_url":"https://services1.arcgis.com/UvqJJ6GFv4u5BZQj/arcgis/rest/services/Historical_Landmarks_-_PUBLIC_VL/FeatureServer/1/103/attachments/103","official_story_map_url":"https://storymaps.arcgis.com/stories/c140a2e3c6bf4d979e4c554496522d88"}},{"type":"Feature","id":91,"geometry":{"type":"Point","coordinates":[-121.017300000208,39.2633000003288]},"properties":{"OBJECTID":91,"Name":"Nevada City Firehouse No. 1","ENC":79,"Address":"214 Main St, Nevada City","Area":"Nevada City","Area_List":"Nevada City","Longitude":-121.0173,"Latitude":39.2633,"Desc_":"Plaque dedicated 1965 by Chap 10 E Clampus Vitus: Nevada Hose Co. No. 1 Occupied this firehouse from May 30, 1861 to 1938. Hand pulled hose carts, horse drawn engines and motorized pumpers all rolled out of this building to save life and property.\n\nNote: The building now houses the Historical Society Museum.\n\nLocated: 214 Main St., Nevada City CA","Notes":"Note: The building now houses the Historical Society Museum.","GoogleMap_URL":"https://google.com/maps/?daddr=39.2633,-121.0173","Secondary_Note":null,"GlobalID":"24617b4e-d8c5-4f9c-a0ff-51dfe01740b9","CreationDate":1671141041876,"Creator":"lindseygordon","EditDate":1672342611591,"Editor":"lindseygordon","official_image_url":"https://services1.arcgis.com/UvqJJ6GFv4u5BZQj/arcgis/rest/services/Historical_Landmarks_-_PUBLIC_VL/FeatureServer/1/91/attachments/91","official_story_map_url":"https://storymaps.arcgis.com/stories/c140a2e3c6bf4d979e4c554496522d88"}},{"type":"Feature","id":97,"geometry":{"type":"Point","coordinates":[-121.016799999718,39.2628999998282]},"properties":{"OBJECTID":97,"Name":"Pelton Water Wheel","ENC":80.4,"Address":"Robinson Plaza","Area":"Nevada City","Area_List":"Nevada City","Longitude":-121.0168,"Latitude":39.2629,"Desc_":"No. 4, 1928-1987. Produced 18,000 HP at 257 RPM and enough electrical power for 16,000 households. 12 ft. diameter, weight 15 tons. Built in San Francisco by Pelton Company. A Constitutional Bicentennial gift to Nevada City by Pacific Gas and Electric.\n\nLocated: Robinson Plaza, Nevada City CA","Notes":null,"GoogleMap_URL":"https://google.com/maps/?daddr=39.2629,-121.0168","Secondary_Note":null,"GlobalID":"95350e91-8be0-4c58-8245-70329f66c10c","CreationDate":1671141041876,"Creator":"lindseygordon","EditDate":1674665709102,"Editor":"lindseygordon","official_image_url":"https://services1.arcgis.com/UvqJJ6GFv4u5BZQj/arcgis/rest/services/Historical_Landmarks_-_PUBLIC_VL/FeatureServer/1/97/attachments/97","official_story_map_url":"https://storymaps.arcgis.com/stories/c140a2e3c6bf4d979e4c554496522d88"}},{"type":"Feature","id":246,"geometry":{"type":"Point","coordinates":[-121.068914600303,39.222207999908]},"properties":{"OBJECTID":246,"Name":"Ben Taylor Home","ENC":227,"Address":"652 Linden Ave, Grass Valley","Area":"Grass Valley","Area_List":"Grass Valley","Longitude":-121.0689146,"Latitude":39.222208,"Desc_":"Landmark registered 2021 by Nevada County, NEV 21-05.  Description: Benjamin Franklin Taylor (1826-1913) arrived in Grass Valley on September 22, 1849, as part of a group of Mexican War veterans. He then established the Buena Vista Ranch, near the intersection of modern You Bet Road and Highway 174, where he engaged in farming and ranching. Prior to 1863, he bought a large piece of property in Grass Valley, on which in 1865-6 he built the home at what is now 652 Linden Avenue. Mr. Taylor was active in local politics and was part of the partnership that built a toll road between Grass Valley and Colfax, roughly following what is now Dog Bar Road. In 1868, he bought out some of his partners and became the principal owner. As of the time of its landmark registration, the home was still owned by Taylor's descendants.\n\nLocated: 652 Linden Ave, Grass Valley CA","Notes":null,"GoogleMap_URL":"https://google.com/maps/?daddr=39.222208,-121.0689146","Secondary_Note":null,"GlobalID":"750299a9-b1d9-4352-bdd1-85521b0d7952","CreationDate":1671141041876,"Creator":"lindseygordon","EditDate":1672352782467,"Editor":"lindseygordon","official_image_url":"https://services1.arcgis.com/UvqJJ6GFv4u5BZQj/arcgis/rest/services/Historical_Landmarks_-_PUBLIC_VL/FeatureServer/1/246/attachments/280","official_story_map_url":"https://storymaps.arcgis.com/stories/c140a2e3c6bf4d979e4c554496522d88"}},{"type":"Feature","id":120,"geometry":{"type":"Point","coordinates":[-121.020199999999,39.2621999998932]},"properties":{"OBJECTID":120,"Name":"English and New Salmon Mine Stamp Mill","ENC":98,"Address":"Miners Foundry, 325 Spring St, Nevada City","Area":"Nevada City","Area_List":"Nevada City","Longitude":-121.0202,"Latitude":39.2622,"Desc_":"Plaque dedicated 2001 by Native Sons of the Golden West: This stamp mill was manufactured at the Miners Foundry and Supply Co., Nevada City, California, in the late 1800's. After a circuitous journey, it has returned to its place of origin. It started its industrial life of crushing hard rock at the English Mine, and then the New Salmon Mine, owned by Donald McPherson, at Badger Hill. The stamp mill ceased operation in 1942 when all non-critical gold mines were shut down. After sitting idle through the years overgrown by trees and brush the stamp mill was moved in the 1970's to the Nevada City home of King McPherson, who generously donated the stamp mill back to the Miners Foundry in the 1980's. The stamp mill sat in pieces around the foundry, despite several attempts to reconstruct it. Through the efforts of the members of Hydraulic Parlor No. 56, Native Sons of the Golden West under the supervision of Mike Nevius, restoration was completed in the spring of 2000.\n\nLocated: Miners Foundry, 325 Spring St, Nevada City CA","Notes":null,"GoogleMap_URL":"https://google.com/maps/?daddr=39.2622,-121.0202","Secondary_Note":null,"GlobalID":"26de724d-34f7-48da-a0af-b8136266abe3","CreationDate":1671141041876,"Creator":"lindseygordon","EditDate":1672348032833,"Editor":"lindseygordon","official_image_url":"https://services1.arcgis.com/UvqJJ6GFv4u5BZQj/arcgis/rest/services/Historical_Landmarks_-_PUBLIC_VL/FeatureServer/1/120/attachments/120","official_story_map_url":"https://storymaps.arcgis.com/stories/c140a2e3c6bf4d979e4c554496522d88"}},{"type":"Feature","id":114,"geometry":{"type":"Point","coordinates":[-121.019599999949,39.2626999997652]},"properties":{"OBJECTID":114,"Name":"Nevada City Hall","ENC":92,"Address":"317 Broad St, Nevada City","Area":"Nevada City","Area_List":"Nevada City","Longitude":-121.0196,"Latitude":39.2627,"Desc_":"First plaque dedicated 1937 by Native Sons of the Golden West: Dedicated June 19,1937 to the Pioneer Councilmen who erected the first City Hall Felix Gillet, K. Casper, J. C. Locklin, Alec. Gault, Dan. Baker and to H. D. Shearer and Wm. H. Kilroy Officers who were killed in line of duty....\n\nSecond plaque (on floor of porch): This building dedicated to Truth-Liberty-Toleration by the Native Sons of the Golden West June 19,1937.\n\nThird plaque dedicated 1987 by Native Sons of the Golden West: U. S. Constitution. 1787 Bicentennial Nevada City. A Bicentennial Community.\n\nFourth plaque dedicated 2000 by Nevada City Council: On February 14, 2000 a contract was executed, authorizing the completion of work that began in 1937. On that date, the City Council inaugurated a process by which a small, historically significant City Hall was transformed into a spacious and efficient public facility. Expansion and renovation have been fruitful to the original architectural style and designed to serve the community far in to the 21st century.... Dedicated to all who came before us and all who will follow.\n\nFifth plaque dedicated 2000 by Nevada City Council: On the occasion of the dedication of a new City Hall at this location on December 19, 2000, the citizens and City Council of Nevada City humbly submit for posterity a time capsule secured in a concrete vault beneath this marker. Contained within are artifacts and documents representative of life in Nevada City as we prepare to embrace the uncharted future. We respectfully request this repository remain undisturbed until April 17, 2150, at which time Nevada City will celebrate its 300th birthday.\n\nLocated: 317 Broad St, Nevada City CA","Notes":null,"GoogleMap_URL":"https://google.com/maps/?daddr=39.2627,-121.0196","Secondary_Note":null,"GlobalID":"58f3ea90-87b3-4ec9-b9a8-15ab868f9b53","CreationDate":1671141041876,"Creator":"lindseygordon","EditDate":1672343407648,"Editor":"lindseygordon","official_image_url":"https://services1.arcgis.com/UvqJJ6GFv4u5BZQj/arcgis/rest/services/Historical_Landmarks_-_PUBLIC_VL/FeatureServer/1/114/attachments/114","official_story_map_url":"https://storymaps.arcgis.com/stories/c140a2e3c6bf4d979e4c554496522d88"}},{"type":"Feature","id":20,"geometry":{"type":"Point","coordinates":[-121.067200000293,39.1341000002966]},"properties":{"OBJECTID":20,"Name":"Root Cellar on Mexican War Land Grant","ENC":16,"Address":"16330 Gibboney Lane, Grass Valley. Take Hwy 49 to Alta Sierra intersection and follow Alta Sierra Dr to Gibboney Lane","Area":"South County","Area_List":"South County","Longitude":-121.0672,"Latitude":39.1341,"Desc_":"Landmark registered 1982 by Nevada County, NEV 30. Description: This old root cellar is located on property that originally was part of a Land Grant of 160 acres granted to Josiah Dodge by President Ulysses Grant in 1873 as Bounty Land for his service as a private with Captain Steen's Co., 1st U.S. Dragoons, War with Mexico. In 1878 this property became part of the John Bree Ranch. The root cellar, built by Bree in the 1880s, was used to store his produce. Mr. Bree was among the first in the county to plant a Bartlett Pear orchard for commercial purposes.\n\nNote: The connection between the two families is that Ellen Dodge, Josiah's daughter, married John Bree's brother William. The Bree brothers emigrated from Cornwall, and owned about two thousand acres of land in the County.\n\nLocated: 16330 Gibboney Lane, Grass Valley. Take Hwy 49 to Alta Sierra intersection and follow Alta Sierra Dr to Gibboney Lane","Notes":"Note: The connection between the two families is that Ellen Dodge, Josiah's daughter, married John Bree's brother William. The Bree brothers emigrated from Cornwall, and owned about two thousand acres of land in the County.\n","GoogleMap_URL":"https://google.com/maps/?daddr=39.1341,-121.0672","Secondary_Note":null,"GlobalID":"98960ea1-0d69-4515-9824-8d7b9bf46bb6","CreationDate":1671141041876,"Creator":"lindseygordon","EditDate":1672340000806,"Editor":"lindseygordon","official_image_url":"https://services1.arcgis.com/UvqJJ6GFv4u5BZQj/arcgis/rest/services/Historical_Landmarks_-_PUBLIC_VL/FeatureServer/1/20/attachments/20","official_story_map_url":"https://storymaps.arcgis.com/stories/c140a2e3c6bf4d979e4c554496522d88"}},{"type":"Feature","id":266,"geometry":{"type":"Point","coordinates":[-121.069450135,39.217754717]},"properties":{"OBJECTID":266,"Name":"Grass Valley Elks Lodge No. 538","ENC":243,"Address":"109 S. School St, Grass Valley","Area":"Grass Valley","Area_List":"Grass Valley","Longitude":-121.0694493,"Latitude":39.217755,"Desc_":"Landmark registered 2025 by Nevada County, NEV 25-04. Plaque dedicated 2025 by the Landmarks Commission in cooperation with Auburn-Grass Valley Elks, B.P.O.E., No. 538: â€The Elks Lodge was constructed in 1912, following a 12 year effort to fund, design and erect one of Grass Valley's most architecturally distinctive buildings. Designed in the Neo-Gothic/English Tudor style, it cost $50,000 to build. During preparation for the foundation, workmen uncovered a gold quartz ledge and gravel deposit. It was assayed and found to be low grade ore, so the foundation was built over it. Workers laid 14,000 bricks per day, or 2,000 per man. The building was completed in 150 days. The Lodge's amenities include a spring-hung hard maple dance floor and a four lane bowling alley. In 2018, it was recognized by the City of Grass Valley as one of its most unique and historically significant buildings.\"\r\n\r\nLocated: 109 S. School St, Grass Valley","Notes":null,"GoogleMap_URL":"https://google.com/maps/?daddr=39.217755,-121.0694493","Secondary_Note":null,"GlobalID":"42bc9862-5445-48bf-b157-253226bb46c4","CreationDate":1762197573142,"Creator":"lindseygordon","EditDate":1762198026201,"Editor":"lindseygordon","official_image_url":"https://services1.arcgis.com/UvqJJ6GFv4u5BZQj/arcgis/rest/services/Historical_Landmarks_-_PUBLIC_VL/FeatureServer/1/266/attachments/294","official_story_map_url":"https://storymaps.arcgis.com/stories/c140a2e3c6bf4d979e4c554496522d88"}},{"type":"Feature","id":68,"geometry":{"type":"Point","coordinates":[-121.055000000182,39.2134999999825]},"properties":{"OBJECTID":68,"Name":"Hard Rock Gold Mining","ENC":56,"Address":"Memorial Park, Grass Valley, near creek by Race St culvert\n","Area":"Grass Valley","Area_List":"Grass Valley","Longitude":-121.055,"Latitude":39.2135,"Desc_":"Plaque dedicated 1973 by Chap 10 E Clampus Vitus: Hard Rock Gold Mining 1850-1957. Within a one-mile radius of this spot more than 500 million dollars worth of gold was produced by deep mines, including the Empire, North Star and the Idaho-Maryland. During that time this was the world's most concentrated, efficient and innovative gold mining region.\n\nLocated: Memorial Park, Grass Valley, near creek by Race St culvert","Notes":"Note: See Nos. 10 (North Star), 17 (Empire) and 57 (Idaho-Maryland).","GoogleMap_URL":"https://google.com/maps/?daddr=39.2135,-121.055","Secondary_Note":null,"GlobalID":"089595d9-e620-4766-ad24-4ba40d0d9d10","CreationDate":1671141041876,"Creator":"lindseygordon","EditDate":1672341619908,"Editor":"lindseygordon","official_image_url":"https://services1.arcgis.com/UvqJJ6GFv4u5BZQj/arcgis/rest/services/Historical_Landmarks_-_PUBLIC_VL/FeatureServer/1/68/attachments/68","official_story_map_url":"https://storymaps.arcgis.com/stories/c140a2e3c6bf4d979e4c554496522d88"}},{"type":"Feature","id":80,"geometry":{"type":"Point","coordinates":[-121.021699999674,39.2646999997535]},"properties":{"OBJECTID":80,"Name":"Englebright House","ENC":68,"Address":"524 E. Broad St, Nevada City","Area":"Nevada City","Area_List":"Nevada City","Longitude":-121.0217,"Latitude":39.2647,"Desc_":"Landmark registered 1974 by Nevada County, NEV 23. Description: Notable as one of the earliest recorded houses in Nevada City and for its history of prominent owners. The tradition that the legendary William Morris Stewart built the house in 1853 cannot be documented for no deeds remain earlier than 1858. However, the house appears as the residence of P. G. Womack on the first map of the city prepared in 1855 and published in 1856. Other owners included the famous mining engineer, Capt. Thos. Mein, whose son William Wallace Mein was born in the house in 1873. The family of the late U.S. Representative Harry Englebright purchased the house in 1897 and resided there until 1959. The interior shows the work of many occupants and the exterior reflects eclectic borrowings from many past styles.\n\nLocated: 524 E. Broad St, Nevada City CA","Notes":null,"GoogleMap_URL":"https://google.com/maps/?daddr=39.2647,-121.0217","Secondary_Note":null,"GlobalID":"8ae4bb35-b25d-46ea-94f9-5fc0407e4c3b","CreationDate":1671141041876,"Creator":"lindseygordon","EditDate":1674665511606,"Editor":"lindseygordon","official_image_url":"https://services1.arcgis.com/UvqJJ6GFv4u5BZQj/arcgis/rest/services/Historical_Landmarks_-_PUBLIC_VL/FeatureServer/1/80/attachments/80","official_story_map_url":"https://storymaps.arcgis.com/stories/c140a2e3c6bf4d979e4c554496522d88"}},{"type":"Feature","id":74,"geometry":{"type":"Point","coordinates":[-121.01839999985,39.2547000002373]},"properties":{"OBJECTID":74,"Name":"Nevada County Narrow Gauge (III)","ENC":62,"Address":"Railroad Ave at back entrance to Northern Queen Inn, Nevada City","Area":"Glenbrook ","Area_List":"Glenbrook","Longitude":-121.0184,"Latitude":39.2547,"Desc_":"Plaque dedicated 1994 by Native Sons of the Golden West: For 66 years, the Nevada City depot served as the northern terminus for the railroad affectionately known as the 'Never Come Never Go.' In 1874 a group of 7 men, led by lumber mill and gold mine owner John C. Coleman, organized the Nevada County Narrow Gauge Railroad. Engineer John Flint Kidder was hired on January 14, 1875 to build a 23 mile narrow gauge railroad from the Central Pacific Railroad connection in Colfax to Grass Valley and Nevada City. On a snowy May 20, 1876, John Coleman drove the last spike in Nevada City to dedicate the completion of the railroad. John Kidder controlled the railroad from January 1884, until his death on April 10, 1901; the following day, his widow Sara was elected president of the railroad. Sara Kidder successfully managed the company until its sale on April 24, 1913 to the Oakland, Antioch and Eastern, a predecessor to the Western Pacific. On May 13, 1926, the N.C.N.G.R.R. was purchased by a group of local investors and it operated until December 1942. The scrapping of the railroad was completed by May 5, 1943.\n\nTwo other plaques at this location were dedicated on June 11, 1994, but cannot presently be located.\n\nText of second plaque: In fond appreciation of the known surviving employees of the Nevada County Narrow Gauge Railroad Co. 1876-1942. Bob Paine, Tony Dellea, Sadie Angelini, Eugene Katzer, Homer Bevared, George Jefferson, Edward Smith, Bill Tremewan.\n\nText of third plaque: In grateful appreciation to the Northern Queen Inn and the Ramey family for their dedicated efforts in the restoration and preservation of Nevada County's railroad history.\n\nLocated: Railroad Ave at back entrance to Northern Queen Inn, Nevada City CA","Notes":"Note: See Nos. 52 and 61.","GoogleMap_URL":"https://google.com/maps/?daddr=39.2547,-121.0184","Secondary_Note":null,"GlobalID":"3dba4e70-4465-495f-8e28-15ea2cce96c7","CreationDate":1671141041876,"Creator":"lindseygordon","EditDate":1672341830768,"Editor":"lindseygordon","official_image_url":"https://services1.arcgis.com/UvqJJ6GFv4u5BZQj/arcgis/rest/services/Historical_Landmarks_-_PUBLIC_VL/FeatureServer/1/74/attachments/74","official_story_map_url":"https://storymaps.arcgis.com/stories/c140a2e3c6bf4d979e4c554496522d88"}},{"type":"Feature","id":131,"geometry":{"type":"Point","coordinates":[-121.016100000109,39.2616999999323]},"properties":{"OBJECTID":131,"Name":"Nevada Brewery","ENC":109,"Address":"Corner Sacramento and Boulder Sts, Nevada City","Area":"Nevada City","Area_List":"Nevada City","Longitude":-121.0161,"Latitude":39.2617,"Desc_":"Placed on the National Register 1985. Plaque dedicated 1985 by Native Sons of the Golden West: The Old Brewery. Constructed of granite blocks from the Sierras about 1882. Where Simon C. Hieronimus & family brewed and served lager beer to Nevada City, Queen of the Northern Mines and hydraulic mining communities.\n\nNote: This brewery was erected on the site of Temperance Hall after that building burned. After his brewery on Searls Avenue (see 102) burned in 1893, Simon Hieronimus brewed his beer in this building until he died in 1911. In recent years, the building has hosted a variety of dining and entertainment establishments.\n\nLocated: Corner Sacramento and Boulder Sts, Nevada City CA","Notes":"Note: This brewery was erected on the site of Temperance Hall after that building burned. After his brewery on Searls Avenue (See 102) burned in 1893, Simon Hieronimus brewed his beer in this building until he died in 1911. In recent years, the building has hosted a variety of dining and entertainment establishments.","GoogleMap_URL":"https://google.com/maps/?daddr=39.2617,-121.0161","Secondary_Note":null,"GlobalID":"c7543585-27ba-4563-bc9d-06326eb80b26","CreationDate":1671141041876,"Creator":"lindseygordon","EditDate":1761927679287,"Editor":"lindseygordon","official_image_url":"https://services1.arcgis.com/UvqJJ6GFv4u5BZQj/arcgis/rest/services/Historical_Landmarks_-_PUBLIC_VL/FeatureServer/1/131/attachments/131","official_story_map_url":"https://storymaps.arcgis.com/stories/c140a2e3c6bf4d979e4c554496522d88"}},{"type":"Feature","id":249,"geometry":{"type":"Point","coordinates":[-121.019018300379,39.2625580003061]},"properties":{"OBJECTID":249,"Name":"305 Broad St.- First Commercial Winery","ENC":230,"Address":"305 Broad St., Nevada City","Area":"Nevada City","Area_List":"Nevada City","Longitude":-121.0190183,"Latitude":39.262558,"Desc_":"Landmark registered 2022 by Nevada County, NEV 22-03. Plaque dedicated 2022 by the Landmarks Commission in cooperation with the Celio Family: \"In the 1850s, over 100,000 grapevines were planted in Nevada County, often by French settlers on the western part of the San Juan Ridge. For some years, Augustine Isoard operated a wine and liquor store in this building. On June 1, 1860, he advertised in the Nevada Journal that \"I have on hand a few gallons of Wine manufactured from the Grape by myself, in this city.\" This is believed to be the first commercial winery operation in Nevada County. After a lull in the middle of the 20th century, commercial grape growing and winemaking came roaring back. Nevada County became part of the Sierra Foothills American Viticultural Area in 1987 and home to many wineries and hundreds of acres of grapes.\"\n\nLocated: 305 Broad St., Nevada City CA","Notes":null,"GoogleMap_URL":"https://google.com/maps/?daddr=39.262558,-121.0190183","Secondary_Note":null,"GlobalID":"af45744e-af58-4df1-9f49-c297179dedc4","CreationDate":1671141041876,"Creator":"lindseygordon","EditDate":1673037997575,"Editor":"lindseygordon","official_image_url":"https://services1.arcgis.com/UvqJJ6GFv4u5BZQj/arcgis/rest/services/Historical_Landmarks_-_PUBLIC_VL/FeatureServer/1/249/attachments/255","official_story_map_url":"https://storymaps.arcgis.com/stories/c140a2e3c6bf4d979e4c554496522d88"}},{"type":"Feature","id":57,"geometry":{"type":"Point","coordinates":[-121.064400000061,39.2163000000056]},"properties":{"OBJECTID":57,"Name":"Crabtree House","ENC":49,"Address":"238 Mill St, Grass Valley","Area":"Grass Valley","Area_List":"Grass Valley","Longitude":-121.0644,"Latitude":39.2163,"Desc_":"Landmark registered 1938 by State of California, CHL 293. Description: Lotta Crabtree was born in New York in 1847. In 1852 the gold fever brought Mr. Crabtree to California, and a year later his wife and Lotta followed. Several months after arriving in San Francisco Mrs. Crabtree and Lotta went to Grass Valley and started a boarding house for miners with Mr. Crabtree. It was here that Lotta met Lola Montez, who taught her to sing and dance. Lotta made her first public appearance in Plumas County, which led to a successful career on stage, both here and abroad.\n\nLocated: 238 Mill St, Grass Valley CA","Notes":null,"GoogleMap_URL":"https://google.com/maps/?daddr=39.2163,-121.0644","Secondary_Note":null,"GlobalID":"a00e68cc-2527-4236-9e1f-c6f40fc05dbe","CreationDate":1671141041876,"Creator":"lindseygordon","EditDate":1672340908629,"Editor":"lindseygordon","official_image_url":"https://services1.arcgis.com/UvqJJ6GFv4u5BZQj/arcgis/rest/services/Historical_Landmarks_-_PUBLIC_VL/FeatureServer/1/57/attachments/57","official_story_map_url":"https://storymaps.arcgis.com/stories/c140a2e3c6bf4d979e4c554496522d88"}},{"type":"Feature","id":14,"geometry":{"type":"Point","coordinates":[-121.069799999609,39.2083000000318]},"properties":{"OBJECTID":14,"Name":"North Star Mine Powerhouse and Nevada County Traction Company","ENC":10,"Address":"Allison Ranch Rd at McCourtney Rd, Grass Valley","Area":"South County","Area_List":"South County","Longitude":-121.0698,"Latitude":39.2083,"Desc_":"Landmark registered 1971 by State of California, CHL 843. First plaque dedicated 1971 by State in cooperation with Historical Society: The North Star Powerhouse, built by A. D. Foote in 1895, was the first complete water powered compressed air transmission plant of its kind. Compressed air, generated by Pelton water wheels, furnished power for the entire mine operation. The 30 foot Pelton wheel was the largest in the world, and was in continuous use for over 30 years.\n\nSecond plaque dedicated 1991 by American Society of Mechanical Engineers: International Mechanical Engineering Heritage Collection Pelton Water Wheel Collection North Star Power House Museum. The Pelton Wheel uses the momentum of a water jet impinging on buckets attached to the periphery of a wheel to produce power. It is a development of the primitive, so-called 'Hurdy Gurdy' wheel used in the California goldfields in the nineteenth century. Various inventors have contributed this type of water turbine, including Lester A. Pelton (1831-1908), who in 1880 patented the characteristic split bucket form. Subsequent important contributions to Pelton-Wheel technology were made by W. A. Doble. This collection illustrates the origin and development of the Pelton Waterwheel. American Society of Mechanical Engineers-1991.\n\nThird plaque dedicated 1997 by Historical Society near smaller wheel: Pelton Type Water Wheel. Produced 71000 hp at 327 rpm, diameter 10 ft. Weight 26,000 lbs. Built by Allis Chalmers of single cast nickel steel. Gift of Oroville-Wyandotte Irrigation Dist.\n\n  Nevada County Traction Co.\n\nPlaque dedicated 1994 by Chap 10 E Clampus Vitus: \"Nevada County Traction Co. 1901-1924. Four 28-ton standard gauge street cars ran from 100 yards north of this spot five miles to Pine and Broad streets, Nevada City. Car barns and power plant were located mid-way at Glenbrook. Line was shut down after a winter storm Jan. 1924, never to run again - a victim of cars and buses.\"\n\nNote: The building presently houses the Historical Society's Mining Museum.\n\nLocated: Allison Ranch Rd at McCourtney Rd, Grass Valley CA","Notes":"Note: The building presently houses the Historical Society's Mining Museum.","GoogleMap_URL":"https://google.com/maps/?daddr=39.2083,-121.0698","Secondary_Note":null,"GlobalID":"f092c29e-512d-477f-b69d-0ffaac51beef","CreationDate":1671141041876,"Creator":"lindseygordon","EditDate":1672339826739,"Editor":"lindseygordon","official_image_url":"https://services1.arcgis.com/UvqJJ6GFv4u5BZQj/arcgis/rest/services/Historical_Landmarks_-_PUBLIC_VL/FeatureServer/1/14/attachments/14","official_story_map_url":"https://storymaps.arcgis.com/stories/c140a2e3c6bf4d979e4c554496522d88"}},{"type":"Feature","id":37,"geometry":{"type":"Point","coordinates":[-121.06159999983,39.2194000003015]},"properties":{"OBJECTID":37,"Name":"Washington Brewery","ENC":28,"Address":"114 E Main St Grass Valley","Area":"Grass Valley","Area_List":"Grass Valley","Longitude":-121.0616,"Latitude":39.2194,"Desc_":"Plaque dedicated 1972 by Chap 10 E Clampus Vitus: Founded 1858 by John Frank, the brewery operated until prohibition. The ownership remains in the Frank family to the present time.\n\nNote: The Frank family sold the building in 1973. It no longer functions as a brewery.\n\nLocated: 114 E. Main St, Grass Valley CA","Notes":"Note: The Frank family sold the building in 1973. It no longer functions as a brewery.","GoogleMap_URL":"https://google.com/maps/?daddr=39.2194,-121.0616","Secondary_Note":null,"GlobalID":"2aaaa250-015f-4830-993f-21b15f3d3516","CreationDate":1671141041876,"Creator":"lindseygordon","EditDate":1672340468410,"Editor":"lindseygordon","official_image_url":"https://services1.arcgis.com/UvqJJ6GFv4u5BZQj/arcgis/rest/services/Historical_Landmarks_-_PUBLIC_VL/FeatureServer/1/37/attachments/37","official_story_map_url":"https://storymaps.arcgis.com/stories/c140a2e3c6bf4d979e4c554496522d88"}},{"type":"Feature","id":243,"geometry":{"type":"Point","coordinates":[-121.066697900439,39.2157440000099]},"properties":{"OBJECTID":243,"Name":"Grass Valley AME Church and School Site","ENC":224,"Address":"315-323 S. Church Street, Grass Valley. Plaque located across the street in front of 328 S. Church.","Area":"Grass Valley","Area_List":"Grass Valley","Longitude":-121.0666979,"Latitude":39.215744,"Desc_":"Landmark registered 2021 by Nevada County, NEV 21-02. Plaque dedicated 2022 by City of Grass Valley Historical Commission. \"Across the street, on lots 315, 317, 319 and 323 S. Church Street, the Grass Valley African Methodist Episcopal Church and School were erected in 1854 and 1865 respectively by the local African American community. Reverend Peter Green and Church trustee and former slave Isaac Sanks, along with the other members of the congregation, worked to abolish slavery, secure voting rights for African American men, eliminate the ban on testimony of African Americans in court, and gain access to public accommodations and education. The AME Church was known for its exceptional choir and accomplished musicians. It was the site for fundraising events, literary readings, and the celebration of the Emancipation Proclamation. African American parents, whose children were denied entry into white schools, built their own schoolhouse next to the Church. Both the Church and School were sold in 1893 at public auction to Charles Clinch and the funds returned to the AME Church. Shortly thereafter, the new owners built the four Victorian homes that still stand on the property today.\"\n\nLocated: 315-323 S. Church Street, Grass Valley. Plaque located across the street in front of 328 S. Church St.","Notes":null,"GoogleMap_URL":"https://google.com/maps/?daddr=39.215744,-121.0666979","Secondary_Note":null,"GlobalID":"904d76cc-5dcd-4c26-8795-e5fc7fad4c3d","CreationDate":1671141041876,"Creator":"lindseygordon","EditDate":1674665954680,"Editor":"lindseygordon","official_image_url":"https://services1.arcgis.com/UvqJJ6GFv4u5BZQj/arcgis/rest/services/Historical_Landmarks_-_PUBLIC_VL/FeatureServer/1/243/attachments/257","official_story_map_url":"https://storymaps.arcgis.com/stories/c140a2e3c6bf4d979e4c554496522d88"}},{"type":"Feature","id":51,"geometry":{"type":"Point","coordinates":[-121.067800000342,39.2144000000614]},"properties":{"OBJECTID":51,"Name":"Mt. Saint Mary's Convent and Academy","ENC":43,"Address":"400 S. Church St, Grass Valley","Area":"Grass Valley","Area_List":"Grass Valley","Longitude":-121.0678,"Latitude":39.2144,"Desc_":"First plaque dedicated 1966 by Historical Society: Mt. St. Mary's School. To this spot Father Thomas J. Dalton brought the Sisters of Mercy in 1863. The Sisters of Mercy have taught here since that date.\n\nLandmark registered and second plaque dedicated 1972 by State of California, CHL 855: Built by the Reverend Thomas J. Dalton and dedicated May 2, 1865 by Bishop Eugene O'Connell as Sacred Heart Convent and Holy Angels Orphanage. Under the Sisters of Mercy it served from 1866 to 1932 as the first orphanage of the Northern Mines. It functioned as an academy (1868-1965) and a convent (1866-1968).\n\nPlaced on the National Register 1974.\n\nLocated: 400 S. Church St, Grass Valley CA","Notes":null,"GoogleMap_URL":"https://google.com/maps/?daddr=39.2144,-121.0678","Secondary_Note":null,"GlobalID":"e523fbf7-734e-4566-9e5a-7f975b8bcb3d","CreationDate":1671141041876,"Creator":"lindseygordon","EditDate":1761925826469,"Editor":"lindseygordon","official_image_url":"https://services1.arcgis.com/UvqJJ6GFv4u5BZQj/arcgis/rest/services/Historical_Landmarks_-_PUBLIC_VL/FeatureServer/1/51/attachments/51","official_story_map_url":"https://storymaps.arcgis.com/stories/c140a2e3c6bf4d979e4c554496522d88"}},{"type":"Feature","id":100,"geometry":{"type":"Point","coordinates":[-121.017599999784,39.262499999827]},"properties":{"OBJECTID":100,"Name":"Ellen Sargent","ENC":81.2,"Address":"Calanan Park\n","Area":"Nevada City","Area_List":"Nevada City","Longitude":-121.0176,"Latitude":39.2625,"Desc_":"Landmark registered 2020 by Nevada County, NEV 20-03. Plaque dedicated 2020 by The Grand Parlor of the Native Daughters of the Golden West, The Captain John Oldham Chapter, NSDAR and the NC Historical Society. \"Ellen Clark Sargent, a native of Massachusetts, arrived in Nevada City in 1852.  A leader in the fight for women's right to vote, she founded the Nevada County Woman's Suffrage Association in 1869. She was the President of the California Woman Suffrage Association and Treasurer of the National Woman Suffrage Association. Her tireless work resulted in California women winning the right to vote in 1911. Her campaign for national women's suffrage led to the introduction in 1878 of the 19th Amendment to the U.S. Constitution by her husband, U.S. Senator A. A. Sargent. After many hard-fought battles by the Women's Suffrage Movement, the 19th Amendment was finally enacted into law on August 26, 1920.\"\n\nSee Sargent Homestead landmark.\n\nLocated: Calanan Park, Nevada City CA","Notes":null,"GoogleMap_URL":"https://google.com/maps/?daddr=39.2625,-121.0176","Secondary_Note":null,"GlobalID":"5dbbf855-1a93-4b89-a261-a3a5a37f3c94","CreationDate":1671141041876,"Creator":"lindseygordon","EditDate":1674665709133,"Editor":"lindseygordon","official_image_url":"https://services1.arcgis.com/UvqJJ6GFv4u5BZQj/arcgis/rest/services/Historical_Landmarks_-_PUBLIC_VL/FeatureServer/1/100/attachments/100","official_story_map_url":"https://storymaps.arcgis.com/stories/c140a2e3c6bf4d979e4c554496522d88"}}],"source":"County of Nevada Historical Landmarks Commission public feature layer","source_url":"https://services1.arcgis.com/UvqJJ6GFv4u5BZQj/arcgis/rest/services/Historical_Landmarks_-_PUBLIC_VL/FeatureServer/1","coordinate_reference_system":"WGS84 (EPSG:4326)"}
