{"type":"FeatureCollection","crs":{"type":"name","properties":{"name":"EPSG:4326"}},"features":[{"type":"Feature","id":8616,"geometry":{"type":"Polygon","coordinates":[[[-120.902126994088,39.2170327910718],[-120.902227387514,39.216768596096],[-120.902364770191,39.21666291837],[-120.902734642273,39.2166576342488],[-120.903379276692,39.2166946222871],[-120.903897098765,39.2167368932905],[-120.90459985546,39.2167633117539],[-120.905466414481,39.2168425711405],[-120.906264283196,39.2168742737093],[-120.906797956468,39.2169006937926],[-120.907093854603,39.216905976998],[-120.90736333236,39.2169218286315],[-120.907574687875,39.2169165452648],[-120.907791328007,39.2169059771408],[-120.908013251051,39.2168795582871],[-120.908182336147,39.2168901255932],[-120.908330284355,39.2169535317025],[-120.908361987555,39.2169905199218],[-120.908367271811,39.2171067645818],[-120.908346136219,39.2172917023317],[-120.90835142052,39.2174185151323],[-120.908388408408,39.2176087346458],[-120.908430679027,39.2177566844282],[-120.908441245576,39.2179733238873],[-120.908435963103,39.2181318413639],[-120.908377839597,39.2182639380158],[-120.908240458657,39.2184224547002],[-120.908007967001,39.2186338103372],[-120.907828314922,39.2187764753761],[-120.907664513777,39.2188451656235],[-120.907474294428,39.2189085728966],[-120.907284073724,39.2189614119754],[-120.906998744397,39.2189931145002],[-120.906861362221,39.2189983989585],[-120.906602451637,39.2189508440124],[-120.906433367267,39.2188821526792],[-120.906174455808,39.2187764754945],[-120.906015940166,39.2186760819411],[-120.90568833783,39.2184066028908],[-120.905439994844,39.218179396435],[-120.905196935673,39.2180208793228],[-120.905006716169,39.2178940645266],[-120.904700249722,39.217777819702],[-120.904372649106,39.2177302653786],[-120.904097887089,39.2176193030489],[-120.903865395097,39.2175189094018],[-120.903585349567,39.2174290831231],[-120.903252464158,39.2173762443618],[-120.902914294673,39.2173498238429],[-120.902660667659,39.2173075530013],[-120.902385905536,39.2172388633397],[-120.902179833319,39.2171807402279],[-120.902126994088,39.2170327910718]]]},"properties":{"OBJECTID":8616,"State":"California","State_Abbrv":"CA","County":"Nevada","Ftr_Type":"Diggings","Ftr_Name":"Placer Diggings","Topo_Name":"Chicago Park","Topo_Date":"1979","Topo_Scale":"24000","Shape__Area":8.196265298465732e-06,"Shape__Length":0.014827444292873256}},{"type":"Feature","id":8617,"geometry":{"type":"Polygon","coordinates":[[[-120.877608782022,39.1949727068613],[-120.877338475931,39.194778542925],[-120.877269947118,39.1946567140496],[-120.877132890192,39.1944206721209],[-120.877041519123,39.1941732082789],[-120.8769920261,39.1939714297409],[-120.876999639604,39.1938001078898],[-120.877098626029,39.1936402092145],[-120.877460304039,39.193293759359],[-120.877669696532,39.1931338590445],[-120.87796284595,39.1930082244455],[-120.878286452944,39.1929320806457],[-120.8787052377,39.192874973976],[-120.878922244557,39.1928749742166],[-120.879352450668,39.1929206604461],[-120.879637986771,39.1929435019592],[-120.880075806457,39.1928711668932],[-120.880412738834,39.1928064447701],[-120.880816296373,39.1926884243478],[-120.881204624441,39.1925056817606],[-120.881558688209,39.192330553209],[-120.881794729602,39.1922620249769],[-120.8820993008,39.1921706538754],[-120.882354378599,39.1921325823355],[-120.882780779432,39.1920678609189],[-120.883165299698,39.1919536471506],[-120.883378498507,39.1919155749774],[-120.883587892512,39.1919231903041],[-120.883913401771,39.1919422251135],[-120.884179901853,39.1919955254671],[-120.884457823315,39.1921554253863],[-120.884640565104,39.1922848679979],[-120.884827114584,39.1924257318269],[-120.884903257799,39.1925551739845],[-120.884918485718,39.1926427387744],[-120.88488041483,39.1927988310593],[-120.884838536649,39.1928902030907],[-120.884735744186,39.1929777667351],[-120.884629144162,39.19303106707],[-120.884446401024,39.1930424881179],[-120.884256044685,39.1930006097287],[-120.883959087485,39.1930006100569],[-120.883704010124,39.1929853811253],[-120.88348509862,39.1930006101092],[-120.883264285674,39.1930120313038],[-120.882906414067,39.1930653307167],[-120.882727479644,39.1930957881992],[-120.882617072048,39.1931034016811],[-120.882491436441,39.1930462949864],[-120.882377222602,39.1930272591633],[-120.882164022317,39.1930462950781],[-120.882049808532,39.1930881742747],[-120.881905136891,39.1931757379354],[-120.881688130039,39.1933508659839],[-120.881551072531,39.1935145730626],[-120.881356909116,39.1937582297639],[-120.88118178092,39.1938952874321],[-120.880960967524,39.194119907915],[-120.880850559594,39.194230314852],[-120.880614517336,39.1945158503448],[-120.880496495523,39.1946871712307],[-120.880336596255,39.1948280363581],[-120.880218574601,39.1949422501562],[-120.879959690016,39.1950945347226],[-120.879689382734,39.1951554487645],[-120.879449532937,39.1951630636366],[-120.879175418591,39.1951097637766],[-120.878908919493,39.1950221998157],[-120.878729984013,39.1949498640512],[-120.87863480633,39.1949003707735],[-120.878459677711,39.1948851427768],[-120.878368305739,39.1949841278267],[-120.878216021503,39.1950983417763],[-120.878109420486,39.1951630641432],[-120.877863860021,39.1951249919847],[-120.877608782022,39.1949727068613]]]},"properties":{"OBJECTID":8617,"State":"California","State_Abbrv":"CA","County":"Nevada","Ftr_Type":"Diggings","Ftr_Name":"Little York Diggings","Topo_Name":"Chicago Park","Topo_Date":"1979","Topo_Scale":"24000","Shape__Area":1.1631722372840159e-05,"Shape__Length":0.018678882537461427}},{"type":"Feature","id":8618,"geometry":{"type":"Polygon","coordinates":[[[-120.902078414236,39.1935787241521],[-120.902013693331,39.1932665380051],[-120.901994657455,39.193150421224],[-120.902002270631,39.1929315099911],[-120.902074607308,39.1927582847831],[-120.902175496214,39.1926002892092],[-120.902396310308,39.1924822674898],[-120.902628544799,39.1924689426479],[-120.902811287576,39.1924727501439],[-120.903117761604,39.1924993997085],[-120.903296697848,39.1925260503029],[-120.903688832645,39.1926002892736],[-120.90401434254,39.1926707207325],[-120.904309397218,39.1927430570847],[-120.904512126845,39.1927982600397],[-120.904658701386,39.1929676777943],[-120.904776723478,39.1931999131934],[-120.90481479448,39.1932893813321],[-120.904885226524,39.1933560059492],[-120.905075583286,39.1933655241266],[-120.905256421573,39.1933388737008],[-120.905423935564,39.1933407769709],[-120.905553378914,39.1933845599061],[-120.9056656884,39.193506387743],[-120.905836058486,39.1937481407671],[-120.906110172517,39.1941478912547],[-120.906389997292,39.1945666761334],[-120.906561317464,39.1949492929676],[-120.906804974871,39.1953185853808],[-120.906903960316,39.1955508207327],[-120.906890635568,39.1957792487485],[-120.906848756546,39.1959543771933],[-120.906784035984,39.1960438445443],[-120.906719160328,39.196122639757],[-120.906617024409,39.1962367915424],[-120.906400735977,39.1963990076332],[-120.906155699964,39.1965273522652],[-120.905774986376,39.1966463250811],[-120.905484691909,39.1967462615951],[-120.904994522763,39.1968890296436],[-120.904551943377,39.1970508325042],[-120.904209300617,39.197179323743],[-120.903819068694,39.1973268514153],[-120.903652506467,39.197426788163],[-120.903352694701,39.1975743146746],[-120.903124266227,39.1976790108023],[-120.903010051708,39.1977218406462],[-120.902853008027,39.1977551536223],[-120.902710240019,39.197726600149],[-120.902610302491,39.1976599750946],[-120.902467535439,39.1975600378649],[-120.902329525397,39.1974077519912],[-120.902158204561,39.1972031187735],[-120.902043991622,39.1970555921106],[-120.901915500091,39.1969033071663],[-120.9017203837,39.1966368069895],[-120.901534785525,39.1964083790842],[-120.901420572066,39.1962418164474],[-120.901358705778,39.1960847719664],[-120.901301599282,39.1958230306101],[-120.901292081461,39.195661228181],[-120.901263528371,39.1954280412366],[-120.901296839689,39.1952805141054],[-120.901358705497,39.1951282290647],[-120.901515751449,39.1948950412155],[-120.901644241664,39.1947475146863],[-120.901734660663,39.194614264961],[-120.901896464541,39.1944667383108],[-120.902034472866,39.1943049352706],[-120.902082062588,39.1942049980563],[-120.902139168864,39.1940336770445],[-120.902148687433,39.1939051855599],[-120.902124892858,39.1937338642538],[-120.902078414236,39.1935787241521]]]},"properties":{"OBJECTID":8618,"State":"California","State_Abbrv":"CA","County":"Nevada","Ftr_Type":"Diggings","Ftr_Name":"Placer Diggings","Topo_Name":"Chicago Park","Topo_Date":"1979","Topo_Scale":"24000","Shape__Area":1.987134965020232e-05,"Shape__Length":0.01730431987042275}},{"type":"Feature","id":8619,"geometry":{"type":"Polygon","coordinates":[[[-120.883809721336,39.1814332554737],[-120.884399826893,39.1813609210881],[-120.884948054832,39.1813723416265],[-120.88532496205,39.1813000071007],[-120.885553389599,39.1812581279723],[-120.88587699709,39.1813494988406],[-120.886074967713,39.1815093990449],[-120.886189182434,39.1818330061791],[-120.886349081544,39.1822898620597],[-120.886390960199,39.1825830122176],[-120.886402381304,39.1829523037091],[-120.88642141819,39.1832351480946],[-120.886337660253,39.1835233753089],[-120.886272939068,39.1839688101066],[-120.886257711124,39.184315260286],[-120.88625771048,39.1845779519019],[-120.886265325275,39.1848368365738],[-120.886265324879,39.1849166787727],[-120.886341556879,39.1852364783813],[-120.886280642715,39.1855791214353],[-120.885854244309,39.1860435911149],[-120.885496372562,39.1865080616975],[-120.885397386909,39.1869953757091],[-120.885250038249,39.1873080096114],[-120.885229783609,39.1874447273197],[-120.885130798076,39.1876883839414],[-120.885111761692,39.1879434618604],[-120.885107955397,39.1882023472122],[-120.885066077054,39.1883355967979],[-120.884883333756,39.1884993038221],[-120.884673940885,39.1885754471478],[-120.884293228049,39.1886630106355],[-120.884007692204,39.1887010818817],[-120.883832563648,39.1886363612682],[-120.883710736007,39.1884536180598],[-120.883653628496,39.1882899112664],[-120.883619363563,39.1878635116703],[-120.883516572198,39.187619854874],[-120.883421392827,39.1875018336067],[-120.883227228677,39.1873761983395],[-120.883158700649,39.1872695977746],[-120.883135858187,39.1868888845271],[-120.883189157949,39.1865272073073],[-120.883337635879,39.1861883713786],[-120.883463271583,39.1859637502686],[-120.883508957014,39.1858038501357],[-120.883478500032,39.1856325286367],[-120.883356672149,39.1854193287468],[-120.883044486425,39.1850386159902],[-120.882823671879,39.1848101869323],[-120.882717072565,39.1845817590642],[-120.882633315552,39.1841325168926],[-120.882625700926,39.1838545959861],[-120.882671386806,39.1834700746798],[-120.882781794356,39.1830931680028],[-120.882888394111,39.1827962118857],[-120.882987379282,39.1823812342186],[-120.883059714907,39.1821261552151],[-120.883090171736,39.1819624491949],[-120.883253879214,39.1816350354192],[-120.883444235956,39.1815284353816],[-120.883809721336,39.1814332554737]]]},"properties":{"OBJECTID":8619,"State":"California","State_Abbrv":"CA","County":"Nevada","Ftr_Type":"Diggings","Ftr_Name":null,"Topo_Name":"Chicago Park","Topo_Date":"1973","Topo_Scale":"24000","Shape__Area":2.026920492426143e-05,"Shape__Length":0.01921796217309262}},{"type":"Feature","id":8620,"geometry":{"type":"Polygon","coordinates":[[[-120.873629097941,39.1892484580562],[-120.873443499619,39.189200869495],[-120.873138928901,39.1892579755782],[-120.872829598969,39.1893008059742],[-120.872334670667,39.1891865919697],[-120.872182384482,39.1889962351974],[-120.872130037054,39.1888582262401],[-120.872263287106,39.1886393160727],[-120.872396536717,39.1884489587729],[-120.872463162373,39.1882919139173],[-120.872387018379,39.1880539678444],[-120.87236322408,39.1877446382079],[-120.872391778302,39.187473379518],[-120.872515510486,39.1872877818722],[-120.872824839931,39.1871402550313],[-120.873110375099,39.1870593539883],[-120.873295973273,39.1869023092228],[-120.873400669559,39.1867642999437],[-120.873529160113,39.1865929792168],[-120.873733794254,39.1864978008908],[-120.873800418633,39.1863835872214],[-120.873862285524,39.1861646762345],[-120.873900355972,39.1859838368165],[-120.873895596987,39.1857363730675],[-120.873919391541,39.1853318647002],[-120.873928910368,39.1851272308215],[-120.874033605814,39.1849035618362],[-120.874195409472,39.184798865954],[-120.874419079261,39.184765552797],[-120.874614193747,39.1848369371205],[-120.874833105205,39.1849416331535],[-120.874894970737,39.1850653647672],[-120.874937800761,39.1852366867388],[-120.874937800889,39.1854222838215],[-120.8749378013,39.1855364986256],[-120.875056773823,39.1856269180219],[-120.875213819155,39.1856649898333],[-120.875423210723,39.1856935427827],[-120.875565979129,39.1856983019117],[-120.875813443309,39.1856554719216],[-120.876051946619,39.185617818336],[-120.876312451848,39.1855766912295],[-120.876441894706,39.1855614635128],[-120.876632251208,39.1855957273919],[-120.876803573138,39.1856490273491],[-120.876952051252,39.1856680619812],[-120.877142408103,39.1856794838426],[-120.877298501061,39.1857213616307],[-120.877382257441,39.1858584188283],[-120.877420329136,39.1860030905361],[-120.877374642694,39.1861173051434],[-120.877336571432,39.1862239050517],[-120.877184285411,39.1863419260385],[-120.877077687198,39.1864561402311],[-120.877077686873,39.1865665474819],[-120.877123372009,39.1866693402975],[-120.877207129348,39.1867721319821],[-120.877340378498,39.1869053822639],[-120.877513603683,39.1870538606841],[-120.877768682034,39.1871604600598],[-120.878099903561,39.1872175673378],[-120.87851868825,39.1872822885406],[-120.878815645216,39.1873355887163],[-120.879066916317,39.1873584320029],[-120.879251561792,39.1873508168318],[-120.879491412419,39.1872784819765],[-120.879757910581,39.1871528463463],[-120.879997760388,39.1870348247501],[-120.88020715431,39.1868977678152],[-120.880393703094,39.1867835540614],[-120.880603096021,39.1867150245682],[-120.880762996339,39.1867416748731],[-120.880934316993,39.186886346846],[-120.881029494657,39.1870310184234],[-120.881105637408,39.1872708669099],[-120.881155131176,39.1874574173827],[-120.881162745438,39.1876058960334],[-120.881109444911,39.1876972674561],[-120.880953353032,39.187822902361],[-120.880782031273,39.1879447308484],[-120.880355631778,39.1881655445997],[-120.879925426151,39.188409201581],[-120.879655119211,39.1885462589502],[-120.879327705396,39.1887099652008],[-120.879122118591,39.1889155507175],[-120.878924148127,39.1891287507647],[-120.87872998433,39.1893267219445],[-120.878543434843,39.1894066722365],[-120.87841018552,39.1894142858769],[-120.878193177653,39.1893076860526],[-120.878023760499,39.1892315429156],[-120.877787717809,39.1892048926694],[-120.877555481786,39.1892087001011],[-120.877273754021,39.189204893129],[-120.876984412289,39.1892886498703],[-120.876805475546,39.1894066721262],[-120.876634155144,39.1896465210503],[-120.876495194453,39.1898521071542],[-120.876365752566,39.1900310423113],[-120.876190624383,39.1902099778951],[-120.875966953509,39.1904065669784],[-120.875889586219,39.1904952952513],[-120.875670675158,39.1908046253384],[-120.875504113226,39.1909807049991],[-120.875351827052,39.1910378117277],[-120.875237612673,39.1910663658328],[-120.87495683685,39.1910187774559],[-120.874823587648,39.190975946294],[-120.874676059966,39.1908569728756],[-120.874585640825,39.1906999289094],[-120.874466667845,39.1905048131342],[-120.87419540904,39.1900527162674],[-120.87402408773,39.1897862158767],[-120.873914632864,39.1896339302827],[-120.873767105418,39.1893626720296],[-120.873629097941,39.1892484580562]]]},"properties":{"OBJECTID":8620,"State":"California","State_Abbrv":"CA","County":"Nevada","Ftr_Type":"Diggings","Ftr_Name":"Little York Diggings","Topo_Name":"Dutch Flat","Topo_Date":"1979","Topo_Scale":"24000","Shape__Area":2.641433411554317e-05,"Shape__Length":0.02650581970194947}},{"type":"Feature","id":8621,"geometry":{"type":"Polygon","coordinates":[[[-120.901506137106,39.2253971928914],[-120.901532557088,39.2250326048442],[-120.901659369821,39.2247631259093],[-120.901786183166,39.2245676222882],[-120.901923564522,39.2244249567058],[-120.902161339582,39.2241660464109],[-120.902462522388,39.2238860000248],[-120.902689729432,39.2237116307389],[-120.902959207704,39.223510842718],[-120.903149428455,39.2232677837031],[-120.903302660709,39.2230405766471],[-120.903344931604,39.2228028019703],[-120.903466460603,39.2225333227287],[-120.903640829478,39.2222796957744],[-120.903931443828,39.222089475982],[-120.904264328699,39.2218992556761],[-120.90458664726,39.2217565908836],[-120.904871977136,39.2215293836039],[-120.905191651453,39.2211489427852],[-120.905498118568,39.2208636130924],[-120.905619647769,39.220710380125],[-120.905831002638,39.2206258378765],[-120.906095197948,39.2205043078695],[-120.906311838076,39.2203933467847],[-120.906486206383,39.2203616429552],[-120.906639439363,39.2203827786988],[-120.906782103901,39.2204461860681],[-120.906914200743,39.2205518631464],[-120.907046298669,39.2208107738607],[-120.907194248221,39.2210379818689],[-120.907294642035,39.2212123503234],[-120.907373900592,39.2214606932182],[-120.907432022942,39.2216984676531],[-120.907410887104,39.2218094297005],[-120.907384468092,39.2219890817135],[-120.907331629536,39.2220841919293],[-120.907215382676,39.2222849799688],[-120.90714669305,39.2223853741854],[-120.907141408611,39.2225174721522],[-120.907178396375,39.2226231490443],[-120.907294642439,39.2226918401406],[-120.907437307607,39.2227182601878],[-120.907727920998,39.2227182601775],[-120.907928708524,39.222702408046],[-120.908346135546,39.2227076918041],[-120.90870544085,39.2227076922844],[-120.908948499892,39.2227182595752],[-120.909091164583,39.2228028020097],[-120.909307805041,39.222903196031],[-120.909408199176,39.223061713002],[-120.909455754337,39.2231885261054],[-120.90939763033,39.2233047716817],[-120.909196843238,39.2233840302908],[-120.908943215949,39.2234685723327],[-120.908694873631,39.223600670149],[-120.908462381494,39.2237750380645],[-120.908309148772,39.224028664826],[-120.908166483417,39.2243298468695],[-120.908023819473,39.2245834743369],[-120.90790228932,39.2247525582174],[-120.907727920941,39.22490579105],[-120.907453158258,39.2250907270391],[-120.907289357562,39.225159418427],[-120.906924769267,39.2252598120317],[-120.906528476706,39.2252809483887],[-120.905889125518,39.2252439598647],[-120.905471698539,39.2252122567276],[-120.905223355709,39.2252069733129],[-120.904980296954,39.2251699861763],[-120.904795359512,39.2251594179701],[-120.904700249531,39.2251805537217],[-120.904647411535,39.2252545282269],[-120.904615707915,39.2254236129256],[-120.904562868791,39.225814620733],[-120.904478327411,39.2262003445334],[-120.90440963595,39.2263747134179],[-120.904319810196,39.226559649553],[-120.904314525802,39.2267551537426],[-120.904325093355,39.2268819668558],[-120.904399067645,39.2270457676567],[-120.904478327183,39.2272307044232],[-120.904562868645,39.2273839366609],[-120.904647411566,39.2274843311122],[-120.904837631791,39.2276481324357],[-120.904874618478,39.2277485261738],[-120.904885187037,39.227891191389],[-120.904832347723,39.2280814109193],[-120.904758372576,39.2282769149251],[-120.904758372593,39.2284935537159],[-120.904710818068,39.2287260461689],[-120.904689683098,39.2288370074086],[-120.904599856372,39.228916265761],[-120.904483610971,39.2289321176026],[-120.904362081113,39.2289321181455],[-120.904171861159,39.2288634270036],[-120.903875962599,39.2286996258407],[-120.903632903357,39.2285146898048],[-120.903416264,39.2282663471371],[-120.903257747758,39.2279810173182],[-120.903199624573,39.227774944726],[-120.903194340803,39.2275054657366],[-120.903194341274,39.2271778646487],[-120.903236612375,39.22689781918],[-120.903257747694,39.2267551544661],[-120.903204908333,39.2266706107333],[-120.903014687679,39.2266283403783],[-120.902576124385,39.2265226617071],[-120.902269660383,39.2264275514778],[-120.902095291123,39.2262901706537],[-120.901767690029,39.2260259761929],[-120.901667296454,39.2258674600367],[-120.90152727355,39.2255768460709],[-120.901506137106,39.2253971928914]]]},"properties":{"OBJECTID":8621,"State":"California","State_Abbrv":"CA","County":"Nevada","Ftr_Type":"Diggings","Ftr_Name":"Placer Diggings","Topo_Name":"Chicago Park","Topo_Date":"1979","Topo_Scale":"24000","Shape__Area":2.7641356609819923e-05,"Shape__Length":0.027770374887477425}},{"type":"Feature","id":8622,"geometry":{"type":"Polygon","coordinates":[[[-120.965610970518,39.3555128988316],[-120.965144597234,39.3554343773201],[-120.96476388302,39.3554438947519],[-120.964273713649,39.3555343140262],[-120.963826374862,39.3556865996227],[-120.96345042152,39.3559673761678],[-120.963250546092,39.3561862860259],[-120.963017358804,39.3564718218578],[-120.962941216203,39.356566999613],[-120.96273182339,39.3566859731802],[-120.962550984264,39.3567097676027],[-120.962327314757,39.3566431433177],[-120.962194065044,39.3565194114479],[-120.962141717576,39.3562671879809],[-120.962046538915,39.355948340248],[-120.961975155075,39.3553296810218],[-120.961865699129,39.3549251717317],[-120.961832386546,39.3546348777932],[-120.961860940509,39.3543731370461],[-120.961960877456,39.3541423286556],[-120.962084610607,39.3540328741595],[-120.962503394508,39.3538805888417],[-120.96288886819,39.3537901687704],[-120.96335048263,39.3537187848635],[-120.963831133711,39.3537140272311],[-120.964135705557,39.3537330620034],[-120.964397446441,39.3537187850449],[-120.964583044417,39.3536426425014],[-120.964768642245,39.3533999378963],[-120.964954239401,39.3531691299219],[-120.965135079361,39.3529121480531],[-120.965339713122,39.3526932377962],[-120.965468202506,39.3525219171973],[-120.965582418484,39.3523172826539],[-120.965691872775,39.352046024033],[-120.965825122896,39.3517700070742],[-120.965896506381,39.3516224795816],[-120.966058309364,39.3515606138531],[-120.966391433868,39.3515701323144],[-120.966781665674,39.3516177214398],[-120.96741460335,39.3518461503712],[-120.967619236345,39.3519889169269],[-120.967900012884,39.3523553538991],[-120.968109405067,39.3525076404337],[-120.968394940404,39.3527027559958],[-120.968713788322,39.3529502195077],[-120.968737583269,39.3531120228174],[-120.968694752911,39.3532309963284],[-120.968513913379,39.3535664997486],[-120.968366387008,39.3538567937352],[-120.968394940274,39.3540376326311],[-120.968509155061,39.3543184104202],[-120.968694752738,39.3546277401572],[-120.968880350392,39.3549132747576],[-120.969175403488,39.3551440827974],[-120.969408591553,39.3552487788935],[-120.969736955651,39.355343956744],[-120.970012974274,39.3553725108818],[-120.970331821713,39.3554438953791],[-120.970645911301,39.3555247963825],[-120.97084578494,39.3555914208147],[-120.970983794507,39.3557532247395],[-120.971083731373,39.3559293048695],[-120.971369266782,39.3562148403161],[-120.971597694777,39.3565574819637],[-120.971902265771,39.3570072006395],[-120.971926061129,39.3572641822925],[-120.971926061597,39.3576258602805],[-120.971849918427,39.357863806367],[-120.971597695479,39.3582302432282],[-120.97123125801,39.3585752653693],[-120.971112284676,39.3586323721532],[-120.97091716867,39.3586323719957],[-120.970560250239,39.3585229167539],[-120.970274714898,39.3583706320937],[-120.969855929902,39.3580755785894],[-120.96928010051,39.3576044450627],[-120.968813725632,39.3572284903978],[-120.968342591596,39.356788290268],[-120.967990432405,39.3564028170138],[-120.967709655613,39.3561648711062],[-120.967495503712,39.3560982457514],[-120.967248040145,39.3560601752651],[-120.966848291643,39.3560316221974],[-120.966572273326,39.3559840315135],[-120.966177282898,39.355807952313],[-120.965882229576,39.3556509084147],[-120.965610970518,39.3555128988316]]]},"properties":{"OBJECTID":8622,"State":"California","State_Abbrv":"CA","County":"Nevada","Ftr_Type":"Diggings","Ftr_Name":"Placer Diggings","Topo_Name":"North Bloomfield","Topo_Date":"1979","Topo_Scale":"24000","Shape__Area":2.9202633413660806e-05,"Shape__Length":0.029328130179056174}},{"type":"Feature","id":8623,"geometry":{"type":"Polygon","coordinates":[[[-120.781323118615,39.3380317830247],[-120.781216041943,39.3376962786732],[-120.78118034972,39.3375035416801],[-120.781116105351,39.337289390772],[-120.781108966425,39.3371394850397],[-120.781119443634,39.3371283912628],[-120.781287652563,39.3367723390613],[-120.781316205902,39.3366809683398],[-120.781327626708,39.3365838862344],[-120.781304784703,39.3365096459442],[-120.781249417889,39.3363704640158],[-120.781246034674,39.3363721779603],[-120.781144658489,39.3361829411598],[-120.781101827733,39.336040174024],[-120.781216041751,39.3357475004891],[-120.781380224319,39.3354262727098],[-120.781665760398,39.3351907063145],[-120.781937019222,39.3350693537629],[-120.782101212101,39.3350183971449],[-120.782112131727,39.3350197357159],[-120.782218497497,39.3349449128919],[-120.782281315144,39.3348992273385],[-120.782321290461,39.3348192766417],[-120.782346818854,39.3346749904903],[-120.782346537199,39.3346748575284],[-120.782351045667,39.3345125603113],[-120.782558057589,39.3343055471246],[-120.782865009473,39.334169917305],[-120.783093436837,39.3340699804823],[-120.783321865034,39.3339557657904],[-120.783550293621,39.3338986591151],[-120.783714475478,39.3337987208212],[-120.783857244123,39.3336345392245],[-120.784042841777,39.3334846327164],[-120.784242715605,39.3333133109368],[-120.784528252069,39.3330777446115],[-120.784749542335,39.3328564545441],[-120.784992247548,39.3327707943351],[-120.785306335862,39.3327565176739],[-120.785677530658,39.3328064858386],[-120.786034451483,39.3328850082081],[-120.786348538461,39.3329992228617],[-120.786435742748,39.3330250610788],[-120.786450122703,39.3330504700831],[-120.78659860945,39.3330718013296],[-120.786735665658,39.3331231983536],[-120.786867012668,39.333174593832],[-120.787072598387,39.3332327491269],[-120.787204028729,39.3333471904297],[-120.787215468002,39.3333449680104],[-120.787233699291,39.3333561419236],[-120.787426434702,39.333520325099],[-120.787626310052,39.3336916462699],[-120.787711970693,39.333962904343],[-120.787769077705,39.3340985343373],[-120.787826184765,39.334326962419],[-120.787797631478,39.3344840057073],[-120.787769078399,39.3346339121069],[-120.787790492862,39.3348980321491],[-120.787847600422,39.3350693537154],[-120.787897568654,39.3353477511961],[-120.788076028218,39.3354405501743],[-120.788154550476,39.3356118712605],[-120.788133135184,39.3358402985787],[-120.788140273604,39.3359259597115],[-120.788183104098,39.3360901424014],[-120.788033197936,39.3363042943736],[-120.787911845252,39.3365612763424],[-120.787876153495,39.3368111188848],[-120.787933259632,39.3370038553171],[-120.78796895259,39.3372108693144],[-120.787933259875,39.3373464978764],[-120.787754800848,39.3377176938369],[-120.787633447292,39.3381245816956],[-120.787512095821,39.3385243310317],[-120.787419296948,39.3388027278897],[-120.787419296884,39.3388098656484],[-120.787219421459,39.3389597718469],[-120.786998132347,39.33899546359],[-120.786783981077,39.3389883257532],[-120.786669767368,39.3388741121917],[-120.786526999292,39.3387027907876],[-120.786477029881,39.3385743003741],[-120.786526998708,39.3382673489211],[-120.786598382646,39.3379104302506],[-120.786434199709,39.3377319698703],[-120.786212909864,39.3375249573493],[-120.785991620007,39.3373964660273],[-120.785741777019,39.3372536992175],[-120.785463379938,39.3371823149891],[-120.785163568488,39.3372679761463],[-120.784892309283,39.3373679129778],[-120.784585359459,39.3374178821828],[-120.784342654171,39.3375535105373],[-120.78409994859,39.337646310391],[-120.783971457883,39.3377890777885],[-120.783821551918,39.3379603991695],[-120.783578847276,39.338074613187],[-120.783271895499,39.3380246441295],[-120.783057745257,39.3380603355207],[-120.78287214688,39.3379960909537],[-120.782615164849,39.3378961529008],[-120.782408152289,39.3379532600865],[-120.782379597463,39.338088889759],[-120.782351044917,39.3382744879858],[-120.782357925764,39.3382837513849],[-120.782521164699,39.3383827582489],[-120.782743882946,39.3386283189531],[-120.782869518409,39.3387425328795],[-120.782920914585,39.3388910113305],[-120.782903782603,39.339102307188],[-120.782863806608,39.3393250249048],[-120.78270008874,39.339437040377],[-120.782684523524,39.3394640731044],[-120.78265025347,39.339523593899],[-120.782564592967,39.3395521480351],[-120.782467511117,39.3395521477062],[-120.782338474968,39.3394947977552],[-120.782313321569,39.3394836194222],[-120.782193396764,39.3394493554441],[-120.782022076648,39.3393636943256],[-120.781982101059,39.3393065868974],[-120.781941949628,39.3391695014799],[-120.781879911668,39.3391096779636],[-120.781715729393,39.3388241429802],[-120.781465884791,39.3384101166488],[-120.781323118615,39.3380317830247]]]},"properties":{"OBJECTID":8623,"State":"California","State_Abbrv":"CA","County":"Nevada","Ftr_Type":"Diggings","Ftr_Name":"Alpha Diggings","Topo_Name":"Washington","Topo_Date":"1979, 2000","Topo_Scale":"24000","Shape__Area":2.981097441079328e-05,"Shape__Length":0.02656869922002627}},{"type":"Feature","id":8624,"geometry":{"type":"Polygon","coordinates":[[[-120.907351620618,39.2375244920685],[-120.907567365089,39.2374025493926],[-120.907795616799,39.2372274507736],[-120.907861278139,39.2370492273051],[-120.907851898072,39.2368928899661],[-120.907751842348,39.2367271726094],[-120.907489195691,39.2364113724841],[-120.907335986065,39.2361956268048],[-120.907251564507,39.2359736281712],[-120.907151507507,39.2357359960102],[-120.907079593215,39.2354577161071],[-120.907079592518,39.2351700557022],[-120.907129621165,39.2345916085066],[-120.90727032388,39.2343258361003],[-120.90747356219,39.2341194705934],[-120.907761223054,39.2339224863796],[-120.908105163437,39.2337598959395],[-120.908502259894,39.2336160647323],[-120.908893102724,39.2335253896847],[-120.909427775526,39.2334784888768],[-120.909759209892,39.2334909959152],[-120.910034363027,39.2335253898189],[-120.910236037913,39.23358479831],[-120.910570599979,39.2337442618478],[-120.91075195141,39.2338349368051],[-120.910973948941,39.23391623283],[-120.91124597539,39.23396938685],[-120.911539889358,39.2339568802883],[-120.912008899895,39.2340100349236],[-120.912268420223,39.2341351048061],[-120.912459151037,39.2343258360803],[-120.91257015064,39.2345071868047],[-120.912707726781,39.2347854671996],[-120.912738995066,39.2349199172524],[-120.9126451914,39.2351856898343],[-120.912551389787,39.2354201947499],[-120.912507616257,39.2356828412019],[-120.912491981906,39.2359048396141],[-120.912482602172,39.236148726383],[-120.91243882713,39.2364395129981],[-120.912395053373,39.2366396242938],[-120.912285617131,39.2368866369726],[-120.912091759325,39.2371586626371],[-120.911963562847,39.2372649720338],[-120.911738437243,39.2374025491968],[-120.911478917981,39.2374775913221],[-120.911210018173,39.2375057313833],[-120.910594050536,39.2375463792127],[-120.910298573163,39.2375526333295],[-120.910126602562,39.2375432519693],[-120.909854575696,39.2375088580541],[-120.909723252737,39.2374682112918],[-120.90958254901,39.2374619572087],[-120.909441846074,39.2374932236987],[-120.909332410166,39.2375557587134],[-120.909210466766,39.2376589421555],[-120.909151058516,39.2378997007429],[-120.909157313178,39.2382061207805],[-120.909201087298,39.2384156131708],[-120.909188579614,39.2388002018421],[-120.90921672079,39.2390128206956],[-120.909385564702,39.23920355243],[-120.909448099668,39.2392723403571],[-120.909526267749,39.2393786489062],[-120.90957316887,39.2394536913648],[-120.909545028134,39.239566254125],[-120.909510633866,39.2397132114495],[-120.909477804631,39.2398664211713],[-120.909468423185,39.2400415183823],[-120.909515323921,39.2402009821752],[-120.909656028048,39.2404010942829],[-120.909781097014,39.2406668669023],[-120.909868645994,39.2408888648906],[-120.909940560833,39.2410639631174],[-120.909981208464,39.2411796517341],[-120.910012476565,39.2413453700337],[-120.910012475595,39.2414016507839],[-120.909890533236,39.2414610585634],[-120.909693549291,39.2414892001798],[-120.90946529646,39.2414954530052],[-120.909227663681,39.2415110870318],[-120.908899356347,39.2415642409801],[-120.908505386944,39.2416861840676],[-120.908177078511,39.241855028259],[-120.907767475428,39.2420019848625],[-120.907639280408,39.2420676471196],[-120.907454802452,39.2421020405743],[-120.907254691232,39.2420926607145],[-120.907032692288,39.2420269992384],[-120.906876354338,39.2419457037153],[-120.906663736701,39.2418175070959],[-120.906554300473,39.2417268321567],[-120.906498019565,39.2416017622269],[-120.906479258822,39.2414047778861],[-120.906479258989,39.2412515665434],[-120.906488639563,39.2410733432467],[-120.906488639114,39.240888864558],[-120.906438611418,39.2407575420962],[-120.906329175387,39.2405230371795],[-120.906232246238,39.2402728970833],[-120.906154078245,39.2400915460896],[-120.906079035877,39.2398476606858],[-120.906057148863,39.2396256620845],[-120.906057148489,39.2392535800101],[-120.906063402163,39.2388877513407],[-120.906141571586,39.23822488198],[-120.906257259668,39.2379403483617],[-120.90636356875,39.2378027717259],[-120.906554301435,39.2377339843],[-120.90677317206,39.2376714488437],[-120.907042071755,39.2376308005902],[-120.907351620618,39.2375244920685]]]},"properties":{"OBJECTID":8624,"State":"California","State_Abbrv":"CA","County":"Nevada","Ftr_Type":"Diggings","Ftr_Name":"Placer Diggings","Topo_Name":"Chicago Park","Topo_Date":"1979","Topo_Scale":"24000","Shape__Area":3.269693934271345e-05,"Shape__Length":0.02818791662716587}},{"type":"Feature","id":8625,"geometry":{"type":"Polygon","coordinates":[[[-120.863362080173,39.2006560697939],[-120.86344488512,39.200539000196],[-120.863499137384,39.2002220563193],[-120.863521980033,39.2000421686557],[-120.863624773366,39.1997737659728],[-120.863767539847,39.1996938164091],[-120.863907452514,39.1996795391472],[-120.864021667105,39.1997509234369],[-120.864061641839,39.1999022154792],[-120.864078773824,39.2000707216914],[-120.864133026445,39.20022776727],[-120.864190133224,39.2003676790778],[-120.864235817636,39.2004333518985],[-120.8643186238,39.2005104468145],[-120.86440714035,39.2005618425517],[-120.864501365492,39.2005732641133],[-120.864649845138,39.2005190134308],[-120.864812600648,39.2004761821692],[-120.864929669405,39.2004019429841],[-120.865009618936,39.2003020058905],[-120.865032461605,39.2002134905314],[-120.865035317479,39.2001164078707],[-120.865118122486,39.1999336652243],[-120.86520949413,39.1998251616059],[-120.865449342885,39.1997280803668],[-120.865632085734,39.1996252873315],[-120.865881929226,39.1996138663424],[-120.866184597355,39.1996224318041],[-120.866321654328,39.1996224318133],[-120.866401603468,39.1995624691133],[-120.866401604121,39.1994825202352],[-120.866318798231,39.1993968593644],[-120.866084659498,39.1992483811294],[-120.865864797043,39.1990599269905],[-120.865664923342,39.1988657631374],[-120.865556419345,39.1987515486737],[-120.865422217425,39.1985630958473],[-120.865370820764,39.1984745804911],[-120.86531085863,39.1983632207733],[-120.865262317986,39.1982832714268],[-120.865176656593,39.1982233088198],[-120.865008191269,39.1982432962601],[-120.864854002391,39.1983004031115],[-120.864585598773,39.1984003410692],[-120.864380013799,39.1984346045939],[-120.864131597635,39.1983774982356],[-120.864037371655,39.1982946932362],[-120.863910307991,39.1981433593337],[-120.863784673169,39.1979977362315],[-120.863733276317,39.1979206409751],[-120.863699011948,39.197823559466],[-120.863696157217,39.1977236221049],[-120.863753263833,39.1976579489269],[-120.863856056269,39.1975380243151],[-120.863876044384,39.1974666395089],[-120.86387604372,39.1973809804627],[-120.863867478025,39.1972953193098],[-120.863827503381,39.1972210800736],[-120.863793238814,39.1971496960651],[-120.863787528162,39.1970097842817],[-120.863810370792,39.1968841480046],[-120.863884609687,39.1967470908004],[-120.86392886857,39.196681417957],[-120.864014527628,39.1966071786797],[-120.864177284323,39.1965814813145],[-120.864419988758,39.1966300222529],[-120.864802605588,39.1968070542454],[-120.865222343065,39.1970126394231],[-120.865447915421,39.1971725387093],[-120.865687765286,39.1973438596669],[-120.865964735071,39.197549444572],[-120.866150332608,39.1976236848246],[-120.866301665706,39.1976522376155],[-120.866407313675,39.1976436719443],[-120.866487263785,39.197592275647],[-120.866544370681,39.1974837716052],[-120.866558647881,39.1973724138926],[-120.866541515711,39.1972353573412],[-120.86651296358,39.1970611800214],[-120.866450145292,39.1969383997337],[-120.866284533744,39.1968013429719],[-120.866036118716,39.1966785631922],[-120.86581340065,39.1965586381161],[-120.865719173661,39.1964872540919],[-120.865633514049,39.1963787509518],[-120.865602105555,39.1962559701394],[-120.865642080497,39.1961017809678],[-120.865730595386,39.1960218306653],[-120.865907628156,39.1960046986043],[-120.866173175401,39.1961132033524],[-120.866364483819,39.196230272309],[-120.866684283821,39.1964444242505],[-120.866972674332,39.1965900471376],[-120.867183971165,39.1966785629783],[-120.867352436216,39.1966928393034],[-120.867529468466,39.1967042608012],[-120.867689367655,39.1967613678388],[-120.867854979702,39.1969127023039],[-120.868057709012,39.1971639726992],[-120.868184772212,39.1972953191114],[-120.868321828657,39.1973695578459],[-120.868473161982,39.1974009668066],[-120.868598797687,39.1973924012492],[-120.868675892724,39.1973324388375],[-120.868713012396,39.1972639096986],[-120.868718723502,39.1972068028377],[-120.868770119434,39.1971354191122],[-120.868835792311,39.1971040099029],[-120.868930018487,39.197158261933],[-120.869027100621,39.1972325012504],[-120.869164157893,39.1972724759654],[-120.869298359712,39.1972867529116],[-120.869469681331,39.1972639100303],[-120.869555340633,39.197238211889],[-120.869698108642,39.1971611172425],[-120.869749505221,39.1970783123503],[-120.869795190955,39.1970040730067],[-120.869875141452,39.1969241227494],[-120.870069305491,39.1968698707964],[-120.87030915554,39.1967784998185],[-120.870620388389,39.196721392747],[-120.870818834458,39.1966842728541],[-120.871141490439,39.1967156821831],[-120.87132708748,39.1967956321562],[-120.87140703746,39.1968984249358],[-120.871407038603,39.1971611169956],[-120.871358496564,39.1974295214558],[-120.871272836381,39.19760084235],[-120.871078671629,39.1978321254372],[-120.870795991786,39.1980976734336],[-120.87063038253,39.1982718503066],[-120.870530443463,39.1984260387127],[-120.870410520526,39.1987601149095],[-120.870350556546,39.199088480672],[-120.870336279394,39.1994111358789],[-120.870319147873,39.1997280798418],[-120.870233487637,39.2001164079358],[-120.870150681737,39.2002363332179],[-120.869887989686,39.2003990882517],[-120.869508227915,39.2007274543493],[-120.869236968459,39.200967303121],[-120.869005686002,39.2013128013225],[-120.868838648462,39.2015440849966],[-120.868713012001,39.2016925633144],[-120.868590232631,39.2017411041667],[-120.868476018036,39.2017525249817],[-120.868221891165,39.2017696573264],[-120.868101966813,39.20179535593],[-120.867982042479,39.2018695947171],[-120.867939211321,39.2019666770465],[-120.867944921928,39.2022179475567],[-120.867970619822,39.2024977734571],[-120.867927790202,39.2026491059149],[-120.867756469164,39.202894667107],[-120.867579436488,39.2031002521497],[-120.86743809715,39.203205899716],[-120.867283907761,39.2032487297542],[-120.867166837821,39.2032487303439],[-120.866998373161,39.2032972708237],[-120.866898434839,39.2034171959803],[-120.866838472985,39.20358566178],[-120.86668713843,39.2037284300571],[-120.86645014528,39.2038397886313],[-120.866216005766,39.2039168832127],[-120.865964734468,39.2039911219685],[-120.865559274908,39.2040168201126],[-120.865250896259,39.2039797012939],[-120.864916820175,39.2039568584175],[-120.864696958044,39.2039225937793],[-120.864439975479,39.2038654867623],[-120.864254377631,39.2037084422289],[-120.8638874651,39.2034229072429],[-120.863501993107,39.2031716356658],[-120.863279274821,39.2029460627745],[-120.863087965394,39.2027262007658],[-120.862953764631,39.2024834958563],[-120.862862392834,39.2022493567169],[-120.862636820915,39.2020437714176],[-120.862531172297,39.2019181359568],[-120.862462643836,39.2017582362531],[-120.862434089489,39.2015726378635],[-120.862436945842,39.2014241603257],[-120.862494053141,39.2012414174104],[-120.862628253754,39.2010872281801],[-120.862810996915,39.2009615928918],[-120.862985173956,39.2008302459916],[-120.86318790343,39.2007360199008],[-120.863362080173,39.2006560697939]]]},"properties":{"OBJECTID":8625,"State":"California","State_Abbrv":"CA","County":"Nevada","Ftr_Type":"Diggings","Ftr_Name":"Christmas Hill Diggings","Topo_Name":"Dutch Flat","Topo_Date":"1979","Topo_Scale":"24000","Shape__Area":3.844047932943795e-05,"Shape__Length":0.037176442952682576}},{"type":"Feature","id":8626,"geometry":{"type":"Polygon","coordinates":[[[-120.813089803707,39.2391418396995],[-120.813085045469,39.2389705187508],[-120.813151670368,39.2388325102339],[-120.813227812102,39.238656430321],[-120.813275402073,39.2385326980506],[-120.813289678139,39.2383946892096],[-120.813313472838,39.238270957079],[-120.813327750415,39.2381567430663],[-120.813422927817,39.2380187337226],[-120.813589490901,39.2379663860425],[-120.813765570865,39.2379521103261],[-120.813993999444,39.2379616265604],[-120.814227185659,39.2379616267261],[-120.814393748143,39.2379711446164],[-120.814584104369,39.2378712077242],[-120.814741149692,39.2377617527433],[-120.814831569365,39.2376713325811],[-120.814960059737,39.2375047707922],[-120.814936265659,39.2373620032509],[-120.814869641125,39.2371145387364],[-120.814931506896,39.2368242448671],[-120.815017167195,39.2366100943013],[-120.815174212358,39.2364292551053],[-120.815316979243,39.2363102809968],[-120.815440710881,39.236172273027],[-120.815531131371,39.2359105319988],[-120.815640585646,39.2356630683541],[-120.815764317976,39.2353394608286],[-120.816021300237,39.2348017028046],[-120.816175964537,39.2345066497261],[-120.816271143105,39.2342211150988],[-120.816380597733,39.233864195857],[-120.816490052549,39.2334977590767],[-120.816704205147,39.2330361428336],[-120.816880285538,39.2327220541689],[-120.817184856044,39.2322651981962],[-120.817655988939,39.2319749039745],[-120.818060497714,39.2316941268355],[-120.818350792085,39.2315894307192],[-120.818783853547,39.2315513592572],[-120.819164567435,39.2315656357725],[-120.819478656248,39.2316132245425],[-120.819868887561,39.2315751544562],[-120.820130628956,39.2314799762179],[-120.820363815434,39.2313895558152],[-120.820530377628,39.2313276896768],[-120.820644592253,39.2313800376728],[-120.820730252385,39.231499010874],[-120.820782600925,39.2316893681358],[-120.820801636642,39.2318844838415],[-120.820787360313,39.2320605640191],[-120.820773082399,39.2322128498123],[-120.820777842416,39.2323460986025],[-120.820834948784,39.2324555548034],[-120.820977717482,39.2326078398029],[-120.821225181059,39.2326792240086],[-120.82150595691,39.2326935007886],[-120.821767698139,39.2326030814129],[-120.822081786966,39.2324079652533],[-120.822281661467,39.2322842332007],[-120.82239111707,39.2321605010853],[-120.822419669622,39.2319986981705],[-120.82247677715,39.2318178587827],[-120.822657616019,39.2314990110441],[-120.822833697698,39.2312610652898],[-120.823143026522,39.2309707712073],[-120.823300071028,39.2306757179167],[-120.823359557075,39.2305281912847],[-120.823449976792,39.2304663251633],[-120.823516601488,39.2304806016666],[-120.823597503502,39.2306186111549],[-120.823778342567,39.2309517350749],[-120.823906833201,39.2311991985436],[-120.824073396626,39.2315466012838],[-120.824254235619,39.2318702071757],[-120.824278029422,39.232103393973],[-120.824216163168,39.2323556171911],[-120.824144779695,39.2325602515192],[-120.824006771521,39.2328219919799],[-120.823859243692,39.2330409020527],[-120.823702199921,39.2331789113509],[-120.823469012596,39.2333502316353],[-120.823226307563,39.233597696108],[-120.822955048995,39.2337832939768],[-120.822783727459,39.2339165436516],[-120.82247439771,39.2340926240218],[-120.822231692931,39.2342115967092],[-120.822036576648,39.2343924356271],[-120.821884292094,39.2346351405597],[-120.821703453016,39.2348730871708],[-120.821513096036,39.2350777211891],[-120.821239457996,39.2353156670716],[-120.820991994588,39.2355155412834],[-120.82076356516,39.2356678267147],[-120.820658869217,39.2357487291436],[-120.820616039172,39.2358677022671],[-120.820611280463,39.2359676392182],[-120.820611279506,39.236143718786],[-120.820558932471,39.2363388348138],[-120.820454235648,39.2365434687268],[-120.820306708387,39.2367100307367],[-120.820149663985,39.2368623157075],[-120.82003069141,39.2369479769282],[-120.819916477389,39.2369908069988],[-120.819583352919,39.2370479136539],[-120.819278782464,39.2370479142566],[-120.819097942452,39.2371288158925],[-120.819083665739,39.237271584132],[-120.818978969572,39.2374191100103],[-120.818859996371,39.2375095298117],[-120.818669639828,39.2376047082],[-120.818374586445,39.2376998866752],[-120.81810094909,39.2377855471331],[-120.817863001689,39.2379616271687],[-120.81745373452,39.2382471629627],[-120.817211029634,39.2383756544316],[-120.816877906189,39.2384470365542],[-120.816668513591,39.2385755282127],[-120.816421049472,39.2388372687644],[-120.816273523423,39.23900383131],[-120.816097441965,39.2391228044495],[-120.815964192974,39.23919894665],[-120.815692934006,39.2391751526069],[-120.815521612665,39.2391323221241],[-120.815378845164,39.2391037693629],[-120.815250354094,39.2391180452335],[-120.815059997349,39.2391751531436],[-120.814960059674,39.2392655716788],[-120.814812533059,39.2393988220891],[-120.814584104676,39.2395891790701],[-120.814417542983,39.2396986339288],[-120.814165320497,39.2397605002384],[-120.814008276483,39.2397747769866],[-120.813875025705,39.2397414642435],[-120.813622802858,39.2396938752425],[-120.813470517046,39.2396367681494],[-120.8132420893,39.2395225537882],[-120.813094562691,39.2392988843421],[-120.813089803707,39.2391418396995]]]},"properties":{"OBJECTID":8626,"State":"California","State_Abbrv":"CA","County":"Nevada","Ftr_Type":"Diggings","Ftr_Name":"Liberty Hill Diggings","Topo_Name":"Dutch Flat","Topo_Date":"1979","Topo_Scale":"24000","Shape__Area":4.1262891954829684e-05,"Shape__Length":0.034262815698300704}},{"type":"Feature","id":8627,"geometry":{"type":"Polygon","coordinates":[[[-121.02832206323,39.382340934867],[-121.028390591587,39.3822324308755],[-121.028373459659,39.382152481233],[-121.028333485301,39.3820382667382],[-121.028316352023,39.381906921294],[-121.02832777382,39.3817812853766],[-121.028384881143,39.381649939033],[-121.028527648692,39.3815471462509],[-121.02877320942,39.3814500637957],[-121.028973083923,39.3814329316349],[-121.029087297675,39.3814614861296],[-121.02920151244,39.3814957496867],[-121.029310014669,39.3815528573919],[-121.029407096779,39.3815871207762],[-121.029555576314,39.3816328066574],[-121.029664078446,39.3816556496744],[-121.029692633342,39.3815528569707],[-121.029646946649,39.3814157998636],[-121.029589839657,39.3811873723646],[-121.029538444008,39.3811245541858],[-121.029481336837,39.3809646539157],[-121.029429940385,39.3808275966871],[-121.02940138689,39.3806676984473],[-121.029407096743,39.3805591940454],[-121.029418518469,39.3804221370931],[-121.029464203738,39.3803022121786],[-121.029521310433,39.3801480227768],[-121.029618394274,39.3799995450532],[-121.029641235425,39.3798910416956],[-121.029664079625,39.3797482741376],[-121.029669790314,39.3796340601232],[-121.02964123598,39.3795027126496],[-121.02958983955,39.3793942098784],[-121.02955557636,39.3792571527066],[-121.029549865182,39.3790915426008],[-121.029589840026,39.3789430641528],[-121.029624104205,39.3787888753842],[-121.029692632804,39.3786632397171],[-121.029841110618,39.3784862084324],[-121.029961035739,39.3783091759092],[-121.030052406819,39.378200672486],[-121.030155200498,39.3780293507909],[-121.030286545552,39.3778180551891],[-121.030332232162,39.3776695767481],[-121.030395049826,39.3775496515925],[-121.030429314385,39.377361198486],[-121.030486421299,39.3771613236221],[-121.030543527694,39.3769557384898],[-121.030629188845,39.376818680751],[-121.030652030625,39.3766587821434],[-121.030817642575,39.3765388572229],[-121.030960409964,39.3764417749028],[-121.031114598814,39.3763960894462],[-121.031320184168,39.3763675362775],[-121.031405845652,39.3763732463013],[-121.0314857947,39.3763446930559],[-121.031508636468,39.3762647428484],[-121.031520058963,39.376150528764],[-121.031514347545,39.3760420248567],[-121.031468662344,39.3760191828113],[-121.031445819455,39.3759906290714],[-121.031405845298,39.3759506540346],[-121.031428686472,39.3758307290399],[-121.031428687347,39.3757450687038],[-121.031508636814,39.3756993833684],[-121.031594297749,39.375676539817],[-121.03162856199,39.3755965899343],[-121.031737066026,39.3753453192353],[-121.031845569183,39.3751226018994],[-121.031942650782,39.3748931689486],[-121.032262443577,39.3748931662927],[-121.034559392526,39.3748931483382],[-121.035426181881,39.3748931414468],[-121.035477578568,39.3750540730172],[-121.035477578536,39.3752368160185],[-121.03547186775,39.3753624510284],[-121.035466157014,39.3754937982488],[-121.035466156728,39.3755965896328],[-121.035551816638,39.3757279372554],[-121.035677453015,39.3758364398019],[-121.035745981222,39.3759506535225],[-121.035808799289,39.3759906288548],[-121.0358601955,39.3760648681464],[-121.035917302909,39.3761448183019],[-121.035962987805,39.3762019250723],[-121.036100045099,39.3762476108502],[-121.036214259202,39.3762361886014],[-121.036317052091,39.3762076357565],[-121.036385581237,39.3761905038196],[-121.036505505062,39.3761905037447],[-121.036676826625,39.3762761641123],[-121.036728223116,39.3764246429655],[-121.036796751099,39.3766016746778],[-121.036813883635,39.376750153007],[-121.036819593828,39.3768529463433],[-121.036728222686,39.3769443167],[-121.036676826964,39.3770471097264],[-121.036648273402,39.3771327702244],[-121.036653984267,39.3772755380087],[-121.036653984203,39.3773497768473],[-121.036631140972,39.3774183058574],[-121.036579744767,39.3774811233314],[-121.036488373123,39.3775153876358],[-121.036397001988,39.3775210979496],[-121.03630563096,39.377515388317],[-121.036259944667,39.3775096770563],[-121.036185706249,39.3775096766193],[-121.036140020249,39.3775210982652],[-121.036077201904,39.3775667841572],[-121.036014384611,39.3776124697857],[-121.035974410103,39.3777038408661],[-121.035957277636,39.3778237664271],[-121.035962988025,39.3779208482522],[-121.03599154255,39.3780636153317],[-121.03608862381,39.3781721194641],[-121.036088624223,39.3782806222742],[-121.036105755737,39.3784119686767],[-121.03613431004,39.3785832896753],[-121.036140019518,39.3787317680294],[-121.036174284264,39.3788745359528],[-121.036191417383,39.3790001707825],[-121.036225681188,39.3792628636146],[-121.036242813182,39.3794113421323],[-121.036294208452,39.3795769529962],[-121.036294209183,39.3797025879483],[-121.036248523426,39.3798453557172],[-121.036214258433,39.3799538587866],[-121.036168574375,39.3800052561689],[-121.036094334873,39.380068073359],[-121.036014384767,39.3801308907406],[-121.035945855519,39.3802165519256],[-121.035888749404,39.3802565271989],[-121.035848774167,39.3802736594058],[-121.035785955316,39.3803022117576],[-121.035671742072,39.3803421868085],[-121.035614635027,39.3804050045519],[-121.035489000111,39.3805135091431],[-121.035386207323,39.380599169333],[-121.035317679371,39.3806676976153],[-121.035197754208,39.3807133829308],[-121.035117803752,39.3807533580144],[-121.035026431598,39.3807590694495],[-121.034895086283,39.3807476471862],[-121.034740896718,39.3807248052054],[-121.034592418944,39.3807362257475],[-121.034580996765,39.3807362263183],[-121.034495337579,39.3807533583434],[-121.034426808292,39.3807647797982],[-121.034301172852,39.380827597149],[-121.03412985147,39.3808904149402],[-121.033941398601,39.3809246791988],[-121.033798630614,39.380936101474],[-121.033621598312,39.3809817857352],[-121.033473119699,39.3810160509901],[-121.033387459351,39.381096000817],[-121.033341773491,39.3812045041574],[-121.033301798971,39.3813815359681],[-121.033227560005,39.3815528572994],[-121.033187585349,39.3816499386422],[-121.033067659566,39.3816956251367],[-121.033027684528,39.3818269712804],[-121.032976288917,39.381929763881],[-121.032902049623,39.3820097138327],[-121.032782124748,39.3821010851992],[-121.032639356711,39.3821924559138],[-121.032502300263,39.3822552735258],[-121.032325268046,39.3823066700695],[-121.032193921724,39.3823352243807],[-121.032085418588,39.3823466453632],[-121.031988337606,39.3823238021593],[-121.031845569081,39.3823751985784],[-121.031634273099,39.382449438267],[-121.031497215862,39.3824837021423],[-121.031365869707,39.3825408088501],[-121.031211681283,39.3825864947246],[-121.031051780618,39.3826264703867],[-121.03094898772,39.3826550231172],[-121.030863327754,39.3826721558721],[-121.030806219544,39.3827064198426],[-121.030743403165,39.3827406841778],[-121.03068629551,39.3828206341067],[-121.030646320875,39.3829576905857],[-121.030646320745,39.3831004593598],[-121.030692005745,39.3833003332748],[-121.030709137633,39.3833859944468],[-121.030743402301,39.3834716536843],[-121.030794798928,39.3835401829982],[-121.030869037445,39.3836144219329],[-121.030926144511,39.3836772400706],[-121.030966120642,39.3837629001136],[-121.03096611976,39.3838542717676],[-121.030966119469,39.3839399320656],[-121.030886170164,39.3841055428237],[-121.030766244569,39.384271152644],[-121.030686295359,39.3844310527919],[-121.030549239286,39.3845623990056],[-121.030435025165,39.3846366385908],[-121.030343652802,39.3846880353887],[-121.03023514966,39.3847965383693],[-121.030155199636,39.3848879097701],[-121.030058118164,39.3849393058643],[-121.030012431626,39.3849393064133],[-121.029972457389,39.3849507272878],[-121.029886797043,39.3849678597802],[-121.029795425004,39.3850192559493],[-121.02973260836,39.3851163381296],[-121.029664079132,39.385276238395],[-121.029646946906,39.385407584139],[-121.029589839635,39.3854875337906],[-121.029492757414,39.3855960368976],[-121.029367122232,39.3856588550286],[-121.029264329571,39.3857330941009],[-121.029167247623,39.385807333169],[-121.02907016643,39.385904414957],[-121.028995927282,39.3860528935748],[-121.028944530253,39.386110000866],[-121.028864580466,39.38621279413],[-121.02883031561,39.386298454089],[-121.028796052045,39.3863784044012],[-121.028807473594,39.3864355111882],[-121.02883602716,39.3864469315691],[-121.02890455439,39.386492617711],[-121.02893310921,39.3865268817293],[-121.02894453014,39.3865896998686],[-121.028955951549,39.3866639394074],[-121.028955951769,39.3867895748706],[-121.028950241331,39.3868638139153],[-121.02888742346,39.3869666066193],[-121.028790341538,39.3871550598924],[-121.028681837453,39.3872806960181],[-121.028590465667,39.3873606465315],[-121.028539069789,39.3874634381905],[-121.028470541936,39.3875548095891],[-121.028316351799,39.3876290494305],[-121.028196427726,39.3876404703555],[-121.02805366027,39.3876690240447],[-121.027916602884,39.3876690237695],[-121.027796677633,39.3875776523173],[-121.027671043015,39.3874977017748],[-121.027608224884,39.3874006203091],[-121.027551117679,39.3873663556157],[-121.027442613869,39.3873092488048],[-121.027288424994,39.3872635632505],[-121.027094260575,39.3872121666567],[-121.026860122306,39.387166480867],[-121.026654537007,39.3871150849441],[-121.02650605898,39.3870522671813],[-121.026340448335,39.3869951597508],[-121.026186259292,39.3869323433567],[-121.026077755773,39.3868752347368],[-121.026003516266,39.3866810710381],[-121.02595783151,39.3865497248392],[-121.025969252368,39.3863841148095],[-121.025952119729,39.3861785289659],[-121.025963540516,39.3860357617487],[-121.025952119857,39.3858473075827],[-121.025969252614,39.3857273831644],[-121.026009227421,39.3854875339272],[-121.026049201504,39.3852419727036],[-121.026117729863,39.3850934948606],[-121.026157705439,39.3849678601855],[-121.026203391039,39.384807959813],[-121.02624336617,39.3846880353862],[-121.026266208522,39.3845623991902],[-121.026329027375,39.38444818476],[-121.02638613355,39.3843625253325],[-121.026506059018,39.3842540205476],[-121.026637404524,39.3842026251849],[-121.026705932556,39.3841512282241],[-121.026820147385,39.3840769888483],[-121.026871544256,39.3839856182922],[-121.026940072365,39.3838542721018],[-121.027037153873,39.3837343472915],[-121.027134235642,39.3836429763147],[-121.02723131805,39.383545893907],[-121.027402639393,39.3834602331885],[-121.027539696008,39.3833631507946],[-121.027705307004,39.3832660687523],[-121.027865207145,39.3831689872161],[-121.028007974225,39.3831061686179],[-121.02809934561,39.3830376410405],[-121.028156452609,39.3829634023891],[-121.028167874597,39.382906295237],[-121.028162163175,39.382809212426],[-121.028167874548,39.3827064202337],[-121.028173584929,39.3825807844099],[-121.028236403381,39.3824722812329],[-121.028304931154,39.3824094632917],[-121.02832206323,39.382340934867]]]},"properties":{"OBJECTID":8627,"State":"California","State_Abbrv":"CA","County":"Nevada","Ftr_Type":"Diggings","Ftr_Name":"Badger Hill Diggings","Topo_Name":"Camptonville","Topo_Date":"1995","Topo_Scale":"24000","Shape__Area":5.683620929630706e-05,"Shape__Length":0.04111095268165662}},{"type":"Feature","id":8628,"geometry":{"type":"Polygon","coordinates":[[[-120.761385375766,39.331460900808],[-120.762015932967,39.3314014139468],[-120.762468031369,39.3315084899239],[-120.762860641601,39.3315798738258],[-120.763110484514,39.331829717031],[-120.763396021015,39.3321152534513],[-120.763622068377,39.3324483768681],[-120.763622068514,39.3327339132919],[-120.763836221188,39.3328766795774],[-120.764074166562,39.3329480641197],[-120.764502469857,39.3329837562637],[-120.764799903525,39.3329837559821],[-120.765097335026,39.3329123724016],[-120.765204411457,39.3326387337953],[-120.76522820533,39.3322461227491],[-120.7652044112,39.3318773073841],[-120.765382871279,39.3315679771243],[-120.765525637481,39.3312824408192],[-120.765894455188,39.3311158790613],[-120.766322758048,39.3311515713158],[-120.766715369674,39.3311753662945],[-120.767024698797,39.3311277758578],[-120.76735782314,39.3313657229948],[-120.767631461585,39.3316393610714],[-120.767560643338,39.3318596821847],[-120.767524385309,39.3319724849905],[-120.767226952662,39.3322223293694],[-120.7670603908,39.3324721718306],[-120.766941418,39.3326863232892],[-120.767155568835,39.3329480644134],[-120.767536283471,39.333293086339],[-120.767631461105,39.3336500051649],[-120.767560076807,39.3340783075919],[-120.767226953265,39.3345185079749],[-120.767097928509,39.3345830209712],[-120.766870034187,39.3346969681227],[-120.76646552545,39.3347564545891],[-120.76589445516,39.3347445573047],[-120.765525638281,39.3349111189926],[-120.76515682244,39.3351133738146],[-120.764788004741,39.3353870123759],[-120.764682182405,39.3354593818183],[-120.764305276724,39.3357049417192],[-120.764059716035,39.335744916787],[-120.763677098921,39.335756339449],[-120.763620850792,39.3357615881128],[-120.763396020543,39.3358034173965],[-120.762979614537,39.3358866977392],[-120.762598900453,39.3362198231462],[-120.762337159789,39.3365648450286],[-120.761944549073,39.3368622778333],[-120.761587629386,39.3372191967451],[-120.76140315289,39.3373986881974],[-120.76127289163,39.3375580658229],[-120.761145155983,39.3376497743095],[-120.760826203399,39.3379687270341],[-120.760676824072,39.3381011311757],[-120.760678978322,39.3381291370783],[-120.760541920411,39.3382947477519],[-120.76033473451,39.3384043459086],[-120.76030272119,39.3384327220494],[-120.759969596693,39.3387539491525],[-120.759743547675,39.3390513825283],[-120.759838725984,39.339277430109],[-120.760064774922,39.3394083014701],[-120.760362208417,39.3394796845989],[-120.760719127303,39.3395748631411],[-120.760790511299,39.3398247056167],[-120.760445489425,39.340122138654],[-120.760005289246,39.3404552642009],[-120.759828083222,39.3406132937496],[-120.759588233314,39.3407903261602],[-120.759563127813,39.3407969332422],[-120.759481806861,39.3408597723491],[-120.758851250042,39.3408597716142],[-120.758589508946,39.3407170043253],[-120.758470536277,39.3408121825528],[-120.758422946679,39.3412166914276],[-120.758232589917,39.341811555689],[-120.757863774211,39.3422993456647],[-120.757566340931,39.3426681616448],[-120.75743529688,39.3430260684183],[-120.75732108316,39.34321452079],[-120.757206869147,39.3434029739287],[-120.757046969151,39.3435171891105],[-120.756960164845,39.3435274329643],[-120.756935783667,39.3435485635204],[-120.756781119004,39.3435485631352],[-120.756355973381,39.3435514531763],[-120.756278674812,39.343519245132],[-120.756186253457,39.3435128709661],[-120.755960205457,39.3433938976581],[-120.755805539409,39.3432154379178],[-120.755650875264,39.3430726707359],[-120.75543672343,39.3430726708011],[-120.755248927343,39.3431836407761],[-120.755248095973,39.3431916780859],[-120.755208121018,39.3432944705975],[-120.755008421343,39.343489076035],[-120.755234468596,39.3437984065307],[-120.755508107337,39.3440839419362],[-120.755365339776,39.3442742991995],[-120.75517417137,39.3443592619109],[-120.755173857309,39.3443595177669],[-120.7551734772,39.3443595709571],[-120.755044112554,39.3444170661645],[-120.754687192976,39.3444646553245],[-120.754246993435,39.34446465498],[-120.753878176984,39.3444527584219],[-120.753774734376,39.3443766494808],[-120.753752979583,39.3443473286985],[-120.753652127944,39.3442624012558],[-120.753366591833,39.3441196337024],[-120.753115931255,39.3440907107564],[-120.752724137852,39.3441672226308],[-120.752261396784,39.3442852787817],[-120.75205010067,39.3443366749146],[-120.752022298686,39.3442974982716],[-120.75185563471,39.3443218877895],[-120.75167717496,39.3442505036949],[-120.751712866605,39.3440125583729],[-120.751962710128,39.3439173790556],[-120.752391012345,39.3438103036743],[-120.75293829007,39.3435485627845],[-120.753176235532,39.3432392329441],[-120.753211927726,39.3428585188248],[-120.75298441301,39.3426093370782],[-120.752849599513,39.3425635006495],[-120.752609749736,39.3423950349039],[-120.752438428419,39.3422579779204],[-120.752387033388,39.3422008712833],[-120.752409875399,39.3421209209221],[-120.752495536272,39.342063813601],[-120.752555489567,39.3420260662024],[-120.752462397325,39.3418234541071],[-120.752426705355,39.3414189448032],[-120.752426704453,39.3411096149824],[-120.752533780468,39.3408359767697],[-120.75266465039,39.3404909558038],[-120.752771727459,39.3401102416462],[-120.75287880308,39.3398485008959],[-120.752783625381,39.3396224521058],[-120.752855007377,39.3393726087309],[-120.753092954494,39.338991894679],[-120.753283311018,39.3385754889788],[-120.753556948494,39.3381471860838],[-120.753780675696,39.3377412199989],[-120.753759204342,39.3373976559406],[-120.753664024783,39.3371121211952],[-120.753449873989,39.3368027906811],[-120.753271413533,39.3364577693802],[-120.753259516868,39.3361008497376],[-120.75343797592,39.3355773688124],[-120.753711614156,39.3352561413929],[-120.754080430898,39.3351133744486],[-120.754699090677,39.3349706058548],[-120.7552701609,39.3348992224388],[-120.755553203294,39.334710528338],[-120.75555187103,39.3346989801265],[-120.755512175721,39.3345964362759],[-120.755355277233,39.3342686703416],[-120.754512052699,39.3338691794806],[-120.754151815139,39.3337213892995],[-120.753997438293,39.3334801743316],[-120.753961457966,39.3334239562788],[-120.754168674495,39.3333376160412],[-120.754246993474,39.3333049830919],[-120.754663398409,39.3334001618753],[-120.755067907412,39.3336737997163],[-120.755436723615,39.3338284651217],[-120.755638977798,39.3337332857417],[-120.755948307883,39.3336975940322],[-120.756245740098,39.3334834426095],[-120.756566802497,39.3333764232548],[-120.756869937395,39.3332387479227],[-120.757046968949,39.3332387478895],[-120.757285734312,39.3334961645843],[-120.757423574322,39.333614313127],[-120.757423574211,39.3341021029636],[-120.757542547314,39.3342448697083],[-120.757958951522,39.3342805618736],[-120.758399152679,39.3342329733368],[-120.758541919538,39.3338998487558],[-120.758867001251,39.3334850900988],[-120.758886941524,39.3334596478849],[-120.75921050652,39.3332723218968],[-120.759339039465,39.3331979079988],[-120.759945801735,39.3330075510235],[-120.760278927052,39.3328052964479],[-120.760433592105,39.3325673502217],[-120.760695331885,39.3320795610563],[-120.76094517586,39.3317107441368],[-120.761385375766,39.331460900808]]]},"properties":{"OBJECTID":8628,"State":"California","State_Abbrv":"CA","County":"Nevada","Ftr_Type":"Diggings","Ftr_Name":"Omega Diggings","Topo_Name":"Washington","Topo_Date":"1979, 2000","Topo_Scale":"24000","Shape__Area":9.339343705505598e-05,"Shape__Length":0.06070298015439691}},{"type":"Feature","id":8629,"geometry":{"type":"Polygon","coordinates":[[[-120.904940025921,39.3728673871788],[-120.904975717736,39.3725461603039],[-120.905308842962,39.3720821654141],[-120.905701454102,39.3716776570531],[-120.906129757199,39.3713088411875],[-120.906444558056,39.3711365910494],[-120.906760313833,39.370963818596],[-120.906867497591,39.370941572654],[-120.906933929512,39.3707269477356],[-120.906945351116,39.3705099411607],[-120.906939640173,39.3702758026521],[-120.906939639655,39.3701330355328],[-120.906991035574,39.3699674243407],[-120.906979615238,39.3697961026919],[-120.906922508428,39.3696419141841],[-120.906716922259,39.3694991455675],[-120.9065627327,39.3694477501141],[-120.906345727437,39.3693906428477],[-120.906162984364,39.3693906430299],[-120.905871737743,39.3693735107135],[-120.905614755837,39.3693335360906],[-120.905529096019,39.3692764288114],[-120.905477699456,39.3691964792555],[-120.905489120707,39.3690251583912],[-120.905489332935,39.3690231057281],[-120.905487302214,39.3690007633507],[-120.905498020363,39.3689391378381],[-120.905523385326,39.3686939366495],[-120.905549878948,39.3686409496584],[-120.905582480773,39.3684534873326],[-120.90580123763,39.3683441091386],[-120.905826052387,39.3683227408893],[-120.905904633558,39.3682924108747],[-120.905939399693,39.3682750279416],[-120.905960718591,39.3682707643173],[-120.906151563622,39.368197105102],[-120.906471361574,39.368111445267],[-120.906876822329,39.3679572561923],[-120.907310835695,39.3679115705095],[-120.907579238391,39.3679172806976],[-120.907813378565,39.3678201990531],[-120.908224548844,39.3676660103182],[-120.908289009277,39.3676507427552],[-120.90824747711,39.3676325728352],[-120.908354552517,39.367454114258],[-120.908366449979,39.3674541136033],[-120.908770958009,39.3672637571685],[-120.909058081609,39.3672178180594],[-120.909092575583,39.3671177822961],[-120.909024048268,39.3669521706275],[-120.908904122553,39.3668493787484],[-120.908721380279,39.3668094044048],[-120.908413002365,39.3667522965021],[-120.908041805638,39.3667522972221],[-120.90785906339,39.3667751388863],[-120.90748786851,39.3668893541789],[-120.907352469451,39.3669004061146],[-120.907343282107,39.3669068379096],[-120.907093437565,39.3670258114819],[-120.906914978813,39.3669782218948],[-120.906700827551,39.3668949400765],[-120.906694801078,39.3668905214263],[-120.906397123164,39.3667808502835],[-120.906083034677,39.3666095292547],[-120.905957399532,39.3665638429583],[-120.905643309444,39.3664153647676],[-120.905460567508,39.3662954400891],[-120.905340642317,39.3661812257474],[-120.905220717,39.3660441691477],[-120.905066528173,39.3658614255112],[-120.90504105038,39.3657651788806],[-120.904856744657,39.3655624421557],[-120.904797259294,39.3651103449419],[-120.904975717939,39.3647891174161],[-120.90522184453,39.3645429909873],[-120.905260691806,39.3644109073989],[-120.905386328395,39.3642452973327],[-120.905494831649,39.3640168681801],[-120.905671863328,39.3639254964795],[-120.905711905951,39.3639101612308],[-120.905844221492,39.3637778462371],[-120.906141653925,39.3637183597866],[-120.906546161603,39.3637659490564],[-120.907038826623,39.3638743361876],[-120.907487868318,39.3638798104769],[-120.907996120504,39.36391407614],[-120.90804352081,39.3639235561393],[-120.908069017189,39.3639206137796],[-120.908425937206,39.3638611279802],[-120.908901828714,39.3640038954821],[-120.909342029245,39.3642775329415],[-120.909579975065,39.3646106581111],[-120.909782229482,39.3648248088779],[-120.909884181566,39.3649862320654],[-120.909989156524,39.36505621696],[-120.910337510334,39.365221827394],[-120.91043994601,39.3652812395477],[-120.910900575973,39.3654672644134],[-120.911376467793,39.3658241835042],[-120.911519235692,39.3659669508555],[-120.911947539051,39.3660502317406],[-120.912351584917,39.3662017491076],[-120.912461893418,39.3661812257264],[-120.9128787752,39.366049880302],[-120.913267103159,39.3659585079637],[-120.913781066393,39.3658500045486],[-120.913789613777,39.3658504026128],[-120.913981977724,39.3658003879642],[-120.914386486234,39.3657409015807],[-120.914945659655,39.3658717716676],[-120.914968225683,39.3658730262544],[-120.915311535598,39.3658557164953],[-120.915899738301,39.3658328728154],[-120.916459388055,39.3657357908221],[-120.916794378918,39.3656701742722],[-120.917277532216,39.3654791606249],[-120.917765321295,39.3653482909126],[-120.918209029588,39.3653015840547],[-120.918389606334,39.3652675132486],[-120.918413331546,39.3652686429102],[-120.918871770008,39.3651936260999],[-120.919288176068,39.3652174196322],[-120.91941904562,39.3654315725405],[-120.919276278988,39.3655624419777],[-120.919061302159,39.3656776093346],[-120.919063470593,39.3657643442844],[-120.918966387868,39.3658728478753],[-120.918663719871,39.365929954583],[-120.918372473828,39.3659014006289],[-120.91790334499,39.3658717718412],[-120.917802147295,39.3658717715373],[-120.917603391989,39.3659048975421],[-120.917206147935,39.3660502315922],[-120.916861126249,39.3662286907641],[-120.916468514747,39.3665856098339],[-120.916099697449,39.366811659027],[-120.915810069043,39.3670516375674],[-120.915499989042,39.367329077924],[-120.915225874569,39.3674889779281],[-120.914797572035,39.3677002739291],[-120.914591986768,39.367785934612],[-120.914169393886,39.3679515445814],[-120.913769645277,39.3681171562808],[-120.913444135091,39.3682313700099],[-120.913095781681,39.3683455843284],[-120.912644636099,39.3684141120548],[-120.912410496564,39.3684026909232],[-120.912222042586,39.3683627164361],[-120.91213638296,39.3683341620687],[-120.911867979838,39.3682998983159],[-120.911633840434,39.3682313700326],[-120.911468230406,39.3682256588983],[-120.911262644705,39.3682313702671],[-120.911068481228,39.3682485018468],[-120.910851474357,39.3682656343798],[-120.91054880601,39.3682827662278],[-120.910280402814,39.3683455844318],[-120.910137635832,39.3684883508803],[-120.910083884668,39.3686488405152],[-120.91013914879,39.3688698932616],[-120.91012725061,39.3691673263271],[-120.91027001844,39.3694647580073],[-120.910496067504,39.3698811636582],[-120.910757807946,39.3700953149649],[-120.911043344213,39.3700358291262],[-120.911495441047,39.3699287529904],[-120.911622161524,39.3699138450807],[-120.911759475786,39.3697961028054],[-120.911896533002,39.3697961027256],[-120.912399074663,39.369636202912],[-120.912793114167,39.3694820137577],[-120.913221417126,39.3693449571519],[-120.913769644953,39.3692364543952],[-120.913998072855,39.3691907680156],[-120.914369269452,39.3691450830672],[-120.91481470349,39.3691507929348],[-120.915248718048,39.3691622148221],[-120.915551385464,39.3691850580439],[-120.915934002668,39.369133660835],[-120.916162431549,39.3690993969786],[-120.916163762444,39.3690987646291],[-120.916409028413,39.3689174819904],[-120.916718358095,39.3687390226224],[-120.916777739863,39.368731896735],[-120.917036168475,39.3685340371372],[-120.9173321199,39.3683644068821],[-120.917348914979,39.3683464118911],[-120.917646348479,39.3681798487415],[-120.9179437816,39.3680727740765],[-120.918288803469,39.3681084650602],[-120.918419672801,39.3681798488446],[-120.918462591036,39.3682388624136],[-120.918600902494,39.3682941869626],[-120.918846462874,39.3683741368502],[-120.919092266395,39.3685367287863],[-120.919311970327,39.368679535794],[-120.919597505694,39.3687628169042],[-120.920093048452,39.3688437215696],[-120.920180473963,39.3688579960375],[-120.921096566643,39.3687985092424],[-120.921724797652,39.3688213537436],[-120.922061590895,39.3687681758991],[-120.922369968447,39.368682514922],[-120.922793992277,39.3684402170534],[-120.922845469721,39.3684058983019],[-120.923002767399,39.3682598380035],[-120.923112361228,39.3680771804962],[-120.923158045684,39.3679572556576],[-120.923213598369,39.3678436268017],[-120.923190491811,39.3677396489621],[-120.923131005897,39.367454114432],[-120.923238081709,39.3671923732872],[-120.923302047207,39.3671204113865],[-120.923352209486,39.3669236181156],[-120.923420739081,39.3667009000165],[-120.92359205992,39.3666095290939],[-120.924117445185,39.3664724721695],[-120.924374427108,39.3664667614083],[-120.924538764944,39.3664682415879],[-120.924844218203,39.3664071507355],[-120.925201136422,39.36640715096],[-120.92533895542,39.3665105140871],[-120.92571073152,39.3666152401279],[-120.925710731649,39.3667694291528],[-120.925567963843,39.3669064857716],[-120.925430906906,39.3670663855956],[-120.925303274719,39.367163075846],[-120.925272521468,39.3672399620822],[-120.92526062317,39.3675254978224],[-120.925486671685,39.3677634437311],[-120.925867386475,39.3678824171835],[-120.926159921276,39.3679604261137],[-120.926190430864,39.3679458341714],[-120.926227134105,39.3679783023403],[-120.926557430065,39.368060875783],[-120.926854862228,39.3681441567973],[-120.927199883363,39.3683345138381],[-120.927382655979,39.3685172858586],[-120.927429655497,39.3685511690433],[-120.927534583677,39.3686692141772],[-120.927556802829,39.3686914329072],[-120.927782852152,39.3689531740168],[-120.927735262652,39.3692625043394],[-120.927720900657,39.36926250452],[-120.927720900627,39.3693620898847],[-120.927686636246,39.3696076499957],[-120.927566711728,39.3699103171641],[-120.927435364432,39.370155878003],[-120.927298308301,39.3703957268518],[-120.927109854677,39.3707212377932],[-120.926744369748,39.3712523334088],[-120.92665870897,39.3714236551088],[-120.926327487575,39.3716577927644],[-120.926184720738,39.37189193242],[-120.926056685731,39.3720391717785],[-120.926069640261,39.372177343753],[-120.925755033493,39.3724513572893],[-120.925727863995,39.3725029781194],[-120.925402353769,39.3726000602993],[-120.925122528632,39.3726171922616],[-120.92488839027,39.3726171916426],[-120.924608566573,39.3725772169615],[-120.924197395277,39.3724801348358],[-120.923677721264,39.3723487887168],[-120.923272260412,39.3722117323498],[-120.922906774633,39.3721089392706],[-120.922489894372,39.3720404113741],[-120.922278597473,39.3719833042424],[-120.92208443348,39.3719718821028],[-120.921816029428,39.3720232789135],[-120.921677644388,39.3720232787256],[-120.92134641028,39.3720821653621],[-120.921167950303,39.3720702675883],[-120.920834825911,39.3719750896683],[-120.920810457461,39.3719350548533],[-120.920599650311,39.3719090649738],[-120.920434038577,39.3718405364571],[-120.920125661208,39.3717948495714],[-120.919805862057,39.3717605859022],[-120.919588854663,39.3717662974864],[-120.919406112082,39.3717948498776],[-120.919074890411,39.3718576680051],[-120.91876651325,39.3719833043494],[-120.918452423976,39.372086095591],[-120.918309657289,39.3722174433833],[-120.918206863893,39.3722973926116],[-120.918018409504,39.3724173167568],[-120.917744297387,39.3725772164645],[-120.917584397521,39.372668588931],[-120.917315993409,39.3727999348923],[-120.917064723097,39.3728855949033],[-120.916847715972,39.3729598346804],[-120.916602154322,39.3729883877475],[-120.916282355488,39.3729712561892],[-120.916036795398,39.372959834847],[-120.915728416762,39.372976966648],[-120.915551385357,39.3730226520073],[-120.915271561115,39.3733710048046],[-120.915231791204,39.3734505437408],[-120.915207401325,39.3736050195438],[-120.915171708671,39.3737953770306],[-120.915088916835,39.3739057667613],[-120.91508310656,39.3739420760462],[-120.915094529449,39.3740905540491],[-120.915163056755,39.3742732968292],[-120.915311536055,39.3746045175595],[-120.915391486128,39.3748954710665],[-120.915374261548,39.3750653231781],[-120.915371353572,39.3753986842277],[-120.9153665954,39.3756413888015],[-120.915371353695,39.3759031297744],[-120.915414183923,39.376374263024],[-120.915490326587,39.3767264239375],[-120.915595023388,39.3770072003289],[-120.915728272499,39.3773926727786],[-120.915904353446,39.3778685651588],[-120.916042361663,39.3781731360041],[-120.916085192494,39.3783539746942],[-120.916099469577,39.3787775190266],[-120.916051878972,39.3790440187651],[-120.915932906286,39.3793200356978],[-120.915775862606,39.3795532231442],[-120.915609300191,39.3797816521903],[-120.915433219417,39.3799053839071],[-120.915142924606,39.3800243569396],[-120.914833595027,39.3801004986115],[-120.914509988528,39.3801814011025],[-120.914134034439,39.380243266688],[-120.913910364195,39.3802385079067],[-120.913715249178,39.3802147133602],[-120.913558203839,39.3801195350447],[-120.913401159989,39.3799815261723],[-120.913305980758,39.3798054460786],[-120.91329170475,39.3794961158869],[-120.913253632683,39.3790725722588],[-120.913139418441,39.378691858082],[-120.913001410283,39.3783587341133],[-120.912763464169,39.378058921863],[-120.912454133866,39.3778638056478],[-120.912168599068,39.3777638685364],[-120.911811679899,39.3777448331178],[-120.911564215513,39.3777543507208],[-120.91127868156,39.3777257973019],[-120.910988385456,39.3777353147519],[-120.910778994449,39.3777020033154],[-120.910617190474,39.3776258602668],[-120.910326895539,39.3774402619197],[-120.90994142406,39.3772261099003],[-120.909708236447,39.3771499677844],[-120.909384630197,39.3770595482181],[-120.90902770963,39.3768977450406],[-120.908756452044,39.3767121467064],[-120.908556577354,39.3764646831585],[-120.908342426099,39.3761030047784],[-120.908185380435,39.3758317457465],[-120.908142550506,39.375603317778],[-120.90822821198,39.3752368806673],[-120.908252005538,39.3749894169705],[-120.908256765783,39.374895642388],[-120.90774779041,39.3748956541948],[-120.907057745901,39.3748956706906],[-120.907031012158,39.3748956721398],[-120.906391496883,39.374895687441],[-120.906094065351,39.3746400863411],[-120.90566576253,39.3742474752158],[-120.905615353148,39.3741918948801],[-120.90546627768,39.3741876357621],[-120.905277824145,39.3740962647013],[-120.905123635293,39.3738621261988],[-120.905015131412,39.373582301973],[-120.904957339515,39.3734449062491],[-120.904951923494,39.3734384577905],[-120.904928129481,39.3732599987624],[-120.904940025921,39.3728673871788]]]},"properties":{"OBJECTID":8629,"State":"California","State_Abbrv":"CA","County":"Nevada","Ftr_Type":"Diggings","Ftr_Name":"Malakoff Diggings","Topo_Name":"North Bloomfield","Topo_Date":"1979, 2000","Topo_Scale":"24000","Shape__Area":0.00016288886899928912,"Shape__Length":0.10305786493622679}},{"type":"Feature","id":8630,"geometry":{"type":"Polygon","coordinates":[[[-120.891952899744,39.2271394747786],[-120.891598836045,39.227102355265],[-120.891150545566,39.2271052110763],[-120.890830746558,39.2271052112077],[-120.89039530371,39.2270795128094],[-120.890106914126,39.2270423929714],[-120.889710019976,39.2269767197952],[-120.889481591087,39.2268567951303],[-120.88937594306,39.2266940395669],[-120.889233175909,39.2264941649165],[-120.889087552825,39.2262086304336],[-120.888947639776,39.2260458753255],[-120.888793450483,39.2258517108753],[-120.888742054399,39.2257432068465],[-120.888750621122,39.2255319105352],[-120.888830570539,39.2253291813014],[-120.888924797496,39.2251492941901],[-120.889033300452,39.2248323501052],[-120.889030445716,39.2247067143098],[-120.888984759452,39.224558236093],[-120.888841991969,39.2242812660394],[-120.888599286673,39.2240499831042],[-120.888452237021,39.2237358939787],[-120.888318034537,39.2234589251794],[-120.888018222554,39.2231334136544],[-120.887778372417,39.222919262747],[-120.887492837738,39.2227593629455],[-120.887307240419,39.2225337898553],[-120.887252987678,39.2223796007445],[-120.887198736167,39.2219284547885],[-120.887058824153,39.2216486306277],[-120.886804698004,39.22138308258],[-120.886516307264,39.2210889819485],[-120.886150821901,39.2209633457184],[-120.885495518556,39.2207491942101],[-120.884967278494,39.2205207662101],[-120.884430471461,39.2202866271775],[-120.883475355883,39.2198611797127],[-120.883055619345,39.2196955691695],[-120.882610184147,39.2194899838991],[-120.882324649379,39.2193300839476],[-120.882144760881,39.2192272911506],[-120.881996282874,39.2191102220954],[-120.881964874024,39.218970308638],[-120.881962018954,39.2187647237946],[-120.88199057214,39.2186191008137],[-120.882104785829,39.2185334397882],[-120.882236132875,39.2184477797194],[-120.882393176424,39.2182450498473],[-120.882458849927,39.2180308979371],[-120.882281817958,39.2176654131701],[-120.882296094366,39.217322770754],[-120.882276108514,39.2168145179577],[-120.882084799178,39.2159379243202],[-120.881893490105,39.2154810676298],[-120.881656496223,39.2149414063971],[-120.88151801058,39.2147072671316],[-120.881312425492,39.2145302348509],[-120.880969783098,39.2143217937913],[-120.88075563203,39.214170461434],[-120.880692814582,39.2139363220923],[-120.880755631878,39.2136222332552],[-120.880798461658,39.2131425338942],[-120.880801317625,39.2128084568851],[-120.880767053264,39.2123658771682],[-120.880767053488,39.2117748191985],[-120.880632852262,39.2115092721088],[-120.880461530918,39.211332239736],[-120.880275932565,39.2110295723857],[-120.880150296435,39.2105955580024],[-120.880004674109,39.2102414945598],[-120.879947566965,39.209796060157],[-120.879859050523,39.2092335546672],[-120.879924723982,39.2087395785467],[-120.879998962692,39.2081656533655],[-120.880144585983,39.2077659028122],[-120.880353027377,39.2074775131116],[-120.880581455294,39.2070577761717],[-120.880892688548,39.2065980642227],[-120.881172513442,39.2060612579664],[-120.881378098821,39.2056272442277],[-120.881475180552,39.2053731172982],[-120.881543709055,39.2051418340948],[-120.881569408393,39.2047563613661],[-120.881589395018,39.2042709509855],[-120.881612238135,39.2038340822349],[-120.881612237569,39.2034143448378],[-120.881646502152,39.2030003191138],[-120.881729307558,39.2026605320454],[-120.881820678854,39.2023293112303],[-120.881883496413,39.2021836878689],[-120.881994854925,39.202092317441],[-120.88218901855,39.2020409203412],[-120.882471699297,39.2019838127277],[-120.882740101672,39.201943837891],[-120.882934265746,39.2019552596432],[-120.883108442897,39.2020780399532],[-120.88323122254,39.202200819978],[-120.883331160882,39.2023807071608],[-120.883368279589,39.20256916065],[-120.883331161048,39.2027975885867],[-120.883334015564,39.2030631367502],[-120.883451084956,39.2033686601328],[-120.883546739711,39.2036913140352],[-120.883646676965,39.2040225351127],[-120.883743758619,39.2042423983988],[-120.883889382532,39.204425139798],[-120.88401216177,39.2045679077907],[-120.884083546209,39.2046963988989],[-120.884086400356,39.2048163238376],[-120.883915080211,39.205024764306],[-120.883686652635,39.2053245763119],[-120.883515331319,39.205467344038],[-120.883295468792,39.2056272443045],[-120.883209808504,39.2057129042865],[-120.88316983239,39.205875659875],[-120.883209808219,39.2060298486241],[-120.883401116919,39.2062696983802],[-120.883509619662,39.206369636131],[-120.883615267494,39.2065295356818],[-120.883600991573,39.2067265551862],[-120.883452512878,39.2070006688416],[-120.883264059828,39.2072719270182],[-120.883038487043,39.2075260540783],[-120.882944259823,39.207680242635],[-120.882955681565,39.2078572750131],[-120.883107015412,39.208079992065],[-120.883355430738,39.2083969366747],[-120.883441092017,39.2085140061832],[-120.88356101612,39.2085711130578],[-120.883683796489,39.2085739681762],[-120.883935068216,39.2085197165756],[-120.884143508535,39.2085225718258],[-120.884426189311,39.2086367858609],[-120.884657472262,39.2087338675726],[-120.884857347049,39.2088338063156],[-120.885057221803,39.2088509383524],[-120.88519713434,39.2088052516877],[-120.885282793867,39.2086824716676],[-120.885394153176,39.2085425599874],[-120.88552264383,39.2083341192355],[-120.885645424362,39.2082170484662],[-120.885798186265,39.2081970617017],[-120.885972361956,39.2082798672617],[-120.88602661392,39.2084654652721],[-120.886078009429,39.2087824089444],[-120.8860637337,39.2090194044329],[-120.886143683194,39.2091850142703],[-120.886457771618,39.2092792414068],[-120.886671923866,39.2091593160495],[-120.886888930497,39.2089908497501],[-120.88711450351,39.2087709878879],[-120.887385761925,39.2085140057119],[-120.887525673522,39.2083598173471],[-120.887585637023,39.208234181231],[-120.887582780973,39.2080514388737],[-120.887614190217,39.2078515640786],[-120.887792649512,39.2074775131435],[-120.888006800696,39.2071434360043],[-120.888189544487,39.2067979391072],[-120.888460802869,39.2064010454384],[-120.888537896694,39.2061412074494],[-120.888552174398,39.2058613825477],[-120.88864640136,39.2057100486706],[-120.888789167743,39.2055530053885],[-120.889031872457,39.2054159478367],[-120.889311697782,39.2054273689184],[-120.889531559888,39.2054473567728],[-120.889842793455,39.2055273070742],[-120.890221128051,39.2056158223167],[-120.890446700943,39.2056557973899],[-120.890600889721,39.2056557966973],[-120.890766499477,39.2056015461967],[-120.89092925527,39.205538727983],[-120.891226212101,39.2054302253913],[-120.89151174644,39.2053445638699],[-120.891677357597,39.2053131548219],[-120.891862955644,39.2053331434061],[-120.891957183196,39.2054102369435],[-120.891991447036,39.2054701987809],[-120.891974314612,39.2055644258975],[-120.891920062553,39.2056586528979],[-120.891902931479,39.2057585902857],[-120.891985735389,39.2058556718076],[-120.892148491409,39.2059384773206],[-120.892456868975,39.2059556100102],[-120.892738122378,39.2059870180334],[-120.8930436442,39.2060612578433],[-120.893155003476,39.2061440627511],[-120.893237808878,39.2062297232931],[-120.893323469156,39.2063867677427],[-120.893394852709,39.2066637369475],[-120.893411985423,39.2068978755893],[-120.893309191926,39.2073690087478],[-120.893269217445,39.2075603183168],[-120.893223531878,39.207763048423],[-120.893146436777,39.2079372253749],[-120.89306648707,39.2081542312221],[-120.893080763945,39.2083626718656],[-120.893129305133,39.2084711757245],[-120.893197833892,39.2085368488517],[-120.893286349467,39.2085682581881],[-120.89347194696,39.2085682582373],[-120.893651835356,39.2085025849337],[-120.893743206088,39.2084312005336],[-120.893766048544,39.2083284076854],[-120.893760338601,39.2082284710884],[-120.893723218806,39.2080971243965],[-120.893723219166,39.2079315137595],[-120.893848853443,39.2077601929723],[-120.894054440136,39.2075317643816],[-120.894274301838,39.2072976256328],[-120.894351395933,39.2070806187753],[-120.89448845273,39.2067579644262],[-120.894571258414,39.2065266801683],[-120.894736869583,39.2063039631375],[-120.89490247908,39.206172616113],[-120.89518944262,39.2060041511868],[-120.895329355287,39.2058185530419],[-120.895295090386,39.2055958349207],[-120.895186587376,39.2053759728051],[-120.89504381898,39.2050504626859],[-120.894935315593,39.2047877701374],[-120.894769705211,39.2045079446083],[-120.894695465482,39.2043994417568],[-120.894461326778,39.2042423977387],[-120.894267162487,39.2041795801966],[-120.894172937335,39.2041167615307],[-120.894078709822,39.2039597181779],[-120.893944507582,39.2036370628233],[-120.893716080181,39.203271577878],[-120.893486224168,39.2029317903051],[-120.893326324207,39.2027090725767],[-120.893220676064,39.2025263302902],[-120.893149292764,39.2022465059368],[-120.893220676196,39.2018924418756],[-120.893280639491,39.2015869190528],[-120.893309191966,39.2014184531488],[-120.893320614224,39.2012642643149],[-120.89320925478,39.2010586787321],[-120.893132159573,39.2009073446504],[-120.893120738417,39.2007474449058],[-120.893160714441,39.2005675577088],[-120.893237808853,39.2004048026056],[-120.893391997935,39.2002363371527],[-120.893497646035,39.2000707273982],[-120.893523343619,39.1999022147126],[-120.893486223506,39.1997766250818],[-120.893337746182,39.1995767503534],[-120.893286350019,39.1994825240738],[-120.893243519298,39.1993854416352],[-120.893217820657,39.199288359994],[-120.893234952946,39.1990570761204],[-120.89332917963,39.1988115158939],[-120.893514778528,39.1986858800903],[-120.893677532943,39.1985745213596],[-120.893814589851,39.1985316907422],[-120.894071572425,39.1985231250484],[-120.89422290526,39.1985488226862],[-120.894491309141,39.1985973642298],[-120.894694039082,39.1986087863605],[-120.894981001563,39.1984517413287],[-120.895223706688,39.1983289614669],[-120.895417871408,39.1981833382218],[-120.895760512845,39.197966331203],[-120.896003217657,39.1978321298689],[-120.896362992697,39.1977264817502],[-120.896731333253,39.1976408212538],[-120.897005446602,39.1975266068121],[-120.897395203373,39.1973752730164],[-120.897932009333,39.1971068697067],[-120.898400286569,39.196946970086],[-120.898825734739,39.1967842152989],[-120.899221200491,39.1967642280444],[-120.899598107464,39.1967699380316],[-120.899817970243,39.1968498881684],[-120.900037831633,39.1970611844307],[-120.900152045854,39.19723536148],[-120.900311946632,39.197578003121],[-120.900454713746,39.1978149983002],[-120.900534663762,39.1981433633652],[-120.900566072736,39.1984346089475],[-120.900528952507,39.1986287727687],[-120.900434725773,39.1989971135883],[-120.900374764241,39.1991998439169],[-120.900197731581,39.1995995934615],[-120.899989290676,39.2000421729196],[-120.899743730448,39.2004561989037],[-120.89933827123,39.2009530312413],[-120.8990013394,39.2013984655503],[-120.898650130845,39.2017896494268],[-120.898470243081,39.202032354123],[-120.898378871635,39.20225221588],[-120.898381726436,39.2024263928865],[-120.898493085754,39.2026376889677],[-120.898644419993,39.2028803937348],[-120.898704382014,39.2031031117848],[-120.898701526824,39.2032544447832],[-120.89858160197,39.2035428356378],[-120.89836174048,39.2038683458461],[-120.898276078557,39.2040567999012],[-120.898250381234,39.2042909385849],[-120.898321765332,39.2045279333688],[-120.89839885905,39.204879140708],[-120.898475954571,39.2050675950949],[-120.898493085866,39.2051903753591],[-120.898461676717,39.2054359353852],[-120.898455965596,39.2056843508367],[-120.898487374425,39.2058385399205],[-120.898590167822,39.2060898113572],[-120.89874435732,39.2061840381228],[-120.899052735301,39.2063011069018],[-120.899372534429,39.2064581518192],[-120.899586686164,39.2066180506606],[-120.899658070202,39.2066922910111],[-120.899666635842,39.2068607557127],[-120.899620950555,39.20704921044],[-120.89960096307,39.2072862043167],[-120.899546710619,39.2075089218779],[-120.899529579367,39.2077601924854],[-120.899532434992,39.2080343065714],[-120.899506735513,39.208145664659],[-120.899458194681,39.2082456030099],[-120.899378246065,39.2082969986592],[-120.899332560354,39.2082998542735],[-120.899135541334,39.2082855781018],[-120.898998484449,39.2082484580578],[-120.898821451833,39.2081799297506],[-120.898675829003,39.2081228231438],[-120.898487375225,39.2080885576632],[-120.898338896848,39.2080885583645],[-120.898139022454,39.2081542310521],[-120.897912021684,39.2083626722921],[-120.897517982603,39.2087024595138],[-120.897295264968,39.2089480200657],[-120.897049704547,39.2091564602162],[-120.896901226353,39.2093734668097],[-120.896858396301,39.2096875556427],[-120.896884095353,39.2099074177612],[-120.896889805026,39.2101215704065],[-120.896909793454,39.2103414319985],[-120.896875528151,39.2104670680581],[-120.896815566224,39.2105727156575],[-120.896629968362,39.2106812185345],[-120.896475778886,39.210721193738],[-120.896293035902,39.210692639607],[-120.896064608232,39.2106755078657],[-120.895847601227,39.2107297602802],[-120.895516379689,39.2108668167494],[-120.895375040097,39.2110295719115],[-120.895217996417,39.2112522898547],[-120.895035253026,39.2114321767239],[-120.894792547811,39.2116520394448],[-120.894438485287,39.2118119385512],[-120.894141527977,39.211917586612],[-120.893718935665,39.2120774866123],[-120.893322041316,39.2122031218722],[-120.89286090204,39.2123887203979],[-120.892546813111,39.212491513313],[-120.892212736868,39.2125514747137],[-120.891910068643,39.2126085818499],[-120.891650231932,39.2127085200217],[-120.891458922765,39.2128912623232],[-120.891261903674,39.213153954923],[-120.891010633195,39.2132795900716],[-120.890452411026,39.2134509123792],[-120.89004980681,39.2135622699839],[-120.889704308521,39.2137221700664],[-120.889261729233,39.2140648126657],[-120.889080414033,39.214213291042],[-120.888823431722,39.2143731910835],[-120.888732060949,39.2145616438687],[-120.888709218622,39.2148614560439],[-120.888669242539,39.2150327773369],[-120.888523620228,39.2152840478293],[-120.888366575538,39.215515331947],[-120.888052486631,39.2157380500907],[-120.887729831929,39.2159065153658],[-120.887240138724,39.2160664151072],[-120.887057396454,39.2161178118581],[-120.886737596482,39.2161920510054],[-120.886383533402,39.2162634351089],[-120.886137972547,39.2163005544118],[-120.885732513451,39.2163233968019],[-120.885501229696,39.2163433843112],[-120.885201417358,39.216371938322],[-120.885058648744,39.2163890701238],[-120.884850208302,39.2164319002646],[-120.884730283775,39.2164947182873],[-120.884670321588,39.2166431971191],[-120.88470458435,39.2167831088245],[-120.884858775517,39.2170400912934],[-120.885041516796,39.2171971351674],[-120.885318486256,39.2173741670418],[-120.885518360885,39.2175511989006],[-120.885652563054,39.2176368588243],[-120.885980927453,39.2176825447721],[-120.886303582684,39.2176768338844],[-120.886780427163,39.2175968853978],[-120.887400039266,39.2175226450375],[-120.887845473403,39.2174484058876],[-120.888118159817,39.2174055762336],[-120.888366575959,39.2174198526768],[-120.888640690426,39.2174484060937],[-120.888812011345,39.2175626194918],[-120.888897672332,39.2176454262751],[-120.889029018302,39.2176996768752],[-120.889166075232,39.217682544621],[-120.889228893275,39.2176054506856],[-120.889411634837,39.2174312743664],[-120.889637208581,39.2172342552558],[-120.889897045152,39.2170143921759],[-120.890082643386,39.21685734804],[-120.890373888622,39.2167117254153],[-120.89070939336,39.2166117876175],[-120.891040613791,39.2165692824856],[-120.891286175358,39.2166032222051],[-120.891577420521,39.2166774611895],[-120.89166308143,39.2167145799214],[-120.891680213528,39.2168459272197],[-120.89162596141,39.2170115367779],[-120.8915203141,39.2171514492251],[-120.891503181445,39.2172656638705],[-120.891523169372,39.2173684558236],[-120.891583130775,39.2174998029766],[-120.891681878896,39.217703245956],[-120.891700915069,39.2178364955359],[-120.891667601921,39.2180030590382],[-120.891534352229,39.2181315493366],[-120.891363031122,39.2183123880973],[-120.891258334793,39.2184028078249],[-120.891082254729,39.2185646113969],[-120.890987075618,39.2186693080458],[-120.890849067327,39.2187882807673],[-120.890763406437,39.2189215297486],[-120.89067298721,39.2191452000788],[-120.890668228919,39.2193450749144],[-120.890677746383,39.2195116367702],[-120.890825272868,39.2196924763147],[-120.890972800616,39.2198542790702],[-120.891096531506,39.2200256000499],[-120.891210745553,39.2202540287519],[-120.891305923653,39.2203920371727],[-120.89135827169,39.2206061888668],[-120.891382066394,39.2208108228572],[-120.891515316532,39.2211153938142],[-120.891629530969,39.2213343044526],[-120.891743744793,39.2215151430631],[-120.891900789373,39.2215912860319],[-120.892119699875,39.2216055622869],[-120.892500414315,39.2215484549965],[-120.892743118812,39.2214675539642],[-120.892976305848,39.2213295454509],[-120.893066725577,39.2211629831556],[-120.89314762727,39.2209060007489],[-120.893266599797,39.2206918494138],[-120.893433161501,39.220444385661],[-120.893766286501,39.2202016812235],[-120.894104169584,39.2200636716259],[-120.894332599201,39.2199875292438],[-120.894565785677,39.2199637337908],[-120.895212999214,39.2199494580818],[-120.895741239226,39.2199494579067],[-120.896288514379,39.2199637338863],[-120.896659710894,39.2200779489816],[-120.89708801397,39.2201731272824],[-120.897189617176,39.2202437973708],[-120.897266711907,39.2204465271964],[-120.897349517046,39.2207292065677],[-120.89748371854,39.2211089687424],[-120.897537970282,39.2212888559257],[-120.897566523946,39.2217628451784],[-120.897549391491,39.2219998386692],[-120.897526549151,39.2222368340117],[-120.897452309651,39.2222996512956],[-120.897340951362,39.222322494188],[-120.897043993577,39.2223282055052],[-120.896732761129,39.2222910845523],[-120.896235929078,39.2221711603694],[-120.895933261863,39.2220940661816],[-120.895670569592,39.2219684300411],[-120.895512097065,39.2218570720286],[-120.895352197658,39.2217599897282],[-120.895146611889,39.2217085933766],[-120.894918184216,39.2217542788389],[-120.89482966775,39.2218570721881],[-120.894766850176,39.2221625944095],[-120.894612661322,39.2227422311124],[-120.894524144984,39.2232390621685],[-120.894509868445,39.223530309307],[-120.894532710989,39.2237244731],[-120.89459838394,39.2238529628933],[-120.894658346979,39.2240071523355],[-120.894644070011,39.2241813286238],[-120.894552699065,39.2243269522246],[-120.894392798589,39.2244354549366],[-120.894215767199,39.2245268270083],[-120.893987339008,39.2245982114576],[-120.893801741476,39.2246381856357],[-120.893561891028,39.2246724501598],[-120.8933620157,39.2246924369726],[-120.893202116972,39.2247523997206],[-120.893156430932,39.2248751796682],[-120.893190695582,39.2250150921361],[-120.893242091434,39.2251007531023],[-120.893344884268,39.2251692807123],[-120.893481940804,39.2252320989803],[-120.893656117851,39.225272074237],[-120.893918810361,39.2252806399916],[-120.894292862147,39.2252806398973],[-120.894515579324,39.2252920606455],[-120.894738296455,39.2253463127591],[-120.894878209495,39.2254176969376],[-120.894921038685,39.2254491061346],[-120.894963870298,39.2255918735495],[-120.894955302874,39.2256975223746],[-120.894849654732,39.225917384141],[-120.894766849646,39.2260058997114],[-120.894395654012,39.2262486051547],[-120.894127251177,39.2264570458754],[-120.893776043373,39.2267254488465],[-120.893304909338,39.2270024175745],[-120.893029367939,39.2270995004496],[-120.8928095061,39.2271366195426],[-120.892543958411,39.2271566072526],[-120.892144208232,39.2271708839077],[-120.891952899744,39.2271394747786]]]},"properties":{"OBJECTID":8630,"State":"California","State_Abbrv":"CA","County":"Nevada","Ftr_Type":"Diggings","Ftr_Name":"Red Dog - You Bet Diggings","Topo_Name":"Chicago Park","Topo_Date":"1979","Topo_Scale":"24000","Shape__Area":0.00025591239955247147,"Shape__Length":0.14341273759064266}},{"type":"Feature","id":8631,"geometry":{"type":"Polygon","coordinates":[[[-120.994616283611,39.3693251146785],[-120.994687667674,39.3689872312294],[-120.994744774329,39.3687635618238],[-120.994849470546,39.3685470312554],[-120.994863747343,39.3683614333716],[-120.994792363784,39.3681948709684],[-120.994635318564,39.3679140954684],[-120.994392614621,39.3676238000849],[-120.994102320025,39.3674619966433],[-120.993783471473,39.367354920657],[-120.993483660004,39.3671883585463],[-120.993259991578,39.3670217969896],[-120.993145777572,39.3668361991088],[-120.993145777263,39.3666981902951],[-120.993183847827,39.3664031369488],[-120.99326950958,39.3659129683261],[-120.993317098174,39.3656845398999],[-120.993464624154,39.3654489727697],[-120.99379298956,39.3651872319879],[-120.994011899831,39.3650301877075],[-120.994221292814,39.3648636264445],[-120.99435454311,39.3647684465479],[-120.994430686341,39.3645828485347],[-120.994440203205,39.3644495987177],[-120.994302195112,39.3643115908877],[-120.99417370418,39.3642640006703],[-120.993978588357,39.3642640010921],[-120.993783472322,39.3643163503025],[-120.993588356234,39.3644067689099],[-120.993407517206,39.3644353225458],[-120.993269509391,39.3644353227605],[-120.992831688267,39.3644543574968],[-120.99255091129,39.3644591169011],[-120.992312965594,39.3644781532043],[-120.992155921051,39.3645209833019],[-120.992041706741,39.3645828489016],[-120.992041707416,39.3646923042463],[-120.992094054411,39.3648826609183],[-120.992141644212,39.3650920536171],[-120.992232063769,39.3653918663431],[-120.99226537605,39.3656916782333],[-120.992203510444,39.3659153472364],[-120.992094055174,39.3662008831264],[-120.991937009484,39.3664293107905],[-120.991794243231,39.3666839134152],[-120.99169906407,39.3669075827683],[-120.99167051132,39.367083662986],[-120.991618163147,39.3672169127042],[-120.991522984009,39.3673501624548],[-120.991289796951,39.3674976890382],[-120.99107088654,39.3675833503394],[-120.990885289579,39.3677261170244],[-120.990832940932,39.3678593670664],[-120.990785350486,39.3680640010033],[-120.990709208434,39.3682519780806],[-120.990485538378,39.3684756467877],[-120.990147656091,39.3686945581642],[-120.989766942302,39.3688849148959],[-120.989305327441,39.3691133428084],[-120.989000755837,39.3692513519243],[-120.988624800797,39.3693132180789],[-120.988324988516,39.3693179767523],[-120.988077524619,39.369298941503],[-120.987872890465,39.3692751459176],[-120.987649221456,39.3693132180532],[-120.987435070195,39.3693370118117],[-120.987330373647,39.369489298444],[-120.987335132911,39.3696130298317],[-120.987306579564,39.369824802203],[-120.98716381155,39.3700437121467],[-120.986959177636,39.3701674442722],[-120.986497563203,39.3703292478599],[-120.986050224173,39.3703768366029],[-120.985750412373,39.3703625595774],[-120.985041331777,39.3702673819103],[-120.984632064995,39.3701959978405],[-120.984179968514,39.3700770251922],[-120.983580342818,39.369910461909],[-120.9828712642,39.3696487223229],[-120.982442960371,39.369463123814],[-120.981914720672,39.3692299374519],[-120.981505453539,39.3691109628989],[-120.981172329312,39.3690538560706],[-120.980672642372,39.3689824727953],[-120.980277650736,39.3689158479345],[-120.979782724334,39.3688111509183],[-120.979240206605,39.3686588660071],[-120.978650100526,39.3683423982339],[-120.9780314395,39.3680473440122],[-120.97752223563,39.3677332557357],[-120.977398503793,39.3676238004941],[-120.977246218134,39.3673715766449],[-120.977170074823,39.3671193554954],[-120.977055861454,39.36685999265],[-120.976898817309,39.3665728818368],[-120.976722737429,39.3662984410613],[-120.976499066528,39.3660414588208],[-120.976303951989,39.3658891726098],[-120.976004140335,39.365746406196],[-120.975452105195,39.3656655038978],[-120.974885793241,39.3655822232075],[-120.974505079636,39.3654013841245],[-120.974119606238,39.3651158479267],[-120.973872142473,39.3648207948948],[-120.973539018354,39.3644495985362],[-120.973091679315,39.363980845709],[-120.972672893441,39.3635715779168],[-120.972354045517,39.3632098998681],[-120.972182724666,39.3628862932404],[-120.971968573517,39.3625079591747],[-120.97179725139,39.3622462177192],[-120.971735385516,39.3620225486628],[-120.971725869145,39.361808398274],[-120.971878154254,39.3615990052399],[-120.972020921661,39.3614419610917],[-120.972382600465,39.3611730820582],[-120.972672894158,39.3609541713804],[-120.972848974333,39.3608304392182],[-120.973110715352,39.3605972516794],[-120.973381973083,39.3603640654195],[-120.973558053909,39.3601118422014],[-120.97398159761,39.3598001327972],[-120.974262374004,39.3596335697413],[-120.974595498729,39.3596288113215],[-120.974895310434,39.3596954360441],[-120.975433068644,39.3598715164583],[-120.975809023792,39.3599762127269],[-120.976113594692,39.3601237388719],[-120.976342022962,39.3601808459342],[-120.976565691738,39.360004766253],[-120.976689423658,39.3596954364345],[-120.976813155375,39.359505078775],[-120.976898816636,39.3592005077075],[-120.976855987034,39.3588388303479],[-120.97680839712,39.3585913659115],[-120.976756048504,39.3582415857218],[-120.976756048932,39.3577990063667],[-120.976765567412,39.3573611853602],[-120.976775084562,39.3569067077143],[-120.976808397308,39.3565355115676],[-120.976794121507,39.3563356373102],[-120.976717978595,39.3562119050545],[-120.976475273033,39.3561785933409],[-120.976251603283,39.3562261822388],[-120.976064239781,39.3563070840448],[-120.975813782505,39.3564688873009],[-120.975637702582,39.3565973778516],[-120.975494934842,39.3566640026811],[-120.975375961874,39.3566735206575],[-120.975223675911,39.3566068959635],[-120.975004765872,39.3564355750978],[-120.974790614466,39.3562214227688],[-120.974676399642,39.3559216107136],[-120.974605015492,39.3553243659321],[-120.974386105886,39.3547770899229],[-120.974129123819,39.3543892378975],[-120.973762687475,39.3539609353452],[-120.973434321742,39.3537325071242],[-120.973210651629,39.3535802208268],[-120.973196375517,39.353361310661],[-120.973377214886,39.3530805349511],[-120.973648473471,39.352856865111],[-120.973919731802,39.3525261204772],[-120.974143400846,39.3522025136307],[-120.974352793424,39.3518693886975],[-120.974662124167,39.3515029516758],[-120.975123739417,39.3510104039092],[-120.975590113224,39.3504964399911],[-120.976064239991,39.3499967525538],[-120.976494307732,39.3496041424757],[-120.976860744949,39.349171079599],[-120.977241459409,39.3487142241737],[-120.977812530257,39.3481264973734],[-120.977950539447,39.3479646938778],[-120.978083788038,39.3479171041823],[-120.978383600759,39.3480313181495],[-120.978669136082,39.3481645676149],[-120.979330626574,39.3484072733387],[-120.979716098477,39.3485881117323],[-120.980087295329,39.3487403978528],[-120.980339516345,39.3489164777393],[-120.98035855315,39.3490164147306],[-120.980334759308,39.3492448443796],[-120.98027765142,39.3493685763299],[-120.980068258658,39.3495517943654],[-120.979825554211,39.3497040798103],[-120.979525741997,39.3498278105547],[-120.979125991452,39.3500372038888],[-120.978711965958,39.3503988823253],[-120.97862630569,39.3506368284836],[-120.978435948828,39.3509057071404],[-120.978178967472,39.3512197957027],[-120.978055235503,39.3514958138455],[-120.977888673236,39.3519288757942],[-120.977769700238,39.3523095892216],[-120.977607896459,39.3527545488341],[-120.977488922692,39.3531923695057],[-120.977436575088,39.3536730196617],[-120.977565065612,39.3540561136577],[-120.97775542363,39.3545129702008],[-120.978136137468,39.3550840412107],[-120.978321734861,39.3554480979855],[-120.978583475243,39.3559620617644],[-120.978773832397,39.3564569903522],[-120.978959430084,39.3568781539295],[-120.97920689336,39.357406394729],[-120.979387732991,39.3580226753112],[-120.979663750869,39.3585413980259],[-120.979973079634,39.3590934334712],[-120.980211026976,39.3596859183849],[-120.980382348364,39.3601951224732],[-120.980544150505,39.3605663192985],[-120.980567945649,39.3608233015034],[-120.980534632751,39.3612635013011],[-120.980463248921,39.3615728313877],[-120.98052035717,39.3619345093985],[-120.980753543689,39.3621629371573],[-120.981224677167,39.3623294998169],[-120.98147690032,39.3623866073208],[-120.981824300984,39.3623818477052],[-120.982205014482,39.3623390171106],[-120.982766567895,39.3622010086997],[-120.983275772132,39.3620344456321],[-120.983761181777,39.3618821610226],[-120.984222797874,39.3617679466969],[-120.984955671684,39.3615775902649],[-120.985679027572,39.3613681974736],[-120.986235822322,39.3611350097293],[-120.986854481852,39.3607400200102],[-120.987220919347,39.3604187916034],[-120.987554043304,39.3600475960885],[-120.987906203241,39.3596859180655],[-120.988239327509,39.3594670078096],[-120.988515344764,39.359148159726],[-120.988767568174,39.3588150355764],[-120.989048345036,39.3584771519196],[-120.989424300321,39.3582891748424],[-120.989724112055,39.3580655052952],[-120.989900191601,39.3578085238739],[-120.990028682895,39.3575277468349],[-120.990409395748,39.3572088998283],[-120.990747280068,39.3569947476583],[-120.991047092335,39.3569661935184],[-120.991308833494,39.3569733331911],[-120.991489671533,39.3569542967977],[-120.991641957099,39.3568686372607],[-120.991770447317,39.3567020737244],[-120.991975081457,39.3565402708419],[-120.992236821445,39.3564831637103],[-120.992450974457,39.3564688866382],[-120.992693679319,39.3564403341381],[-120.992926866353,39.3563546731701],[-120.993436070876,39.3561310042731],[-120.993854856116,39.3559549236767],[-120.994283158701,39.3558073973414],[-120.994854229848,39.3556051429984],[-120.995249219838,39.3554956878373],[-120.995610897778,39.3552910542389],[-120.995801254487,39.3551054561597],[-120.995953541044,39.3548199211983],[-120.996062995878,39.3545772161047],[-120.996339013313,39.3542916799341],[-120.996776833802,39.3540561141519],[-120.997171824815,39.3538895513765],[-120.997481155592,39.353770578336],[-120.99781903804,39.3537039529254],[-120.998118850344,39.35366588193],[-120.998380590782,39.3536373286746],[-120.998732750634,39.3535421500147],[-120.998923107702,39.353427936293],[-120.999061117173,39.3532708918583],[-120.999189607687,39.3530948111176],[-120.999484661308,39.3529377670157],[-120.999970071045,39.3527878609588],[-121.000346026219,39.35273075378],[-121.000698186351,39.3525879863482],[-121.001012275675,39.3524404601936],[-121.001061771819,39.3524690131743],[-121.001061797451,39.3532629713218],[-121.001168223002,39.3532498103505],[-121.001244900559,39.3532358689125],[-121.001467963394,39.3532149555139],[-121.001635259166,39.3531940437285],[-121.001809526481,39.3532010152827],[-121.002039558145,39.3531731320149],[-121.002213824708,39.3531243376693],[-121.002471740058,39.3530894844197],[-121.002666919441,39.353054630824],[-121.0028411864,39.3530685721212],[-121.002966659295,39.3530685721703],[-121.003078189336,39.3530546308916],[-121.003210631619,39.3530546310067],[-121.003266398151,39.3530616022916],[-121.003336105006,39.3530128072558],[-121.003370957962,39.3529640121027],[-121.003273367803,39.3528873353447],[-121.003210631916,39.3527827739093],[-121.003175778457,39.3526851847902],[-121.003133955171,39.3525666828984],[-121.003078188956,39.3524202993858],[-121.003043335926,39.352280885096],[-121.003092131394,39.3521554125826],[-121.003196690849,39.3519881172333],[-121.003336105433,39.3518835573063],[-121.00355916578,39.35184173266],[-121.003747375522,39.3518417331768],[-121.003963466503,39.3518905272688],[-121.004130762182,39.3519741763663],[-121.004221381303,39.3521135885231],[-121.004305028483,39.3523227100864],[-121.004346852394,39.3525875947661],[-121.004374735535,39.3528245983793],[-121.004325941077,39.3530197769978],[-121.004291088382,39.3532428392774],[-121.00426320552,39.3535286368408],[-121.004235322165,39.3538283759304],[-121.004242292622,39.3540444671411],[-121.004186527482,39.354197822081],[-121.004061054805,39.3543860309875],[-121.003893758937,39.3545951509556],[-121.003670697073,39.3547554765779],[-121.003545225152,39.3548879195657],[-121.003405810938,39.3550273326371],[-121.003252455431,39.3552852478045],[-121.003113042512,39.355459514951],[-121.003050307327,39.3556337820039],[-121.003050307531,39.3558707850855],[-121.003168808278,39.356065964153],[-121.003315192545,39.3563029668518],[-121.003398840968,39.3565190578668],[-121.003475517819,39.3567142382558],[-121.003614931708,39.3568885040033],[-121.003684638601,39.3570836842337],[-121.003733432714,39.357278863447],[-121.00370555126,39.3574740421192],[-121.003642814404,39.3576343665497],[-121.003524312544,39.3577249863515],[-121.003294281373,39.3578225756762],[-121.003140926117,39.3578853123542],[-121.003036364464,39.3578643997097],[-121.002987571426,39.3576761905243],[-121.002987570908,39.3574043352729],[-121.002987571627,39.3572091561975],[-121.002973629584,39.3569512412393],[-121.002980599806,39.3567560616436],[-121.003001511967,39.3566166478455],[-121.002973629363,39.3565120880904],[-121.00291089311,39.3564214691805],[-121.002771479488,39.3564075279255],[-121.002499622576,39.3564214693884],[-121.002436887052,39.356526028807],[-121.002464770025,39.3567142377426],[-121.00255538913,39.35698609376],[-121.002548417422,39.357132478047],[-121.002478710881,39.3574322168719],[-121.002353239625,39.3577180153299],[-121.002339297247,39.3578992532952],[-121.00223473715,39.3579759303611],[-121.002137148081,39.3580247246528],[-121.00201864582,39.3580177547683],[-121.00189317373,39.357920164972],[-121.001858321356,39.3576622496321],[-121.001823466669,39.3574740416887],[-121.001837409395,39.3573276569481],[-121.001858320744,39.3571812728237],[-121.001837409264,39.3569930649714],[-121.001872261375,39.3569024459168],[-121.001718906597,39.3567909151881],[-121.001579492747,39.3567002964526],[-121.001384314415,39.3565817948639],[-121.001251871392,39.3564632925032],[-121.001154282312,39.3563029670825],[-121.001061893625,39.3562681140119],[-121.00106194645,39.3578873076462],[-121.001168222417,39.3579201647711],[-121.001335520485,39.3580177552715],[-121.001551611143,39.3582059633899],[-121.001600404675,39.3583802300788],[-121.001607375769,39.3585614680155],[-121.001551610663,39.3587845287814],[-121.00144704968,39.3589866790714],[-121.00130763748,39.3590912387777],[-121.00121004686,39.3591748870136],[-121.001055488782,39.3592585345842],[-121.001055488487,39.3585519272262],[-121.000877581971,39.3586936337372],[-121.000788185319,39.3588405011332],[-121.000692402733,39.3589873673286],[-121.000615777552,39.359134232987],[-121.000500837752,39.3593960377993],[-121.000545536585,39.3597025417447],[-121.000571078782,39.3599451913829],[-121.000698787611,39.3602261524916],[-121.000903123823,39.3605262704211],[-121.001062034122,39.3606539780238],[-121.001062053794,39.361267636672],[-121.001162746439,39.3612447937412],[-121.001174166743,39.3611819762295],[-121.001259827448,39.3610734728024],[-121.001391173446,39.3609878118585],[-121.001568205479,39.3609706798131],[-121.001716684052,39.3610163661433],[-121.001836608611,39.3610449190789],[-121.001939401809,39.3610563412853],[-121.002099302309,39.3610277867721],[-121.002236359538,39.3610106553202],[-121.002413391119,39.3610106552776],[-121.002499051277,39.3610220762277],[-121.002624686554,39.3610163658847],[-121.002767453802,39.3610506297457],[-121.002933064674,39.3610906049797],[-121.003024435974,39.3611534231761],[-121.003035857878,39.3612105296312],[-121.002927353495,39.3613019008672],[-121.002887378886,39.3613875619665],[-121.002875958318,39.3614446692443],[-121.002910222123,39.3615303287368],[-121.002973039988,39.3616045675929],[-121.003058699956,39.3616331224593],[-121.003190046918,39.3616274106322],[-121.003355656574,39.3616730966342],[-121.003435606882,39.3617244931849],[-121.003487002626,39.3618215751277],[-121.003469870848,39.3619472108243],[-121.003401343021,39.3620728455858],[-121.003315681443,39.3621470856555],[-121.003195757386,39.3622041929802],[-121.003127229016,39.3622327457052],[-121.003064411075,39.3623069853826],[-121.003052990362,39.3623412497164],[-121.003098674844,39.3624611740008],[-121.003150071609,39.3626096526821],[-121.003098674879,39.3627238667352],[-121.00308154327,39.3628380806887],[-121.002933064697,39.3630036918332],[-121.002870246319,39.3632092767219],[-121.002841694028,39.3634205730653],[-121.002830271911,39.363557630178],[-121.002778876319,39.3636946866479],[-121.002733189935,39.3638031896831],[-121.00277316509,39.3639231148013],[-121.002830271634,39.363951669173],[-121.003013015247,39.3639345372755],[-121.00315578244,39.3638488760959],[-121.003235732176,39.363768925996],[-121.003315682328,39.3636604228635],[-121.003469871181,39.3635747620641],[-121.003641192546,39.3634948117026],[-121.003772539031,39.3634605480676],[-121.003938149111,39.3634491274229],[-121.004109469462,39.3634833909304],[-121.004252237541,39.3634948119233],[-121.004417848893,39.3635690510786],[-121.0044806661,39.3636090263009],[-121.004343608361,39.3636718437768],[-121.004229395333,39.3636490008713],[-121.004063785672,39.3636432912733],[-121.003995256063,39.3636604229949],[-121.003858199045,39.3637118190764],[-121.003783960277,39.3637346620302],[-121.003732564348,39.3638146116718],[-121.003669745706,39.3639516691479],[-121.003601218407,39.364083015348],[-121.003515556815,39.3642429147229],[-121.003469870917,39.3643285750571],[-121.003452739109,39.364482763595],[-121.003538400136,39.3646255320701],[-121.003492714224,39.3647740107591],[-121.003389920819,39.3649167783311],[-121.003275707586,39.3649910171398],[-121.003167204104,39.365082389242],[-121.003052989782,39.3651509172182],[-121.002978751359,39.3652479990795],[-121.002910222331,39.3653507919505],[-121.002853115432,39.3654764268345],[-121.002813139833,39.3655506671402],[-121.002796008393,39.3656077742846],[-121.002910222252,39.3656877236504],[-121.00304727933,39.365721988043],[-121.003201467682,39.3657334087174],[-121.003349946524,39.3657448307579],[-121.003515556459,39.3657334090105],[-121.003681167608,39.365710566175],[-121.003932438803,39.3656763021267],[-121.004109470009,39.3656534590024],[-121.004229395096,39.3656077740326],[-121.004349319695,39.3655735087223],[-121.004457824047,39.3654878487969],[-121.004674829606,39.3653736351257],[-121.004823308635,39.3653507924123],[-121.004971786515,39.3653222380285],[-121.005097423205,39.3652765527182],[-121.005268743661,39.3652023133678],[-121.005445776108,39.3651337851159],[-121.005617097123,39.3650823891432],[-121.005782707414,39.3650880991009],[-121.005885499668,39.3650995214161],[-121.006039689197,39.365116652659],[-121.00619958896,39.3651223639748],[-121.006302382223,39.3651794713016],[-121.006399463663,39.3651794708042],[-121.006473702782,39.3651452056505],[-121.006593627527,39.3651452063536],[-121.006793502672,39.3652080242777],[-121.006930558666,39.3652879741306],[-121.006953401579,39.3653850557182],[-121.006764948808,39.3654592952355],[-121.006485124436,39.3654535845811],[-121.006290959969,39.3654821380012],[-121.006079664367,39.3655049812244],[-121.005965449785,39.3655735086607],[-121.005794128923,39.3656877237039],[-121.005668493426,39.3657619624884],[-121.005542858263,39.3658647550095],[-121.005314430367,39.365967547925],[-121.00524019008,39.3660474977624],[-121.005143108074,39.3661217365878],[-121.005074579857,39.3662245300428],[-121.005011761431,39.3663558756963],[-121.004926100621,39.3664643799018],[-121.004857572777,39.3665596150275],[-121.004851862595,39.3666756760312],[-121.00485757319,39.3667613360114],[-121.004914680108,39.3668926832625],[-121.005028893358,39.366966921872],[-121.005205925779,39.3669383676425],[-121.005285876124,39.3667956012337],[-121.005354403716,39.3666699646447],[-121.005394378962,39.3665596148608],[-121.00546861912,39.366441536675],[-121.005582832532,39.3663558760524],[-121.00573131084,39.3663216120781],[-121.005845524559,39.3662987689521],[-121.005965449851,39.3662759263982],[-121.00623385294,39.3663615865952],[-121.006290960603,39.3664758010675],[-121.006308091972,39.3665596150124],[-121.006273828359,39.366669965122],[-121.006199589559,39.3666870973396],[-121.006096796468,39.3666528326739],[-121.00600542449,39.3666357012432],[-121.00586836841,39.3666699651857],[-121.005794129074,39.3667156512625],[-121.005771285459,39.366772757752],[-121.00581126043,39.3668527077838],[-121.00594831845,39.3669269470235],[-121.006096795893,39.3669840540597],[-121.006148192774,39.3670297399608],[-121.006228142769,39.3671039787969],[-121.006256695894,39.3672181929652],[-121.006176745612,39.3673266963654],[-121.006108218355,39.3673723822104],[-121.00591405416,39.3674294888662],[-121.005765574604,39.3674523321945],[-121.005651360342,39.3674523317838],[-121.005525725935,39.3674637526382],[-121.00541722256,39.3675151500552],[-121.005280165484,39.3675208601143],[-121.005143107798,39.3674923072356],[-121.005063158099,39.367406646193],[-121.005000340522,39.3672752997619],[-121.004931811794,39.367189638822],[-121.004829019194,39.3671268218198],[-121.004720515463,39.3670582931337],[-121.004657697599,39.3669440791433],[-121.004629145193,39.3667613356102],[-121.004612013111,39.3666185687599],[-121.004554905512,39.3665386187119],[-121.004446401951,39.3664986438973],[-121.004309345466,39.3665100648482],[-121.004189419678,39.3665100653956],[-121.004000966533,39.3665500396386],[-121.003898174244,39.3665843043528],[-121.003789670373,39.3666299897075],[-121.003721141585,39.366778468206],[-121.003669745895,39.3669497896693],[-121.003606928111,39.3670868473972],[-121.003538399501,39.3672239040793],[-121.003441317895,39.3673495386489],[-121.003338525511,39.367543703095],[-121.003195757366,39.3676864709304],[-121.003030147502,39.3678063957376],[-121.002881669282,39.3679377421672],[-121.002773164857,39.3680348239411],[-121.002733189572,39.3682004341305],[-121.002733190077,39.3683432019766],[-121.002773165173,39.3684631268472],[-121.002887378814,39.3685773408839],[-121.003041568271,39.3686630017431],[-121.003178625085,39.3686972663183],[-121.003252865123,39.3687715047333],[-121.003258574603,39.3688914302212],[-121.003264286367,39.3689828005006],[-121.00315007198,39.3690913045977],[-121.00295590777,39.3692055193234],[-121.002756033205,39.3694111036763],[-121.002596133072,39.3696395316914],[-121.002447655311,39.3698279860194],[-121.002407680162,39.3699307775267],[-121.002316309346,39.3699593321734],[-121.002184962283,39.3699593320221],[-121.002116434645,39.3699193572396],[-121.002053615881,39.3698394068443],[-121.002076459187,39.3696566635773],[-121.002070747555,39.36951389678],[-121.002042195479,39.3693825512231],[-121.002030772765,39.3693254436872],[-121.00196224468,39.369285469059],[-121.001870873883,39.3692340721815],[-121.001750949292,39.3692112290237],[-121.001619601785,39.369199808094],[-121.001431148665,39.3692340724851],[-121.00132835606,39.369245493978],[-121.001197009697,39.3692626260277],[-121.00106231052,39.3692797591438],[-121.000997833634,39.3693566032865],[-121.000836194558,39.3695416458507],[-121.000507828655,39.3696606193216],[-121.000122356162,39.3698485961828],[-121.000050972424,39.3700579893163],[-121.000036695613,39.3702721404187],[-121.000065248719,39.3704958097344],[-121.000055731173,39.3707004425492],[-121.000008141907,39.3709003176412],[-120.99989392818,39.3712263037595],[-120.999860616225,39.3714166605347],[-120.999822544138,39.3717069553601],[-120.999789231646,39.3718449639656],[-120.99970357038,39.3721067048838],[-120.999570320877,39.372301821077],[-120.99939424158,39.3724969361451],[-120.999289545059,39.3725016948819],[-120.999180090081,39.3724350699507],[-120.998999250866,39.3722494731495],[-120.998747027834,39.3720829101184],[-120.998447216047,39.3718259276772],[-120.998128367856,39.3715546695715],[-120.997971323461,39.3713928671725],[-120.997738136153,39.3711358848374],[-120.997571574023,39.370916974262],[-120.997390734964,39.3707932424169],[-120.997162306887,39.3706790280867],[-120.996786352138,39.3705695729615],[-120.996486540307,39.3704839120517],[-120.996062996197,39.3703221090896],[-120.995663246234,39.3700675070676],[-120.995491924615,39.3699580516965],[-120.995211149052,39.3699009453931],[-120.994882783296,39.3698676321904],[-120.994711462658,39.3698105251586],[-120.994602007245,39.3696439630247],[-120.994616283611,39.3693251146785]]]},"properties":{"OBJECTID":8631,"State":"California","State_Abbrv":"CA","County":"Nevada","Ftr_Type":"Diggings","Ftr_Name":"Placer Diggings - North Columbia Diggings","Topo_Name":"Nevada City, North Bloomfield","Topo_Date":"1979, 1995","Topo_Scale":"24000","Shape__Area":0.000363515073331655,"Shape__Length":0.16669946026279342}},{"type":"Feature","id":8693,"geometry":{"type":"Polygon","coordinates":[[[-120.901890781246,39.2906877102324],[-120.902173817633,39.2903030702532],[-120.902413309409,39.2901724370062],[-120.902499857801,39.2901636061018],[-120.902700703131,39.2900631825474],[-120.90292913255,39.2899846608883],[-120.903086175704,39.2900274908927],[-120.903150420763,39.2901702589069],[-120.903100453188,39.2903558571342],[-120.903350295678,39.2905271783115],[-120.903510414314,39.2905333354844],[-120.903676089968,39.2904699888072],[-120.90389381091,39.2903175848692],[-120.904024443535,39.2901361512559],[-120.904118789271,39.2900200331864],[-120.904249420396,39.2897587679319],[-120.904365538648,39.2895773340622],[-120.904430855618,39.2893450992281],[-120.904510685681,39.2891128640361],[-120.904561488382,39.2889677155936],[-120.904667865308,39.2889418405245],[-120.904699451353,39.2888924882814],[-120.904835080539,39.2888496580002],[-120.905049231288,39.2888211043497],[-120.905127576803,39.2889096690778],[-120.905301737566,39.2890402899665],[-120.905311900629,39.2890640045378],[-120.905606025071,39.2892351314079],[-120.905848730271,39.2894135901037],[-120.90581303807,39.289556358284],[-120.905804763178,39.2895646329138],[-120.90583152467,39.2896716804128],[-120.905787981152,39.2898095703502],[-120.905773466235,39.2900200325893],[-120.905693635327,39.2901796949602],[-120.905613804466,39.2903538709892],[-120.905493297723,39.2904941758919],[-120.905463257114,39.2905771469943],[-120.90527766033,39.290841266639],[-120.905134891634,39.29098403369],[-120.904935017536,39.2912767079036],[-120.90477083388,39.2915622434531],[-120.904713726329,39.291690733803],[-120.904706589145,39.291969130846],[-120.904821902385,39.2921009166286],[-120.904856495052,39.2921404525346],[-120.904864352386,39.2921907397397],[-120.904892186713,39.292368881373],[-120.904835080294,39.2925402023693],[-120.904670896863,39.2925687547511],[-120.904720865872,39.2928471517624],[-120.904863633188,39.2931112733061],[-120.904791283187,39.2932611407323],[-120.904757435861,39.2933874464007],[-120.904699377643,39.2934382484705],[-120.904594978728,39.2934716558786],[-120.904528129234,39.2935181597088],[-120.904278286562,39.2934896069219],[-120.903992751552,39.2934396381297],[-120.90387217427,39.2933698309403],[-120.903813979699,39.2933656743145],[-120.903501914107,39.2933076153756],[-120.903276936316,39.2932713289687],[-120.903037443258,39.2932568135556],[-120.902681832908,39.2932277837624],[-120.902420567993,39.2931552114353],[-120.902355250986,39.2930463497485],[-120.902297193033,39.2928721743308],[-120.902311707294,39.2926834828387],[-120.902391538158,39.2925238209357],[-120.902384281047,39.2923423873036],[-120.90231170668,39.2921972398945],[-120.902224618526,39.2920666070921],[-120.902028670246,39.2918343722883],[-120.901818206776,39.2916456813855],[-120.901680316652,39.2913916732323],[-120.901636773016,39.2912174971706],[-120.901651287617,39.290919945089],[-120.901890781246,39.2906877102324]]]},"properties":{"OBJECTID":8693,"State":"California","State_Abbrv":"CA","County":"Nevada","Ftr_Type":"Disturbed Surface","Ftr_Name":null,"Topo_Name":"North Bloomfield","Topo_Date":"1979, 2000","Topo_Scale":"24000","Shape__Area":1.0769203981908504e-05,"Shape__Length":0.015640402722846787}},{"type":"Feature","id":8694,"geometry":{"type":"Polygon","coordinates":[[[-120.963910355023,39.3245415734328],[-120.964243478573,39.3244654304912],[-120.964814549956,39.3244939836514],[-120.965119120384,39.3246748228227],[-120.965471280901,39.3248366264112],[-120.965556942446,39.3250650539989],[-120.965756816272,39.325312517853],[-120.965813923991,39.3255504642267],[-120.96608042264,39.3256551607659],[-120.966213672935,39.3257122675612],[-120.966632457388,39.3260453919412],[-120.966784743594,39.3262928558786],[-120.966708600782,39.326578391676],[-120.966594387398,39.3269686229232],[-120.966451618433,39.3275777646727],[-120.966346922513,39.3279489613194],[-120.966384994128,39.3283772643391],[-120.966404029618,39.3286627987603],[-120.966461137319,39.3288912282578],[-120.9666039053,39.3291291743969],[-120.966756189674,39.3293861561857],[-120.966927511522,39.3297287981367],[-120.966908476379,39.3302522785559],[-120.966746671589,39.3304902264185],[-120.966727636774,39.3304902257538],[-120.966499208346,39.3307472070649],[-120.966166084202,39.3307852788526],[-120.965851995478,39.3306234746757],[-120.965747298768,39.3302713147954],[-120.965642601713,39.3300238513227],[-120.965366585493,39.3297859050048],[-120.96493828236,39.3296050660202],[-120.964443353944,39.3294527806907],[-120.964424318001,39.3290911021216],[-120.964252997598,39.3287770142082],[-120.963976979575,39.3285105140644],[-120.963777104685,39.3283677460863],[-120.963253624602,39.3281202821988],[-120.963263141366,39.3280251037346],[-120.96328217733,39.3277300508722],[-120.963596265858,39.3275111399237],[-120.963824693441,39.3272827118835],[-120.963843729435,39.3269210336898],[-120.963748551353,39.3265879088423],[-120.96340590934,39.3263404455574],[-120.962968088155,39.3261500885266],[-120.962758695695,39.3260358746568],[-120.96258737437,39.3258359997545],[-120.962501714139,39.3256741960559],[-120.962625446078,39.3253886612946],[-120.962768213447,39.3249698761362],[-120.963034712696,39.3248271081721],[-120.963577230544,39.3246367508967],[-120.963910355023,39.3245415734328]]]},"properties":{"OBJECTID":8694,"State":"California","State_Abbrv":"CA","County":"Nevada","Ftr_Type":"Disturbed Surface","Ftr_Name":null,"Topo_Name":"North Bloomfield","Topo_Date":"1979","Topo_Scale":"24000","Shape__Area":1.565805496284156e-05,"Shape__Length":0.01848609943786307}},{"type":"Feature","id":8695,"geometry":{"type":"Polygon","coordinates":[[[-121.111309433022,39.173292271375],[-121.110753590964,39.1732770427625],[-121.110159677236,39.1732770432425],[-121.109855106443,39.1732541995974],[-121.109360178095,39.1732465858113],[-121.108773879357,39.1732465859576],[-121.108157123164,39.1732618141616],[-121.107502295136,39.173254199764],[-121.106664724889,39.1732313570726],[-121.106230710869,39.1732465856619],[-121.105629183745,39.1732694276847],[-121.10518755556,39.1732541996302],[-121.104745928304,39.1732161286998],[-121.104266228386,39.1732313566761],[-121.104121556544,39.173132371022],[-121.104091100373,39.1730029292597],[-121.104030186104,39.17288110022],[-121.103908357069,39.1727440427049],[-121.103672315247,39.1726983576726],[-121.10347434363,39.1726374442369],[-121.103116472783,39.1724242443685],[-121.103093629544,39.1721349012742],[-121.103078400762,39.1717541878277],[-121.103047944645,39.1714648452241],[-121.103116472611,39.1710841309567],[-121.103139316269,39.170688189052],[-121.103078400919,39.1702008763138],[-121.103047943562,39.1698886903955],[-121.10304794416,39.1696374186363],[-121.103047944087,39.1693937622446],[-121.103009872659,39.1689445199272],[-121.103055559019,39.1687160922665],[-121.103063173533,39.1683886779256],[-121.103040329665,39.1676957791227],[-121.103040329506,39.1672769942314],[-121.103009873492,39.1671932371123],[-121.103169772588,39.1668886662192],[-121.103588558225,39.1667896802663],[-121.104045413853,39.1667896803502],[-121.104426128208,39.1669038943913],[-121.104654556206,39.166949579537],[-121.105294155329,39.1671475509193],[-121.10572816839,39.1673455218574],[-121.105979440083,39.1675282650377],[-121.10642868159,39.1678099933204],[-121.106763710658,39.1680917211105],[-121.107174881118,39.1683962922693],[-121.107426153292,39.1686627922089],[-121.107563209387,39.1688150768928],[-121.107707880748,39.1689902062839],[-121.107898237981,39.1692338627852],[-121.108042909022,39.1693937615601],[-121.108164736458,39.1695536616912],[-121.108446465027,39.1697364052534],[-121.108606364954,39.1699039188939],[-121.108834793593,39.1700714331383],[-121.109245963771,39.1703227044585],[-121.109520077824,39.1706272751583],[-121.109733278531,39.1707643320387],[-121.109931249497,39.1709318461767],[-121.11024343418,39.1710232166235],[-121.110578461851,39.1711298174662],[-121.110837348539,39.1712059598393],[-121.111042933286,39.1712135736761],[-121.111225675316,39.171358244709],[-121.111377961179,39.1717770301832],[-121.111469333053,39.1719902296607],[-121.111568317748,39.1722719577192],[-121.111751060399,39.1727364287111],[-121.111903345941,39.1730333858992],[-121.111827204548,39.1731780569246],[-121.111728217438,39.1732846567241],[-121.111309433022,39.173292271375]]]},"properties":{"OBJECTID":8695,"State":"California","State_Abbrv":"CA","County":"Nevada","Ftr_Type":"Disturbed Surface","Ftr_Name":null,"Topo_Name":"Grass Valley","Topo_Date":"1973","Topo_Scale":"24000","Shape__Area":3.697280590131413e-05,"Shape__Length":0.026297675844096365}},{"type":"Feature","id":9240,"geometry":{"type":"Polygon","coordinates":[[[-121.033026167796,39.3617263772872],[-121.033174645979,39.3617149561711],[-121.033334545589,39.361726377063],[-121.033451602306,39.3617565848484],[-121.0335115776,39.3617720628428],[-121.033597238334,39.3618006157318],[-121.033791403322,39.3618577239505],[-121.033974145328,39.3619947796458],[-121.034065516532,39.3620804407031],[-121.034016365915,39.3621001006002],[-121.033951302064,39.3621261265702],[-121.033868468403,39.362192393985],[-121.03383708754,39.3622174976879],[-121.033722874084,39.3622974477781],[-121.033545841846,39.3623317120783],[-121.033283149689,39.3623545546298],[-121.033111829422,39.3623431341063],[-121.03288911103,39.3623317120333],[-121.03276347558,39.3622688941044],[-121.032637840162,39.3621775227118],[-121.032473783388,39.3620900269269],[-121.032466519286,39.362086151752],[-121.032420832581,39.3619548063001],[-121.032472228984,39.3618919883209],[-121.032592153501,39.3618063268896],[-121.032694947024,39.361754930949],[-121.032877690312,39.361732087765],[-121.033026167796,39.3617263772872]]]},"properties":{"OBJECTID":9240,"State":"California","State_Abbrv":"CA","County":"Nevada","Ftr_Type":"Gravel Pit","Ftr_Name":null,"Topo_Name":"Nevada City","Topo_Date":"1995","Topo_Scale":"24000","Shape__Area":7.545640983153135e-07,"Shape__Length":0.0036910792461176804}},{"type":"Feature","id":9241,"geometry":{"type":"Polygon","coordinates":[[[-121.037166429723,39.3618291704357],[-121.036995109441,39.3617891951841],[-121.036858051816,39.361806327482],[-121.036726706302,39.361812037974],[-121.036543962578,39.361800615643],[-121.036326956534,39.361806327322],[-121.036138502798,39.3618348810925],[-121.035950050546,39.3618577238842],[-121.035750174522,39.3618063268929],[-121.035687356487,39.3617549307354],[-121.035584564428,39.3617263769466],[-121.035390400614,39.361726377328],[-121.035219079649,39.3616921131494],[-121.035099154202,39.361583609618],[-121.035093443716,39.3615150813598],[-121.03509878533,39.3615103667626],[-121.035190525722,39.3614294206271],[-121.035281521846,39.3614026570343],[-121.035287607696,39.3614008669492],[-121.035401822061,39.3613837349225],[-121.035498903659,39.3613608924031],[-121.03559598595,39.3613266280246],[-121.035733042538,39.3613266282663],[-121.035904363631,39.3613037852372],[-121.035995734717,39.3612295458957],[-121.03603984277,39.3612142036578],[-121.036127081735,39.3611838603634],[-121.0363098237,39.3611895711193],[-121.03638441935,39.3611982445608],[-121.036555384652,39.3612181244176],[-121.036686731467,39.3612295456542],[-121.036898027291,39.3612866531681],[-121.036961269914,39.361354760912],[-121.036972266271,39.3613666032076],[-121.037081906802,39.361458395434],[-121.037217827193,39.3615721882164],[-121.037457676296,39.3616521380959],[-121.037628997162,39.3617263767392],[-121.03778889692,39.3617777740015],[-121.038017324392,39.3618291697084],[-121.038177224979,39.3618748560124],[-121.038451338708,39.361960516219],[-121.038554132214,39.3620404658821],[-121.038417075106,39.3620290449984],[-121.038314281776,39.3620119132872],[-121.038074431891,39.3619719384456],[-121.037903110942,39.3619662267472],[-121.037657550834,39.3619376734434],[-121.037463386843,39.3619091204336],[-121.037297776283,39.3618748563868],[-121.037166429723,39.3618291704357]]]},"properties":{"OBJECTID":9241,"State":"California","State_Abbrv":"CA","County":"Nevada","Ftr_Type":"Gravel Pit","Ftr_Name":null,"Topo_Name":"Nevada City","Topo_Date":"1995","Topo_Scale":"24000","Shape__Area":1.2293630788917653e-06,"Shape__Length":0.007378697493907601}},{"type":"Feature","id":9242,"geometry":{"type":"Polygon","coordinates":[[[-121.042854294255,39.3618405905888],[-121.042757211922,39.3618177491096],[-121.042677261637,39.3618520133051],[-121.042557336823,39.3618177486631],[-121.042597312323,39.3616978235263],[-121.042637286889,39.3615836099359],[-121.04265441888,39.361452262869],[-121.042711526373,39.3613209168235],[-121.042722947284,39.3611610165026],[-121.042734369158,39.361018250154],[-121.042922821428,39.360978274981],[-121.043174092783,39.3609896963069],[-121.043316860829,39.3609954067297],[-121.043551000011,39.3609611425683],[-121.043733743137,39.3609268780723],[-121.043910774188,39.3608754821272],[-121.04409922849,39.3608640606939],[-121.044310523786,39.3608640610521],[-121.044447581279,39.3609154568984],[-121.044360958375,39.3609884021299],[-121.044339076737,39.3610068278724],[-121.044224863032,39.3611838604201],[-121.044070674271,39.3612695205481],[-121.043956459777,39.3613266279405],[-121.043865089006,39.3613551806461],[-121.043762296358,39.3613780238383],[-121.043602395487,39.361423710123],[-121.043493893444,39.361452263276],[-121.043316860561,39.3615322129002],[-121.043254042343,39.3616178737515],[-121.043333993574,39.3616235850037],[-121.043511025503,39.3616235850961],[-121.04360810658,39.3616235852351],[-121.043779428232,39.3616064515594],[-121.044029129378,39.3616252966649],[-121.04408209603,39.3616292951399],[-121.044047831345,39.3616978240373],[-121.043967880453,39.3617720627562],[-121.043941244449,39.3618046193378],[-121.043865089533,39.3618976980286],[-121.043768755561,39.361951532072],[-121.043670924544,39.3620062023243],[-121.043453918124,39.3620804411452],[-121.043322572603,39.3621718120717],[-121.04324833224,39.3621946549101],[-121.043156961209,39.3622403410758],[-121.043100915869,39.3622963863559],[-121.043077010605,39.3623202911879],[-121.042979928901,39.3623773980795],[-121.042842871517,39.3624402161182],[-121.042694393588,39.3624859013475],[-121.042505941301,39.3625372981436],[-121.042374593906,39.3625487187833],[-121.042197562338,39.3625144546969],[-121.042351751667,39.3624459263563],[-121.042449385679,39.3623882333886],[-121.042477387003,39.3623716871056],[-121.042608733007,39.3623260009976],[-121.042688682658,39.3622803161486],[-121.042740080467,39.3622232087999],[-121.042743301439,39.3622173030685],[-121.042774344413,39.3621603911791],[-121.042814319574,39.3620918620771],[-121.042911401026,39.3620347553188],[-121.042962796743,39.3619433844805],[-121.042962796673,39.3618745076387],[-121.042962797122,39.3618691445635],[-121.042854294255,39.3618405905888]]]},"properties":{"OBJECTID":9242,"State":"California","State_Abbrv":"CA","County":"Nevada","Ftr_Type":"Gravel Pit","Ftr_Name":null,"Topo_Name":"Nevada City","Topo_Date":"1995","Topo_Scale":"24000","Shape__Area":1.5595769582432695e-06,"Shape__Length":0.008501492031998969}},{"type":"Feature","id":9243,"geometry":{"type":"Polygon","coordinates":[[[-121.030040104897,39.3613957418641],[-121.029936675965,39.3613494705903],[-121.029782486967,39.3612695213243],[-121.029719668808,39.361183859772],[-121.029788197373,39.3610810668649],[-121.029925254049,39.361046802573],[-121.030165104515,39.3610068282994],[-121.030347847076,39.3610296708843],[-121.030570564236,39.3610981995414],[-121.030719043551,39.3611324640387],[-121.030856099526,39.3611438846941],[-121.030981735555,39.3611210421142],[-121.031084528302,39.3610810673378],[-121.031221584975,39.3610468033447],[-121.031427170447,39.360989696182],[-121.031705641324,39.3610057618047],[-121.031724127141,39.3610068280876],[-121.031963976382,39.3609839849512],[-121.032014611937,39.36096438489],[-121.032141008537,39.360915456932],[-121.03227806451,39.3608640608633],[-121.032449386578,39.3608183747102],[-121.032654972012,39.3608355065444],[-121.032820583195,39.3608811925933],[-121.032821723565,39.3608819979848],[-121.032917664468,39.3609497208075],[-121.033037588683,39.3610582248587],[-121.03313467148,39.3611724388782],[-121.03307756424,39.3612695206132],[-121.032866268347,39.3613037851359],[-121.032672104567,39.3613666031827],[-121.032460808436,39.3613780239165],[-121.032346593442,39.3613723129643],[-121.032215247928,39.3613780243393],[-121.032078190829,39.3613837352337],[-121.031918290946,39.361440842042],[-121.031792654522,39.361612163323],[-121.031729837723,39.3616806917889],[-121.031627045527,39.3617949061845],[-121.031518542483,39.3618805657014],[-121.031352930662,39.3619262524559],[-121.031233006468,39.3619091198128],[-121.030998866922,39.3618463019342],[-121.030907496668,39.3617891952526],[-121.03071333166,39.3617377988741],[-121.030570564457,39.3616749812093],[-121.03020507937,39.3615322129087],[-121.03015368249,39.3614465526569],[-121.030040104897,39.3613957418641]]]},"properties":{"OBJECTID":9243,"State":"California","State_Abbrv":"CA","County":"Nevada","Ftr_Type":"Gravel Pit","Ftr_Name":null,"Topo_Name":"Nevada City","Topo_Date":"1995","Topo_Scale":"24000","Shape__Area":1.8747109606920276e-06,"Shape__Length":0.007570490758945814}},{"type":"Feature","id":9244,"geometry":{"type":"Polygon","coordinates":[[[-121.030900205184,39.0300166336856],[-121.031048684011,39.0300166344582],[-121.03103155232,39.030050897779],[-121.030985866029,39.0302621937507],[-121.030923047593,39.0306276794814],[-121.030894494796,39.0309075039227],[-121.030894495239,39.0312787001417],[-121.030894494663,39.0314271778673],[-121.03091733761,39.0315356812043],[-121.030928759566,39.0316384739848],[-121.030951602501,39.0317184243446],[-121.030991577559,39.0318326380478],[-121.031020130377,39.0319754061706],[-121.031031551583,39.032106752158],[-121.031031551787,39.0321981228565],[-121.031031551833,39.0323351798845],[-121.031031551639,39.0324665271021],[-121.031031551925,39.03260929395],[-121.031025841059,39.032746351168],[-121.03102013037,39.032900539786],[-121.031008708981,39.0330661510324],[-121.030963023435,39.0332431827484],[-121.030945890322,39.0333459747183],[-121.030928759005,39.0334259250098],[-121.030923048416,39.0335686929181],[-121.030934469918,39.0338256752891],[-121.030940179394,39.0340655238619],[-121.030945891345,39.0341626059522],[-121.030968734005,39.0342939527337],[-121.030985865399,39.0344252988312],[-121.030991576559,39.0345909087206],[-121.030940179582,39.0353675649575],[-121.030871652494,39.0364240457887],[-121.030848808908,39.0369894059478],[-121.030791702041,39.0371949920896],[-121.030723174213,39.0372977839875],[-121.030643223528,39.0373834447654],[-121.030568984465,39.0374462630112],[-121.03050616742,39.0375205016316],[-121.030437637767,39.0375776091961],[-121.030369110303,39.0376518476697],[-121.030277738275,39.037731798234],[-121.03021492083,39.0378345905763],[-121.030037888777,39.0379773576828],[-121.02991225257,39.0380401764464],[-121.029809460725,39.0380972830459],[-121.029563899619,39.0382743147414],[-121.029449685766,39.0383142896261],[-121.029421131868,39.0383028689656],[-121.029443975038,39.0382571828596],[-121.029546767793,39.0381943647867],[-121.029632429264,39.038091571916],[-121.029735221391,39.0379887801845],[-121.029855146045,39.0379830685982],[-121.029906543491,39.0379373830997],[-121.029975070982,39.0378859872018],[-121.030066442629,39.0377774840863],[-121.030129259738,39.0377032439622],[-121.030197788965,39.0376232936142],[-121.030249184962,39.0375490552061],[-121.030363398935,39.0374177085784],[-121.030466192196,39.0373377587403],[-121.030574695564,39.037269231344],[-121.030631801888,39.037223544762],[-121.030643223581,39.0371607268937],[-121.030643223673,39.0371207523016],[-121.030608959133,39.0370408016702],[-121.030580405791,39.0369779850963],[-121.030540430925,39.0369322991482],[-121.030483324151,39.0368809025113],[-121.030391952595,39.0368066631146],[-121.030300581556,39.0367495559213],[-121.030254896394,39.0367210031611],[-121.0302149217,39.0366696072927],[-121.030209210372,39.0366182095335],[-121.030209209913,39.0365553919968],[-121.030232052346,39.0364525997642],[-121.030232053641,39.0363269642304],[-121.0302092104,39.0361499322361],[-121.030134970905,39.0360300065698],[-121.030106416957,39.035693075744],[-121.030106416587,39.0354589368129],[-121.03006644208,39.0353275911183],[-121.030049310159,39.0351619797143],[-121.02998078195,39.0350249226692],[-121.02998078235,39.0349107089852],[-121.029957939115,39.0348364701747],[-121.029923674853,39.0347793627911],[-121.029895120398,39.0346594379862],[-121.029729510682,39.0340027074841],[-121.029672403698,39.0336486432914],[-121.029643850263,39.0334716107624],[-121.029638139307,39.0332374722684],[-121.029660981694,39.0331746536702],[-121.029666692914,39.0330375969696],[-121.029700957109,39.0329233830765],[-121.029746643575,39.0327977482121],[-121.029700956862,39.0327177983283],[-121.029695246557,39.0325750301065],[-121.029706667643,39.0325179232813],[-121.029746642997,39.0324151297543],[-121.029780907454,39.032295204944],[-121.029826592718,39.0321467271324],[-121.029895120586,39.0319582744713],[-121.029975071461,39.0317526879335],[-121.030037888643,39.0315299714579],[-121.030123548602,39.0312387251576],[-121.030146392085,39.0311302208013],[-121.030140680722,39.0310788250423],[-121.030100706821,39.0310331386015],[-121.030112128121,39.0309817432889],[-121.030174945503,39.0309474792002],[-121.030249185314,39.0308675293354],[-121.030312002504,39.0307932897672],[-121.030403373717,39.0306904973045],[-121.030454769367,39.0305934148118],[-121.03048903523,39.0304963331646],[-121.030517587678,39.0304278042381],[-121.030551852482,39.0303078796522],[-121.030591826347,39.0301993758478],[-121.030637512433,39.0301308479053],[-121.030688909584,39.0301080049992],[-121.030780281559,39.0300566079282],[-121.030900205184,39.0300166336856]]]},"properties":{"OBJECTID":9244,"State":"California","State_Abbrv":"CA","County":"Nevada","Ftr_Type":"Gravel Pit","Ftr_Name":null,"Topo_Name":"Lake Combie","Topo_Date":"1995","Topo_Scale":"24000","Shape__Area":6.725846105837263e-06,"Shape__Length":0.01881003920762165}},{"type":"Feature","id":9245,"geometry":{"type":"Polygon","coordinates":[[[-120.076596511596,39.3738430429002],[-120.07676307451,39.3738192491641],[-120.076877287556,39.3738715972044],[-120.076934394459,39.3739334629256],[-120.076901082879,39.3741476139826],[-120.076922165415,39.3742150787554],[-120.076988488451,39.374241205834],[-120.077002451919,39.3742739909902],[-120.077086632132,39.3744779811018],[-120.077124117743,39.374659991226],[-120.077128502316,39.3746814325803],[-120.077128883133,39.3746889568809],[-120.077167582229,39.3749078058102],[-120.077192442344,39.3749702056924],[-120.077177718722,39.3750771744936],[-120.077150212577,39.3751298929698],[-120.077152480889,39.375179108587],[-120.077185181633,39.3753497936958],[-120.077230463883,39.3755861407309],[-120.077230463827,39.3756603798602],[-120.077230463489,39.3758259906988],[-120.077259016934,39.3759659034704],[-120.077341821767,39.3761058150183],[-120.077418916661,39.3763171118676],[-120.077433194594,39.3765112762271],[-120.077498866977,39.3766511883977],[-120.077604515031,39.3767654017573],[-120.077684464624,39.3768624837737],[-120.077758703936,39.3770509373684],[-120.077792968049,39.3772279692301],[-120.077750137655,39.377387869271],[-120.077555974393,39.3777219448732],[-120.077310412481,39.3780474560728],[-120.077210476174,39.3781645249692],[-120.077010601049,39.3783215701282],[-120.07689067693,39.378370110617],[-120.076719355512,39.3783586890766],[-120.076653593747,39.3783352026121],[-120.076598544453,39.3783155422273],[-120.076519480894,39.378287305109],[-120.07633673808,39.3781359718326],[-120.076145428963,39.3779532285747],[-120.076016937938,39.3778218834074],[-120.07589701415,39.3775449132049],[-120.075844412069,39.377381847401],[-120.075776215832,39.3773709748723],[-120.075623931383,39.3771782386287],[-120.07550257794,39.3769069802123],[-120.075464506461,39.3767094849892],[-120.075464506708,39.3765119889144],[-120.075509872644,39.3763656123522],[-120.075508685746,39.3763599420184],[-120.075522962476,39.3760858279883],[-120.075642886685,39.3757660280481],[-120.075719982036,39.3754119646854],[-120.075694283708,39.3751178630288],[-120.07568524877,39.3750939468735],[-120.07569813984,39.3749986473932],[-120.075932270405,39.3748029263063],[-120.075896949745,39.3747377207614],[-120.075820807,39.3745378461796],[-120.07577321756,39.3744045964341],[-120.075720869556,39.3741904441481],[-120.075706592646,39.3740809888138],[-120.075801771876,39.3740096051123],[-120.076019238894,39.3739572566875],[-120.076187243995,39.3739144266006],[-120.076372842249,39.3738668383517],[-120.076596511596,39.3738430429002]]]},"properties":{"OBJECTID":9245,"State":"California","State_Abbrv":"CA","County":"Nevada","Ftr_Type":"Gravel Pit","Ftr_Name":null,"Topo_Name":"Boca","Topo_Date":"1969, 2000","Topo_Scale":"24000","Shape__Area":6.972054961806862e-06,"Shape__Length":0.011515335520212167}},{"type":"Feature","id":9246,"geometry":{"type":"Polygon","coordinates":[[[-121.073655153716,39.3423765943783],[-121.073729393174,39.3422509583815],[-121.073866449881,39.3421481658957],[-121.07399208465,39.3420739268237],[-121.074243356206,39.3420853478376],[-121.074426098782,39.3421424547179],[-121.074557445486,39.3421767192564],[-121.074774452232,39.3422224054131],[-121.074922929806,39.3422566692688],[-121.07508854098,39.3422966439014],[-121.075299836658,39.3423137762879],[-121.075488289733,39.3422795120552],[-121.075676743782,39.3422852231866],[-121.075779536028,39.3422281164455],[-121.075945147275,39.3421538760121],[-121.076099336536,39.3421024801739],[-121.076259235623,39.3420625053526],[-121.076436267899,39.3419882660774],[-121.076584745488,39.3419140266508],[-121.076693249242,39.3418512086895],[-121.076841727617,39.3417541274945],[-121.077058734799,39.3417027310292],[-121.077201502074,39.3417598379335],[-121.077349981058,39.3417484161979],[-121.077458484431,39.3416399131546],[-121.077521302304,39.3415314092898],[-121.077555566378,39.3414286166127],[-121.077561276769,39.3412116096532],[-121.07757840868,39.3409203641823],[-121.077561276685,39.3405948538703],[-121.077561277233,39.340417821976],[-121.07762980558,39.3401722611911],[-121.077721176827,39.3399267009173],[-121.07787536554,39.3397039827384],[-121.077938183016,39.339555504986],[-121.07794389447,39.3394527121926],[-121.077955315986,39.3392299947984],[-121.077972448157,39.3390700946759],[-121.077978158291,39.3389216168796],[-121.078040976044,39.3387502948426],[-121.078183743393,39.3385161556725],[-121.078292246665,39.338401942527],[-121.078377907574,39.3382877277882],[-121.078492121731,39.3381106958139],[-121.078703417419,39.3379336640203],[-121.078983243004,39.3377623432187],[-121.079188827876,39.337670971997],[-121.079360674772,39.3375822769636],[-121.079365859614,39.3375796011739],[-121.079548603419,39.3375339149907],[-121.079660920342,39.3374878361687],[-121.079771319529,39.3374425439787],[-121.079999747616,39.337351171977],[-121.08036523409,39.3371855620569],[-121.080599372537,39.3370827691584],[-121.080764982922,39.3370256624731],[-121.081016254248,39.3369913984081],[-121.081221839402,39.3369799757352],[-121.081393161249,39.3369799763597],[-121.081593036437,39.3369571338416],[-121.081747224921,39.3369571341881],[-121.081850016564,39.3369742657995],[-121.081868630904,39.3369768036275],[-121.081975653566,39.3369913983368],[-121.082112709935,39.3369913982595],[-121.082221212883,39.3369628442789],[-121.08245535191,39.3368771840128],[-121.082456961242,39.3368764071028],[-121.082620962435,39.3367972338269],[-121.082855102597,39.336802945048],[-121.083015000806,39.3368086546884],[-121.083011303259,39.3368179009732],[-121.082980736438,39.3368943157471],[-121.082918292573,39.3369501870906],[-121.082872234264,39.3369913977454],[-121.082672358961,39.3370542162534],[-121.082518170145,39.3371056121398],[-121.082238344955,39.3371570077276],[-121.08207844584,39.3371741404834],[-121.081924256053,39.3371855619286],[-121.081775777655,39.3371855624524],[-121.081738945076,39.3371873159444],[-121.081655852863,39.3371912732969],[-121.081530218311,39.3372026942527],[-121.081427425613,39.3372255371794],[-121.08132463223,39.337254090282],[-121.081216129605,39.3372883552353],[-121.081182186577,39.3373336103834],[-121.081181864647,39.3373340399122],[-121.081170442526,39.3374082787645],[-121.081187575369,39.3375339145465],[-121.0812161293,39.3376138651262],[-121.081201741159,39.3376858042198],[-121.081198997039,39.3376995253219],[-121.081130467591,39.337733790402],[-121.08107119079,39.337762016832],[-121.081010543516,39.3377908969824],[-121.080902040507,39.3378023182707],[-121.080770694514,39.3378308717686],[-121.080650768688,39.3378651359344],[-121.080547976426,39.3379393753592],[-121.080439472901,39.3379907708236],[-121.080376655417,39.3380535891658],[-121.080285283653,39.3381106958098],[-121.080260567709,39.3381267606971],[-121.080171070284,39.3381849360736],[-121.080102540714,39.3382077783467],[-121.080022590404,39.3382306208426],[-121.079899854411,39.3383320125864],[-121.07989124542,39.3383391246992],[-121.079708501564,39.3385161564602],[-121.079531471442,39.3386760557396],[-121.079377280504,39.3388016922393],[-121.079240224208,39.3388873521238],[-121.079017506828,39.338961592062],[-121.078891870935,39.3390472522604],[-121.078851964898,39.3390738559552],[-121.078754814213,39.3391386225092],[-121.078623467794,39.3392642585946],[-121.078554940049,39.3393956049278],[-121.078503542582,39.3395269521423],[-121.07853209658,39.3396126120833],[-121.078514965018,39.3397154050302],[-121.078514964924,39.3398467510041],[-121.078514965177,39.3400751786297],[-121.078514964698,39.3401722613734],[-121.078492122422,39.340434953599],[-121.078497832587,39.3405720115264],[-121.078514965222,39.3407033571161],[-121.0785206746,39.3407271450334],[-121.078549228512,39.3408461247766],[-121.078612046596,39.3409546283946],[-121.07866344312,39.341057421225],[-121.078714839092,39.3411430811192],[-121.078709128817,39.3412344528326],[-121.078612046547,39.3413429564263],[-121.0784692784,39.3414857239131],[-121.078355065513,39.3415485417442],[-121.078212297312,39.3416741766531],[-121.07792676157,39.341839787813],[-121.07764693723,39.3419597116943],[-121.077552356067,39.3419833566127],[-121.077258608517,39.3420567940605],[-121.077165646331,39.3420784851067],[-121.077087288383,39.3420967692932],[-121.076664695896,39.3422623803787],[-121.076362027692,39.3423423303464],[-121.076133600093,39.3424451227237],[-121.075979411563,39.3424965192376],[-121.075914110374,39.342555882815],[-121.075853775866,39.3426107329918],[-121.075790957882,39.3427306582388],[-121.075726946536,39.3428323227088],[-121.075693875899,39.3428848469487],[-121.075556818722,39.343061878898],[-121.075368366183,39.3431532496378],[-121.075117094548,39.3433017278883],[-121.074808716263,39.3434159430134],[-121.074620262759,39.3434844713884],[-121.074346149385,39.3435587099477],[-121.074181343674,39.343599912315],[-121.074094878361,39.3436215275379],[-121.073952109552,39.3436672141582],[-121.073895896073,39.3436938420272],[-121.073843607122,39.3437186102494],[-121.073735103102,39.3437700056181],[-121.073674857613,39.3438727767522],[-121.07363802151,39.3439356170839],[-121.073598046653,39.3440041452424],[-121.073512386058,39.3440783846744],[-121.073421015616,39.3441012270378],[-121.073375641478,39.344096906113],[-121.073301089743,39.3440898058679],[-121.073158321763,39.3440669626767],[-121.073044108369,39.3440098555059],[-121.072998421866,39.3439413283565],[-121.073066951228,39.3438442457477],[-121.073086622005,39.3438245752442],[-121.073169743497,39.3437414526841],[-121.073243983571,39.3436557919647],[-121.073295379385,39.3435644206879],[-121.073381040014,39.3434502066152],[-121.073449427602,39.343336225158],[-121.073466699701,39.3433074388569],[-121.073506674741,39.343210356891],[-121.073558072171,39.3431018540801],[-121.073603757377,39.3429476647662],[-121.073626599446,39.3427820538585],[-121.073643732183,39.342656419073],[-121.07364373196,39.3425079402154],[-121.073655153716,39.3423765943783]]]},"properties":{"OBJECTID":9246,"State":"California","State_Abbrv":"CA","County":"Nevada","Ftr_Type":"Gravel Pit","Ftr_Name":null,"Topo_Name":"Nevada City","Topo_Date":"1995","Topo_Scale":"24000","Shape__Area":9.329931799584301e-06,"Shape__Length":0.028694918422776456}},{"type":"Feature","id":9247,"geometry":{"type":"Polygon","coordinates":[[[-121.045216183783,39.360860293917],[-121.045067807563,39.3608009438094],[-121.04496692706,39.3608097931341],[-121.044721226711,39.3608313464789],[-121.044654343069,39.3607766231628],[-121.044702986186,39.3606975778662],[-121.044836754123,39.3606367739041],[-121.044982683037,39.3605759709854],[-121.04520765591,39.3605638102471],[-121.045426549375,39.3605759708505],[-121.045649843162,39.3605852747366],[-121.045718405737,39.3605881322072],[-121.045979860519,39.3606124530467],[-121.046070373934,39.3606196935649],[-121.046283878802,39.3606367744659],[-121.046488417542,39.3606460708412],[-121.046551415477,39.3606489349681],[-121.046764226663,39.3605820514016],[-121.04712296821,39.3604847660095],[-121.047203740844,39.3604465049138],[-121.04735402178,39.3603753192112],[-121.047572914693,39.3602415508593],[-121.047743164798,39.3601381846145],[-121.04782828959,39.3600895424578],[-121.047889092843,39.3599983367095],[-121.04793165644,39.3598767298755],[-121.047931656237,39.3598098455991],[-121.047899938296,39.3596988333405],[-121.047895174271,39.3596821579445],[-121.04776748612,39.359603114185],[-121.047688441627,39.3595909528621],[-121.047688441717,39.3595058279173],[-121.047718216996,39.3594276676665],[-121.047785727075,39.359250452676],[-121.047785840784,39.3592503387306],[-121.048016780821,39.3590194000647],[-121.048112580642,39.3589236003006],[-121.048187030982,39.3588491500154],[-121.048302558479,39.3586120156965],[-121.04839376336,39.3584539263114],[-121.048436326087,39.3582836764048],[-121.048448485838,39.3581377482374],[-121.04846057239,39.3580108299416],[-121.048484968581,39.3577546850599],[-121.048436326572,39.3576148371318],[-121.048491048488,39.357395943663],[-121.048576174156,39.3571527299105],[-121.048709941419,39.3570250420314],[-121.048795067572,39.3568730331783],[-121.048892352031,39.3567149443067],[-121.049038280795,39.3566176576054],[-121.049208530544,39.3564960512518],[-121.049360540021,39.3563075597174],[-121.049488227585,39.3561190693345],[-121.049621994576,39.3558697749013],[-121.049828726798,39.3557238462388],[-121.049907200633,39.3556887394589],[-121.050290833887,39.3555171143404],[-121.050331936149,39.3555147651316],[-121.050503646509,39.3555049529028],[-121.05069821846,39.3554745512306],[-121.050831986378,39.3554441503379],[-121.051008317257,39.3553894262326],[-121.051190727052,39.3553651046613],[-121.051281932746,39.3553407844388],[-121.051373138127,39.3553225417055],[-121.051555548986,39.3552191756888],[-121.051689315982,39.3550610870597],[-121.051786601654,39.3550428460141],[-121.052017656604,39.3550793280372],[-121.052193985796,39.3551279708718],[-121.052290086515,39.3551945010564],[-121.052352074628,39.3552374166468],[-121.05246152167,39.3553043013155],[-121.052525552386,39.355341479949],[-121.052650013257,39.3554137476224],[-121.052899308457,39.3555353551497],[-121.053324933154,39.3556752033519],[-121.053555986422,39.3556995246709],[-121.053768798907,39.3556873641573],[-121.053926887878,39.3556083187082],[-121.054095024974,39.3555013235488],[-121.054127539938,39.3554806319743],[-121.054285628818,39.3553894261911],[-121.05450452217,39.3553347028153],[-121.054668690992,39.3553164624067],[-121.054808540353,39.355255658722],[-121.054838219078,39.3552008657081],[-121.054887583621,39.3551097299805],[-121.055021351771,39.3549394799512],[-121.055203762423,39.3548178728276],[-121.055495620528,39.3546719442844],[-121.055708432033,39.3545260159727],[-121.055805717683,39.3544044091636],[-121.056012449734,39.3542767209261],[-121.05628606584,39.3541368731109],[-121.056486718263,39.3540943096382],[-121.056778575111,39.3541125508727],[-121.056954906442,39.3540760689],[-121.057271083782,39.3540760687658],[-121.057514298491,39.3541125507581],[-121.057818316239,39.3541855156759],[-121.058079771715,39.3541064709137],[-121.058274342925,39.3540578279192],[-121.058456753933,39.3541247122557],[-121.058614842704,39.3542645600408],[-121.058684693891,39.3542689260997],[-121.058712129423,39.3542706408787],[-121.058961422791,39.3542037573487],[-121.059101271819,39.3541976760481],[-121.059204637815,39.3542523998375],[-121.059201056164,39.3542613537148],[-121.059131673364,39.3544348103347],[-121.058961423466,39.3545442571702],[-121.058657405732,39.3546354616115],[-121.058389870033,39.3546597838477],[-121.058158815818,39.354678024614],[-121.057879775358,39.354663836792],[-121.057800075414,39.3546597841604],[-121.057623745353,39.3546415415694],[-121.057356209139,39.3546780251486],[-121.057043123616,39.354678024943],[-121.057033950196,39.354678025261],[-121.056904889428,39.354675589578],[-121.056711691271,39.3546719441693],[-121.05637727205,39.3546172211548],[-121.056194860999,39.3546293822747],[-121.056070918303,39.354636672217],[-121.055988129172,39.354641542044],[-121.055932518602,39.3546656401747],[-121.055817322062,39.3547155586865],[-121.055805718382,39.3547205873109],[-121.055671949797,39.3547509888277],[-121.055654131016,39.3547937536413],[-121.055580745448,39.354969881735],[-121.055507781001,39.3551158097322],[-121.055383712202,39.3552398786486],[-121.055331450176,39.3552921405186],[-121.055228083679,39.3554319895027],[-121.055051754616,39.3555718372056],[-121.054975094708,39.355654628735],[-121.054899744955,39.3557360065969],[-121.054747736593,39.3558819353188],[-121.054620048571,39.3559549003356],[-121.054504523246,39.3559976869622],[-121.054455879091,39.3560157028343],[-121.054303870038,39.3560157029836],[-121.054176183482,39.3559731409122],[-121.054072816001,39.3559427394296],[-121.053914727398,39.3559305782077],[-121.053774878612,39.3559123371381],[-121.053616790166,39.3559305780356],[-121.053495182871,39.3559670598315],[-121.053343173772,39.3560278638052],[-121.053197245457,39.3560947479283],[-121.053026994493,39.3561677116886],[-121.052771620313,39.3562345955693],[-121.052558807721,39.3562954001251],[-121.05233383442,39.3563136408344],[-121.052139263536,39.3563075600024],[-121.051981174135,39.3563014803814],[-121.051744040052,39.3563258007592],[-121.051555549133,39.356331881751],[-121.051421781065,39.3563318817881],[-121.051336655852,39.3563562030314],[-121.051190727398,39.3564474081977],[-121.051026557906,39.3565446944004],[-121.050868468575,39.3566784622467],[-121.05081374527,39.3567696673899],[-121.050795503968,39.3568791141715],[-121.050752942421,39.357006801233],[-121.050716458937,39.3572317751689],[-121.050661736693,39.3574020252421],[-121.050503647519,39.3575053907762],[-121.050345557848,39.3575844350725],[-121.050223949595,39.3575601140756],[-121.050084101582,39.3574993101375],[-121.049992897212,39.3573594616688],[-121.049889530692,39.3572682566965],[-121.049701040547,39.3572013730314],[-121.049542950458,39.3572743370221],[-121.049299736015,39.3574506669159],[-121.049190290234,39.3576087573177],[-121.049068683401,39.3577182030382],[-121.048983557497,39.3578641317363],[-121.048928833725,39.3580404616197],[-121.048947075229,39.3582532748195],[-121.048892352332,39.35867889979],[-121.048868030381,39.3589099528426],[-121.048837628514,39.3592869347882],[-121.048843708593,39.3594936671184],[-121.04881938851,39.3596639173445],[-121.048788986204,39.3599010510471],[-121.04877682437,39.360101702906],[-121.048788985747,39.3603084345985],[-121.048813307569,39.3606185332262],[-121.048624817261,39.3607827027509],[-121.048399843002,39.3609103906701],[-121.048022860435,39.361019836757],[-121.047649576483,39.361108714011],[-121.047512111137,39.3611414439778],[-121.047086485773,39.361250890766],[-121.046794629008,39.3612752124135],[-121.046514933234,39.3612569711772],[-121.046204834226,39.3611900869437],[-121.045992021977,39.3611475239843],[-121.045984272728,39.3611463849571],[-121.045785290185,39.3611171226095],[-121.045681923486,39.3610563187159],[-121.045497387832,39.3609825048088],[-121.045408308174,39.3609468730829],[-121.04525021762,39.3608739076839],[-121.045216183783,39.360860293917]]]},"properties":{"OBJECTID":9247,"State":"California","State_Abbrv":"CA","County":"Nevada","Ftr_Type":"Gravel Pit","Ftr_Name":null,"Topo_Name":"Nevada City","Topo_Date":"1995","Topo_Scale":"24000","Shape__Area":1.2898613022116479e-05,"Shape__Length":0.03840757895861538}},{"type":"Feature","id":9248,"geometry":{"type":"Polygon","coordinates":[[[-120.138989776853,39.3731469857693],[-120.138784191687,39.3731384197438],[-120.138727085323,39.3731412749],[-120.138598594003,39.3731327090617],[-120.138544341895,39.3730898787855],[-120.13852721017,39.3730413383877],[-120.13853292119,39.3729413995115],[-120.138570039815,39.3728300408826],[-120.13861287121,39.3726701417591],[-120.138675688092,39.3724873992184],[-120.138689964886,39.3724160152662],[-120.138667122313,39.3722618260327],[-120.138621437414,39.3720505296429],[-120.138584317371,39.3719477369423],[-120.13857860597,39.3718221015485],[-120.138570039628,39.3716964665187],[-120.138592883155,39.371607950365],[-120.138661196658,39.3715285583321],[-120.138698530669,39.3714851702472],[-120.138784192326,39.3714394835755],[-120.138921249002,39.3714537610665],[-120.13896518551,39.3714579171659],[-120.139132545138,39.3714737485649],[-120.139315288096,39.3714908806357],[-120.139429502631,39.3715137242209],[-120.139615099824,39.3715137239102],[-120.13972074752,39.3714766040067],[-120.139880647662,39.3713481126646],[-120.140009137761,39.3711739374769],[-120.140057678539,39.371002614632],[-120.140100510387,39.3708198733174],[-120.140108669347,39.3706473386728],[-120.140120496359,39.3703972807408],[-120.140103364975,39.3699832543948],[-120.140031980899,39.3696177686509],[-120.139980598582,39.3694244690951],[-120.139972018975,39.3693921963425],[-120.139920621965,39.3692380066504],[-120.139826396437,39.3690895293005],[-120.139715036346,39.3689496156935],[-120.139670265597,39.3689006792297],[-120.139592256856,39.3688154154186],[-120.139506595692,39.3687012013299],[-120.139498029675,39.368552721719],[-120.139508162438,39.3684260667804],[-120.139515162313,39.368338571297],[-120.139546570675,39.3681729597341],[-120.139569414397,39.3679273997675],[-120.139597968232,39.3678217522655],[-120.139595111869,39.3677246698288],[-120.139557992925,39.367667562684],[-120.139475186575,39.3675876128523],[-120.139343841318,39.367536216981],[-120.139172519981,39.3675504933892],[-120.139066872353,39.3676875499681],[-120.138924103971,39.3679274001777],[-120.138892760719,39.3679719759259],[-120.138795613425,39.3681101424893],[-120.138721373551,39.3681929481382],[-120.138615725611,39.3682329230287],[-120.138415850942,39.368301450789],[-120.138299897322,39.3683198030432],[-120.138217403897,39.368332859652],[-120.137966132674,39.3682757531881],[-120.137746271038,39.3681558283321],[-120.137566383967,39.3679616643665],[-120.137472156507,39.367804620224],[-120.137389352504,39.3676104557306],[-120.137366509083,39.3674819649006],[-120.137349376718,39.3672392599204],[-120.137347256518,39.3671247727312],[-120.137346521826,39.3670850711556],[-120.137446458605,39.3668652088059],[-120.137517306745,39.3668036014363],[-120.137577805604,39.3667509939947],[-120.137716289884,39.3666881766093],[-120.13801895646,39.3666853209147],[-120.138415850851,39.3667138754561],[-120.138921249554,39.3667195861454],[-120.139546570724,39.3667538499716],[-120.140160472145,39.3667824025359],[-120.141185544088,39.3668081019125],[-120.141799445319,39.3668023913278],[-120.141861014401,39.3668027257413],[-120.14232340177,39.3668052459121],[-120.143048661506,39.3667995358281],[-120.143582612666,39.3668109571605],[-120.143722524952,39.366833799579],[-120.143757875734,39.3668759933985],[-120.143811040737,39.3669394479517],[-120.143862438312,39.367139322874],[-120.14385387158,39.367364894724],[-120.143788198198,39.3676047450551],[-120.143642574459,39.3677560787503],[-120.143439844485,39.3678845696814],[-120.143117190233,39.3679987841293],[-120.142885906803,39.3680844443075],[-120.14267175533,39.3681815261751],[-120.142624550734,39.3682356722106],[-120.142583539982,39.3682827135612],[-120.1424775905,39.3684042442375],[-120.142430150129,39.3685687088135],[-120.142391931271,39.3687012009955],[-120.142311981392,39.3689638930536],[-120.142217753806,39.3691552017669],[-120.142197278484,39.3691724919629],[-120.142089263408,39.3692637048868],[-120.141815149085,39.369440736618],[-120.141552457012,39.3696377566628],[-120.141275488623,39.3697976560667],[-120.141055624801,39.3700860472857],[-120.140812920339,39.3705771678475],[-120.140691460647,39.3708649723278],[-120.140681574428,39.3708884011379],[-120.140481698553,39.371310994316],[-120.140337503614,39.3716193720866],[-120.140091943353,39.3720476747989],[-120.139929188881,39.3722418394317],[-120.13983781731,39.3723274992545],[-120.139794987329,39.3724045943833],[-120.139840672886,39.3724816882187],[-120.139883503524,39.3726444439818],[-120.139889214217,39.3727615131449],[-120.139896619631,39.3728158237612],[-120.139897780111,39.3728243307033],[-120.139909200786,39.3729128474018],[-120.139920621984,39.3730356266023],[-120.139923478451,39.3731098657043],[-120.139892069238,39.373195526832],[-120.139832107401,39.3733068853321],[-120.139766432479,39.3733782688985],[-120.139712182505,39.3734410867961],[-120.139696854779,39.3734458443765],[-120.139629375964,39.3734667847998],[-120.139538004426,39.3734382318041],[-120.139510594668,39.373430400184],[-120.139480484402,39.3734217972144],[-120.13941807941,39.3734039667684],[-120.139339701567,39.3733438169423],[-120.139295300035,39.3733097408208],[-120.139195362432,39.3732469227468],[-120.139123979279,39.3731898155531],[-120.138989776853,39.3731469857693]]]},"properties":{"OBJECTID":9248,"State":"California","State_Abbrv":"CA","County":"Nevada","Ftr_Type":"Gravel Pit","Ftr_Name":null,"Topo_Name":"Truckee","Topo_Date":"1992","Topo_Scale":"24000","Shape__Area":1.6064838291640626e-05,"Shape__Length":0.02661209322881287}},{"type":"Feature","id":9249,"geometry":{"type":"Polygon","coordinates":[[[-121.009578492981,39.3658293710566],[-121.009270115207,39.3657322890884],[-121.009184454566,39.3657494211654],[-121.008824679809,39.3656866044796],[-121.008710465578,39.3657494212148],[-121.008539144525,39.3656409179217],[-121.008550566518,39.3655780999897],[-121.008641936576,39.3655324141819],[-121.008818969218,39.3654924403975],[-121.00913305819,39.3655438359945],[-121.009338644482,39.3655438363352],[-121.009464278485,39.3655209928999],[-121.009589914975,39.3654981497355],[-121.009772657461,39.3654410427469],[-121.010010560278,39.365429147953],[-121.010115299438,39.3654239108865],[-121.010231186052,39.3653812160211],[-121.01033230628,39.3653439606472],[-121.010520623936,39.3653001655529],[-121.010577866413,39.3652868539306],[-121.010688105082,39.3652419419876],[-121.010732055747,39.3652240357256],[-121.010822043038,39.3652262307361],[-121.010966195641,39.3652297472326],[-121.011251729976,39.3651840606663],[-121.011611504584,39.3651326653551],[-121.011834221889,39.3650926898369],[-121.012074071751,39.3650755581714],[-121.012331054204,39.3650527148461],[-121.012399491074,39.3650500826265],[-121.012628010071,39.3650412941337],[-121.012713671104,39.3650241620481],[-121.012766370673,39.3649988656519],[-121.012856439616,39.3649556332342],[-121.013147684885,39.3648756833094],[-121.013284741521,39.3647786008337],[-121.013434356472,39.3647081936489],[-121.013575988351,39.3646415437973],[-121.013810127287,39.3645387523457],[-121.013907208749,39.3644359592519],[-121.014118504516,39.3642703476755],[-121.014375486685,39.3641789774795],[-121.014649601346,39.3640990269665],[-121.015100746204,39.3640533408763],[-121.015262877968,39.3640659203577],[-121.015763188176,39.3641047378149],[-121.016174358568,39.3640990272147],[-121.016494158535,39.3640133669654],[-121.016705454763,39.3638877309045],[-121.016559679876,39.3638769334712],[-121.016551265815,39.3638763098598],[-121.016532747839,39.3638790884071],[-121.016437051721,39.3638934422673],[-121.016271440605,39.3639219952583],[-121.015940220277,39.3639048631493],[-121.015886334856,39.363859486213],[-121.015831716689,39.363813491758],[-121.016043013224,39.3637049879204],[-121.016379944439,39.3635907740767],[-121.016728297649,39.3634936916495],[-121.017173733131,39.3633623455679],[-121.017699118458,39.3631738925912],[-121.017973231456,39.3631110749018],[-121.018333006221,39.363059679288],[-121.018778441095,39.3630939428869],[-121.019149636585,39.3631681821177],[-121.01936093325,39.3632195778485],[-121.019589361879,39.3632938179869],[-121.019920287411,39.3634427339339],[-121.019932003705,39.3634480068204],[-121.020086192603,39.3635051136931],[-121.020153075611,39.3635328767635],[-121.020388860237,39.3636307488091],[-121.020625870182,39.3637223206149],[-121.020640132193,39.3637278313053],[-121.020822874397,39.3637792282201],[-121.021062723642,39.3638192033089],[-121.021336837588,39.3639448379294],[-121.021599529461,39.3640190771848],[-121.021942172631,39.3641275807526],[-121.022376185677,39.3642532157043],[-121.022598903918,39.3642874795581],[-121.022930125167,39.3643217452696],[-121.023073223998,39.3643468499578],[-121.023255635182,39.3643788517808],[-121.023438377689,39.3644188270583],[-121.023661095327,39.3644473801097],[-121.02396376331,39.3645159087571],[-121.024215034495,39.3645615942941],[-121.024292686472,39.3645593761046],[-121.024414908212,39.3645558843706],[-121.024609071665,39.3645844369658],[-121.02474041864,39.3645844374002],[-121.024852744415,39.3645563561124],[-121.024877476244,39.3645501728904],[-121.025094482596,39.3645330413057],[-121.025260092777,39.3645273300583],[-121.025357175369,39.3644702226449],[-121.025465677426,39.3644302478454],[-121.025642710025,39.3643331661221],[-121.025876849266,39.3642189518759],[-121.025985353098,39.3641504232736],[-121.026162384547,39.3640076563718],[-121.026265177121,39.3638763098161],[-121.026482184302,39.3637221209259],[-121.026556423216,39.363607906081],[-121.026619241521,39.3634822708055],[-121.026670637512,39.3633280820698],[-121.026687770535,39.3632081569097],[-121.026642084273,39.3631796033139],[-121.026699190976,39.3630882322564],[-121.026801983421,39.3630254138662],[-121.026921908986,39.3629226222962],[-121.027041833287,39.3627969862435],[-121.027218865401,39.3627113253058],[-121.027378765125,39.3626085330135],[-121.027532953445,39.3625400039371],[-121.027709985566,39.3624315011542],[-121.027904150611,39.3623458400172],[-121.028121156595,39.3622601798827],[-121.028206818153,39.3622144937075],[-121.028435246361,39.3621688076342],[-121.028572303375,39.3620431731534],[-121.028709360449,39.3619403803067],[-121.028954920207,39.3618147452969],[-121.029160505993,39.3617976115763],[-121.029394644456,39.361814745202],[-121.029482200147,39.3618602740807],[-121.029537411987,39.3618889835804],[-121.029708733166,39.3619689343521],[-121.029920029075,39.3620374624244],[-121.03005708567,39.3620545944226],[-121.030251250001,39.3621345443031],[-121.030559628977,39.362237336871],[-121.030713817916,39.362391525849],[-121.030616735684,39.3625000293763],[-121.030479679344,39.3626028217498],[-121.03028551439,39.362717035936],[-121.030028532659,39.3628198293795],[-121.02989280949,39.3629159657903],[-121.029891475858,39.3629169106522],[-121.029777262046,39.3630254138683],[-121.029600229959,39.3631396283433],[-121.029360380011,39.3631738933748],[-121.029131951602,39.3632138676416],[-121.029021183175,39.3632455159687],[-121.028972052376,39.3632595533846],[-121.028679682126,39.3632775448126],[-121.028600855478,39.3632823962064],[-121.028458089121,39.3633851892576],[-121.028269634974,39.3634594282847],[-121.028081182389,39.3635279554704],[-121.027961256942,39.3636478808243],[-121.027887018187,39.363739253224],[-121.027818489515,39.3638934417284],[-121.027584350959,39.3640704737298],[-121.027458714777,39.364258926668],[-121.027361632914,39.3644074050833],[-121.027270262218,39.3645501728964],[-121.027207808436,39.3646864351803],[-121.027207444299,39.3646872298661],[-121.027104651044,39.3648528397268],[-121.026956172725,39.3650070288388],[-121.026841958862,39.3651440863341],[-121.02665921617,39.365264010527],[-121.026533581464,39.3653610933641],[-121.026288019546,39.3655381247247],[-121.025831163564,39.3655038610382],[-121.025517075177,39.365498149561],[-121.025282936496,39.3654638860179],[-121.024963136328,39.3654410428806],[-121.02474041939,39.3654638856859],[-121.024494858548,39.3654867291804],[-121.024409141918,39.3655126049884],[-121.024192191564,39.3655781003177],[-121.024020869871,39.3655838106965],[-121.02371249208,39.3655095717688],[-121.023455509621,39.3654524652587],[-121.023050050288,39.3654353319025],[-121.022724538749,39.3653953574315],[-121.022393318168,39.3653154079578],[-121.022193444343,39.3652583008005],[-121.021845090783,39.3651726398379],[-121.021553845221,39.3650755580721],[-121.021136963266,39.3650584263953],[-121.021133132023,39.3650316124198],[-121.021119831496,39.3649385012532],[-121.020931117386,39.3649385006096],[-121.02090282423,39.3649385008565],[-121.020657264136,39.3649613441508],[-121.020508784813,39.3649613443238],[-121.02050878539,39.3647900232479],[-121.020383149572,39.36456730464],[-121.020280356981,39.364493066193],[-121.020148929119,39.3644374607649],[-121.020131878771,39.3644302482454],[-121.019954846557,39.3643274548653],[-121.01971499737,39.3642703480345],[-121.019515122309,39.3642189516753],[-121.019429461749,39.3641332914409],[-121.019024001901,39.3641332909507],[-121.018767020369,39.3641504231776],[-121.018634414452,39.3641440066993],[-121.018412956327,39.3641332909389],[-121.018104577694,39.3641332911589],[-121.017961809796,39.3642132408632],[-121.017608505825,39.3643079420392],[-121.017407872443,39.3643617203511],[-121.017128046446,39.3644359587778],[-121.016901772004,39.3644606426755],[-121.016813957833,39.364470222775],[-121.016545555068,39.3644930658675],[-121.016305704835,39.3645159094683],[-121.016065855825,39.3645615943375],[-121.015826005683,39.3646244118002],[-121.015811133247,39.3646279351891],[-121.015608999151,39.36467580825],[-121.01538723669,39.3647380573493],[-121.015283488731,39.3647671796093],[-121.015117242291,39.3647993568652],[-121.014929425071,39.3648357076256],[-121.014609626277,39.3649213689852],[-121.014432593958,39.3649727654184],[-121.014204165438,39.365047003798],[-121.013861522436,39.3651383758919],[-121.013655937921,39.3652126147608],[-121.013518881492,39.3653039856977],[-121.013319006545,39.3654296219604],[-121.013199081469,39.3655209931724],[-121.013126163215,39.365593911058],[-121.013079155956,39.365640917966],[-121.012947809709,39.3657608431942],[-121.012839307246,39.3658350819539],[-121.012759357204,39.3657551316765],[-121.012639432429,39.365680893004],[-121.012593458674,39.3656736344058],[-121.012530927513,39.3656637611007],[-121.012484749406,39.365658483162],[-121.012331053541,39.3656409179419],[-121.012251573293,39.3656292291307],[-121.012224600936,39.365625262658],[-121.012136889972,39.3656123642243],[-121.011714296817,39.3656466289685],[-121.01148586881,39.3657037359857],[-121.011248268129,39.3656861363452],[-121.011177490576,39.3656808934835],[-121.010800584339,39.365743711296],[-121.010644174319,39.3657934767825],[-121.010549313425,39.3658236601265],[-121.010172406688,39.3658636351675],[-121.009909714282,39.3658864780286],[-121.009578492981,39.3658293710566]]]},"properties":{"OBJECTID":9249,"State":"California","State_Abbrv":"CA","County":"Nevada","Ftr_Type":"Gravel Pit","Ftr_Name":null,"Topo_Name":"Nevada City","Topo_Date":"1995","Topo_Scale":"24000","Shape__Area":2.0784722437383607e-05,"Shape__Length":0.050571776132207744}},{"type":"Feature","id":9250,"geometry":{"type":"Polygon","coordinates":[[[-120.121696096448,39.3409345479269],[-120.121562418529,39.3409204770706],[-120.121407635391,39.3409767614689],[-120.121309137193,39.341033046734],[-120.121126209859,39.3410400819355],[-120.120922176482,39.3409556549337],[-120.120797306483,39.3408588759964],[-120.120629793399,39.3408512618817],[-120.120207200598,39.3408969473674],[-120.119723694089,39.3409350187573],[-120.119438159,39.3409730901206],[-120.11909170938,39.3410416191198],[-120.118985108975,39.3410416185841],[-120.11887089536,39.3409959332989],[-120.11881759505,39.3409197900088],[-120.118825209714,39.3408246122349],[-120.118825210244,39.3407180121637],[-120.11876429517,39.3405543047127],[-120.118707188008,39.3403715617959],[-120.118539674522,39.3401507482487],[-120.118257945931,39.3399299336143],[-120.118048553947,39.3397433852399],[-120.118018096341,39.3396177492616],[-120.118044746045,39.3393969347951],[-120.118056168258,39.3390923635836],[-120.118162767962,39.3387154584617],[-120.118299824709,39.3382129149145],[-120.118368353229,39.3377522518233],[-120.118474953377,39.3374781376148],[-120.118474953197,39.3372497101036],[-120.118414038706,39.3371316881963],[-120.11830743905,39.3370707742133],[-120.118174189349,39.3370212806792],[-120.118014289381,39.3368728027753],[-120.117922917622,39.3366976748012],[-120.117945760825,39.3363321891721],[-120.1180942388,39.3358715262106],[-120.118193224714,39.3356392896775],[-120.118398810092,39.3352547689409],[-120.118577745901,39.3350034977092],[-120.118737644568,39.3348854768861],[-120.119015567135,39.334794105749],[-120.119563793875,39.3347141557965],[-120.120161515448,39.3346570488341],[-120.120671670999,39.3346227846328],[-120.121318884525,39.3345961346751],[-120.122046047946,39.334573292383],[-120.122512422488,39.3345390282587],[-120.122946435973,39.334584712711],[-120.123365221276,39.3346722771135],[-120.123574614372,39.3347826840503],[-120.123582227622,39.3353613692126],[-120.123578421198,39.3359971605333],[-120.123567575886,39.3365443108556],[-120.12356757596,39.3372760167372],[-120.123553504639,39.3380710442382],[-120.123532397203,39.3387323943842],[-120.123490183789,39.3392741379882],[-120.123476112307,39.3399003093241],[-120.123440933615,39.3406249799752],[-120.123426863142,39.3408430852698],[-120.123321328467,39.3409345476854],[-120.123110258775,39.3410471181604],[-120.122779583954,39.3411878306729],[-120.122589622169,39.3412581871918],[-120.122455945636,39.3412581872733],[-120.122251911699,39.3411807954811],[-120.122012700167,39.3410822957761],[-120.121822737944,39.3409908334221],[-120.121696096448,39.3409345479269]]]},"properties":{"OBJECTID":9250,"State":"California","State_Abbrv":"CA","County":"Nevada","Ftr_Type":"Gravel Pit","Ftr_Name":null,"Topo_Name":"Martis Peak","Topo_Date":"1992","Topo_Scale":"24000","Shape__Area":3.32792856170272e-05,"Shape__Length":0.02278358456417605}},{"type":"Feature","id":9251,"geometry":{"type":"Polygon","coordinates":[[[-120.215209281927,39.3195959163625],[-120.215780352501,39.3195483271787],[-120.216047122693,39.3195904889647],[-120.21607783563,39.319595343116],[-120.216196758808,39.319548327008],[-120.216266604171,39.3195208117844],[-120.216589370595,39.3193936620704],[-120.217005774641,39.319191407989],[-120.217264161289,39.3190783635739],[-120.217779534889,39.3188146123955],[-120.217898072541,39.3187512077494],[-120.218326376171,39.3185846450105],[-120.218766576176,39.3184299803146],[-120.219182982233,39.3183110071078],[-120.219266263408,39.3182872133811],[-120.219718360928,39.3180849586121],[-120.220134767179,39.3179659861045],[-120.220337471969,39.3179080710234],[-120.221027064002,39.3176447581909],[-120.221419675244,39.3174781963178],[-120.221838554384,39.3174083827038],[-120.221847977795,39.317406811838],[-120.222139617503,39.3173180522056],[-120.222532072813,39.3171986088116],[-120.222621302522,39.3171688658272],[-120.223085298495,39.3170142013058],[-120.223549293351,39.3169190229538],[-120.224037083058,39.3167643576599],[-120.224536769245,39.3165977949511],[-120.224828353215,39.3165662726561],[-120.224976969803,39.3165502056057],[-120.225405273161,39.3165621037714],[-120.225785985612,39.3166215899122],[-120.226142906241,39.3167643575687],[-120.226314291038,39.3168187003123],[-120.226630695027,39.3169190230079],[-120.227142278524,39.3170379956471],[-120.227713350219,39.317228352664],[-120.227837542115,39.3172387022206],[-120.228141652953,39.3172640446064],[-120.228522367288,39.3172164548438],[-120.228736517508,39.3171450706402],[-120.229141026281,39.317097482073],[-120.229521739974,39.317085585089],[-120.229842967197,39.3170974815951],[-120.230116605133,39.3170974821762],[-120.230425935121,39.3171093803109],[-120.23074716338,39.3171093796193],[-120.231044595597,39.3170142011977],[-120.231425308452,39.3167881517092],[-120.231817919649,39.3166929743455],[-120.232151044787,39.3165977954968],[-120.232273652791,39.3166294361254],[-120.232519860531,39.3166929736995],[-120.232995752899,39.3168119467276],[-120.233459747608,39.3170142010455],[-120.233947537549,39.317156969311],[-120.234411532906,39.3173354275888],[-120.234863630493,39.3174306067934],[-120.235303830341,39.3176447581172],[-120.235339521859,39.3178589103005],[-120.235244344472,39.3182158288983],[-120.235098800369,39.318579690478],[-120.235077781912,39.3186322347968],[-120.234839836036,39.3186560286148],[-120.234566197553,39.3187036176298],[-120.234209278232,39.3187512079772],[-120.233888051362,39.3187512075675],[-120.233447850865,39.3187750022457],[-120.233043342545,39.3187750021162],[-120.232638834218,39.3187987966898],[-120.232293812353,39.3187987969622],[-120.231901201074,39.3187750022181],[-120.23179175854,39.3187275766945],[-120.231544282302,39.3186203368836],[-120.231282541173,39.3185013638945],[-120.231104082162,39.3185965433817],[-120.231068390089,39.3189534620534],[-120.231020800844,39.3192271003977],[-120.231020800892,39.319691095323],[-120.230878033139,39.3199052460204],[-120.230842341262,39.3201431922103],[-120.230747162981,39.3204763170075],[-120.230544907789,39.3206666744828],[-120.230437833025,39.3208570308555],[-120.230247476161,39.3211306693644],[-120.230075153938,39.3213374540245],[-120.23006901574,39.3213448199339],[-120.230064998585,39.3213418070506],[-120.229926248506,39.3212377441331],[-120.229723993502,39.321237743776],[-120.229486048045,39.3213805117551],[-120.229248102341,39.3216303552213],[-120.229045847789,39.3218326098985],[-120.228930506288,39.3219415443894],[-120.228831696425,39.3220348640021],[-120.228617545394,39.3222728097213],[-120.228490728091,39.3222903015266],[-120.228272522661,39.3223203992392],[-120.227983331107,39.3223360313431],[-120.22745160884,39.3223917828626],[-120.226940024883,39.3223798856772],[-120.226684217903,39.32236526776],[-120.226523619203,39.3223560913839],[-120.22614290552,39.3223322963453],[-120.226026739466,39.3223135601892],[-120.22577408941,39.3222728102222],[-120.225488554159,39.3222252214279],[-120.225100878582,39.3221937884199],[-120.225048352804,39.322189529473],[-120.224655741771,39.3222252209635],[-120.224251233919,39.3222490152275],[-120.224128245218,39.3222395547289],[-120.223941904099,39.3222252205786],[-120.22372775316,39.3220824531448],[-120.223706857384,39.3217585767569],[-120.223703958168,39.3217136371879],[-120.223596258449,39.3216907908284],[-120.223311347517,39.3216303550062],[-120.223042145618,39.321621071813],[-120.222966324756,39.321618458311],[-120.22249043325,39.3215708685137],[-120.221895568438,39.3215351768391],[-120.221372085946,39.3215113818785],[-120.220801015724,39.3214399986305],[-120.220301329549,39.3213924088658],[-120.219847071377,39.3213318420195],[-120.219765950034,39.3213210264515],[-120.219349544361,39.321285333968],[-120.218849858157,39.3212496423533],[-120.218629466497,39.3212386219207],[-120.218373964715,39.3212258471804],[-120.218350107996,39.3212358922641],[-120.218220175762,39.3213742057181],[-120.218136019496,39.3214637933253],[-120.217493564726,39.3215708691087],[-120.21711285091,39.3216303549356],[-120.216791624061,39.3216303549638],[-120.216363321118,39.3214875882972],[-120.216125375209,39.3214043070832],[-120.216049284109,39.3213486007343],[-120.2157801045,39.3211515357664],[-120.215268890435,39.3211051828889],[-120.215126001649,39.3210949772803],[-120.214709595093,39.3211425655644],[-120.214245600607,39.321237743942],[-120.213781605788,39.3213329231856],[-120.213757811429,39.3213210262666],[-120.213781605991,39.3209997978128],[-120.213793503502,39.3206785707307],[-120.213805399775,39.3203573438991],[-120.213809123486,39.3203070861963],[-120.213829195533,39.3200361170191],[-120.21404334553,39.3199647330698],[-120.214424059847,39.3198814521738],[-120.214484270182,39.319876569891],[-120.214730411182,39.3198566125332],[-120.214763412352,39.3198386470273],[-120.215209281927,39.3195959163625]]]},"properties":{"OBJECTID":9251,"State":"California","State_Abbrv":"CA","County":"Nevada","Ftr_Type":"Gravel Pit","Ftr_Name":null,"Topo_Name":"Truckee","Topo_Date":"1969, 1992","Topo_Scale":"24000","Shape__Area":7.288449205589131e-05,"Shape__Length":0.04942221673299159}},{"type":"Feature","id":9594,"geometry":{"type":"Polygon","coordinates":[[[-121.092529446571,39.3261128502145],[-121.092636046776,39.3260214791537],[-121.092773104547,39.3259681789699],[-121.092894931728,39.3259301075998],[-121.093001532037,39.3259148786985],[-121.093108132363,39.3259377214876],[-121.093245188392,39.3259834077441],[-121.093351788705,39.3260747787192],[-121.093511687654,39.3260595503835],[-121.093656359573,39.3259910218076],[-121.093762958373,39.3259605647298],[-121.093877173679,39.3259681794257],[-121.093801031097,39.3261280793402],[-121.093641130988,39.3262270635744],[-121.093511688096,39.3262803641926],[-121.093405087859,39.3263184356016],[-121.093283259627,39.3263793497773],[-121.093146202862,39.3265316350785],[-121.092993918008,39.3266382346541],[-121.092849246543,39.3267296068967],[-121.092735031709,39.3268133640887],[-121.092506603799,39.326881892042],[-121.092301018725,39.3269047351779],[-121.092247719401,39.3268057491431],[-121.092278175534,39.326607777845],[-121.092316247015,39.326432649893],[-121.092354318308,39.3263260501029],[-121.092430461292,39.3262118359009],[-121.092529446571,39.3261128502145]]]},"properties":{"OBJECTID":9594,"State":"California","State_Abbrv":"CA","County":"Nevada","Ftr_Type":"Gravel/Borrow Pit - Undifferentiated","Ftr_Name":null,"Topo_Name":"Nevada City","Topo_Date":"1995","Topo_Scale":"24000","Shape__Area":8.188412721210625e-07,"Shape__Length":0.004248495911860931}},{"type":"Feature","id":9595,"geometry":{"type":"Polygon","coordinates":[[[-121.028322063156,39.3767158886508],[-121.028310642214,39.3765445678383],[-121.028339194902,39.3763846678966],[-121.028362037631,39.3762304789537],[-121.028470542035,39.3760877112098],[-121.028539069778,39.3759906294855],[-121.028698969704,39.375767911331],[-121.028796052076,39.3756137217575],[-121.028927397783,39.3754937982399],[-121.029018768623,39.3754081372916],[-121.029172958183,39.3752882120718],[-121.02929859372,39.3752253942801],[-121.029469914506,39.375236815947],[-121.029544153441,39.3752539478503],[-121.029646947419,39.3753624509018],[-121.029732607912,39.3755109300794],[-121.029761161078,39.3756308549279],[-121.029795424859,39.3758078862501],[-121.029784004574,39.3759449430604],[-121.029744028903,39.3760591575822],[-121.029721186439,39.3761847931575],[-121.029698342345,39.3763275608163],[-121.029629815403,39.3764417750379],[-121.02954986486,39.3765502775924],[-121.029487046471,39.3766359388162],[-121.029372833474,39.3766930457795],[-121.029235776595,39.3767330211825],[-121.029127273042,39.3767501534094],[-121.029070165556,39.3767330210371],[-121.028984504803,39.3767158886711],[-121.028893134318,39.3767672848252],[-121.028858870305,39.3768129706729],[-121.028853159286,39.3768757892314],[-121.028853158932,39.3769328956753],[-121.02885315851,39.3769842918665],[-121.028784630287,39.377018556229],[-121.028687548515,39.3770471102648],[-121.028596176548,39.3770699532152],[-121.028521937498,39.377035687791],[-121.028430567278,39.3769614493509],[-121.028362037555,39.3768129706614],[-121.028322063156,39.3767158886508]]]},"properties":{"OBJECTID":9595,"State":"California","State_Abbrv":"CA","County":"Nevada","Ftr_Type":"Gravel/Borrow Pit - Undifferentiated","Ftr_Name":null,"Topo_Name":"Camptonville","Topo_Date":"1995","Topo_Scale":"24000","Shape__Area":1.7430211300961673e-06,"Shape__Length":0.0052616415779610974}},{"type":"Feature","id":9596,"geometry":{"type":"Polygon","coordinates":[[[-121.106954870388,39.3193246219106],[-121.107225697028,39.3192327353002],[-121.107327256929,39.3192569155917],[-121.107486852535,39.3191650279546],[-121.107602919863,39.3190634679338],[-121.107685135221,39.3189522360815],[-121.107743169878,39.3188361672648],[-121.107772187003,39.3186910818862],[-121.107844729856,39.3184927976274],[-121.107907600108,39.3182558250455],[-121.107999487548,39.3181107392883],[-121.108110720356,39.3179559805608],[-121.108473433732,39.3176464647973],[-121.108734588502,39.317453017084],[-121.109039267715,39.3172450610316],[-121.109324603141,39.3170225969193],[-121.109513214623,39.3168920194546],[-121.109696989627,39.3167711147951],[-121.109861420408,39.3167759510368],[-121.109808221457,39.3168823468963],[-121.109706662186,39.3169645622372],[-121.109643791485,39.3170854670873],[-121.109643791568,39.317191863041],[-121.109629283292,39.3172885865425],[-121.109600266227,39.3174191638319],[-121.109556739528,39.317540068888],[-121.10950837817,39.3175981028237],[-121.109440671543,39.3176609727391],[-121.109343948479,39.317772206204],[-121.109252060819,39.3178640933815],[-121.109198862055,39.3179849979476],[-121.10919402553,39.3181010669961],[-121.109179517659,39.3182268079479],[-121.109135991903,39.3183283669868],[-121.109053776379,39.3183815659096],[-121.108899018553,39.318410582676],[-121.108695898594,39.3184782891769],[-121.108560485708,39.3185314873559],[-121.108352528636,39.3186137034662],[-121.108279987533,39.3186765728223],[-121.108178426806,39.3188264948384],[-121.107999488293,39.3189473994927],[-121.107830221239,39.3190634681236],[-121.107694808348,39.3191456826242],[-121.107588411566,39.3192375711872],[-121.107433654544,39.3193439669469],[-121.107211188733,39.3195083984374],[-121.107075776167,39.3196244655596],[-121.106998396836,39.3197356978182],[-121.106862982985,39.3198517666717],[-121.106635681672,39.319958163029],[-121.106301985454,39.3201951359416],[-121.106200425222,39.3203595670033],[-121.105973124446,39.320553013959],[-121.105774840719,39.3206980999133],[-121.105634591091,39.3208528578347],[-121.105383110191,39.3210849949775],[-121.105247696582,39.3212204081192],[-121.105102610662,39.3213848387836],[-121.104952688987,39.3214912348985],[-121.104793095017,39.3215879589141],[-121.104686698287,39.3216895193993],[-121.104449725459,39.3218926389749],[-121.104314312012,39.3218587851638],[-121.104256278165,39.3217862420871],[-121.104304639793,39.3216363206246],[-121.104435217469,39.3214477090913],[-121.104614156335,39.3212590976154],[-121.104788257672,39.3211478647658],[-121.10500588715,39.3208915465514],[-121.105209006976,39.3206932637724],[-121.105499177979,39.3205288329907],[-121.105731315471,39.3203644028829],[-121.105973125184,39.3202580066459],[-121.106200424554,39.3200742319935],[-121.106418053895,39.3198469309252],[-121.106587320585,39.3197018448118],[-121.106659862984,39.3195470870647],[-121.106804948459,39.3194261818885],[-121.106954870388,39.3193246219106]]]},"properties":{"OBJECTID":9596,"State":"California","State_Abbrv":"CA","County":"Nevada","Ftr_Type":"Gravel/Borrow Pit - Undifferentiated","Ftr_Name":null,"Topo_Name":"Nevada City","Topo_Date":"1995","Topo_Scale":"24000","Shape__Area":2.965809471788816e-06,"Shape__Length":0.01583362627193932}},{"type":"Feature","id":9642,"geometry":{"type":"Polygon","coordinates":[[[-121.033470235157,39.3743036795103],[-121.033635844628,39.3742522836253],[-121.033915670561,39.374275126985],[-121.034218336893,39.374435026728],[-121.034383947656,39.3746234800839],[-121.034503873091,39.3747376937238],[-121.034559392526,39.3748931483382],[-121.032262443577,39.3748931662927],[-121.03240804339,39.374800512123],[-121.032487993407,39.374749116319],[-121.032716420574,39.3746063480129],[-121.032927717703,39.3745092657141],[-121.033139014546,39.3744350271068],[-121.033470235157,39.3743036795103]]]},"properties":{"OBJECTID":9642,"State":"California","State_Abbrv":"CA","County":"Nevada","Ftr_Type":"Hydraulic Mine","Ftr_Name":null,"Topo_Name":"Nevada City","Topo_Date":"1995","Topo_Scale":"24000","Shape__Area":9.296754797105677e-07,"Shape__Length":0.005024782617153057}},{"type":"Feature","id":9643,"geometry":{"type":"Polygon","coordinates":[[[-121.034583821899,39.3737840057179],[-121.034458186845,39.3737725854034],[-121.034366816112,39.3738011383351],[-121.03425260075,39.3738639557966],[-121.034144097596,39.3739153518117],[-121.03405272717,39.3739439062375],[-121.033955645483,39.3739553271744],[-121.033875695059,39.3739210627533],[-121.033795744802,39.3738982198722],[-121.033635844638,39.3738867987292],[-121.033510210177,39.3739267740721],[-121.033418838291,39.373932485084],[-121.033298912703,39.3738925100555],[-121.033167566601,39.3738011376485],[-121.033099038769,39.373732610103],[-121.033024800491,39.373664080896],[-121.033013377761,39.3735213141836],[-121.033007666638,39.3733899667806],[-121.033053353227,39.3732700430036],[-121.033121882439,39.3731615388372],[-121.033173277571,39.373070167716],[-121.033447392041,39.3730244819963],[-121.033624424273,39.3730073495124],[-121.033732926867,39.3729159787193],[-121.03379003416,39.3728531610389],[-121.033909959076,39.3728246066873],[-121.034058437346,39.3728017647268],[-121.034189783757,39.3727846328941],[-121.03427544417,39.3728931358593],[-121.034281154345,39.3730016387517],[-121.034343973473,39.3730815891036],[-121.034446764623,39.3731158540581],[-121.034515294067,39.373138695988],[-121.034606665051,39.3732015139383],[-121.034606665236,39.3732643315006],[-121.03466377146,39.3733157280448],[-121.034732301108,39.3733557027874],[-121.034835094041,39.3733614135337],[-121.034897910863,39.3733557033355],[-121.035000704081,39.3733557026038],[-121.035052099593,39.37346420671],[-121.035063522105,39.3735784213641],[-121.03512062893,39.3736697920929],[-121.035257686231,39.3737040560118],[-121.035360479457,39.3737154776679],[-121.035371900378,39.3738068484912],[-121.035286238661,39.3738696671282],[-121.035160603711,39.3739439056921],[-121.035126340455,39.3740238563436],[-121.035092075087,39.3740923839052],[-121.034994992499,39.3741437811397],[-121.034852225945,39.3742008881204],[-121.034772276329,39.3742123086834],[-121.034675194206,39.3740923836813],[-121.034629507516,39.3740181453298],[-121.034612375855,39.3739153523835],[-121.034606664943,39.3738354031409],[-121.034583821899,39.3737840057179]]]},"properties":{"OBJECTID":9643,"State":"California","State_Abbrv":"CA","County":"Nevada","Ftr_Type":"Hydraulic Mine","Ftr_Name":null,"Topo_Name":"Nevada City","Topo_Date":"1995","Topo_Scale":"24000","Shape__Area":1.826853349484736e-06,"Shape__Length":0.006478044758538881}},{"type":"Feature","id":9644,"geometry":{"type":"Polygon","coordinates":[[[-121.02355709437,39.3620977678229],[-121.023465722728,39.3620920577649],[-121.023317244454,39.3621320333547],[-121.023140212314,39.3622405360905],[-121.023094527127,39.362309064129],[-121.023014576787,39.3623033537564],[-121.022900363408,39.362229114673],[-121.022774727333,39.3620977678071],[-121.022637669409,39.3619664218552],[-121.022386399348,39.3619264469843],[-121.022192234617,39.3619378693532],[-121.021998070493,39.3619264470551],[-121.021861013723,39.3619435794782],[-121.021678270725,39.3619435789939],[-121.021535504473,39.3619321582307],[-121.021204282665,39.3619264474786],[-121.020793112044,39.3619093146834],[-121.020598947735,39.3618693397563],[-121.020376229618,39.3617836793976],[-121.020227751535,39.3617094397285],[-121.020119249076,39.3616694651435],[-121.020136380733,39.3615723828505],[-121.020284858861,39.3614981441121],[-121.020581815534,39.3614810122071],[-121.020753137348,39.3614867229701],[-121.020861640388,39.3615038545948],[-121.020992986831,39.3614581686924],[-121.021198571852,39.3613725094435],[-121.021341340573,39.3613211120432],[-121.021427000402,39.3612525836574],[-121.021575479143,39.361201187053],[-121.021632585915,39.3611383699711],[-121.02176393214,39.3610412882249],[-121.021958096007,39.3609556271306],[-121.02214083903,39.3608585451766],[-121.022272184455,39.3607785950771],[-121.022403530873,39.3607271989617],[-121.022563430646,39.3607100673395],[-121.022660512758,39.3607443312275],[-121.02254629948,39.3608357021764],[-121.022409242018,39.3609327841882],[-121.022300738082,39.3610298661625],[-121.022203655515,39.361075552245],[-121.022197946295,39.3611555021023],[-121.022335002833,39.3612183201983],[-121.022443506023,39.3612183199924],[-121.022597694897,39.3612068977689],[-121.022791859136,39.361178344947],[-121.023105948079,39.3611041051643],[-121.023260136524,39.3610812627593],[-121.02353425099,39.3610469983073],[-121.023836918565,39.3609556268869],[-121.02415100663,39.3609384951415],[-121.024328038518,39.3609670480135],[-121.024407989111,39.3610412875705],[-121.02423095727,39.3611497907953],[-121.024019660625,39.361224030257],[-121.02389402619,39.3612868481618],[-121.023848340058,39.361355376923],[-121.023831208282,39.3614010619287],[-121.023859760977,39.3614981439575],[-121.024071056706,39.3615095659494],[-121.024328038408,39.3615095658872],[-121.024642127712,39.361503855316],[-121.024904820551,39.3615495408886],[-121.025047588352,39.3616580443817],[-121.02508756317,39.3617379937946],[-121.025150381128,39.3618065215348],[-121.025378808724,39.3619036043232],[-121.025670055309,39.3618807621833],[-121.025812822468,39.3619036040755],[-121.026041251117,39.3618579187112],[-121.026121200636,39.361817943816],[-121.026246836663,39.3618464974371],[-121.026446710855,39.3618636289565],[-121.026578057479,39.3618807617558],[-121.02681790681,39.3619550011539],[-121.026914989181,39.36208634715],[-121.027000650082,39.3622176925553],[-121.026880724617,39.3622633795261],[-121.026646586549,39.3621948499702],[-121.026246837068,39.3621263221901],[-121.026029830052,39.3621148999808],[-121.025772847461,39.3620977680866],[-121.025590104551,39.3621149001119],[-121.025418784111,39.36222911483],[-121.0252531745,39.3623261966959],[-121.025138959461,39.3624689640879],[-121.024984771041,39.3625603360637],[-121.024727788996,39.36260602098],[-121.024413699387,39.3625774679643],[-121.024328038628,39.3625374926773],[-121.024259510585,39.3624175682884],[-121.024139585607,39.362263378659],[-121.023973974733,39.3622234036597],[-121.023854050768,39.3621662966861],[-121.023728415279,39.3621263221482],[-121.02355709437,39.3620977678229]]]},"properties":{"OBJECTID":9644,"State":"California","State_Abbrv":"CA","County":"Nevada","Ftr_Type":"Hydraulic Mine","Ftr_Name":"Cherokee Diggings","Topo_Name":"Nevada City","Topo_Date":"1995","Topo_Scale":"24000","Shape__Area":4.781772531714523e-06,"Shape__Length":0.017538226059881524}},{"type":"Feature","id":9645,"geometry":{"type":"Polygon","coordinates":[[[-121.019401019574,39.3605985203518],[-121.019175048514,39.3605187656627],[-121.019135171495,39.3603791952188],[-121.019035478037,39.360259562603],[-121.01885603062,39.3602196860577],[-121.018643350814,39.3602994404365],[-121.018364209563,39.3604057801534],[-121.018105005765,39.3604788876222],[-121.017839156359,39.3605187657917],[-121.017626478202,39.3604988268323],[-121.017420445042,39.3604921805378],[-121.017207765915,39.3604190717225],[-121.017081487606,39.3603326710975],[-121.017034964559,39.3601864542193],[-121.016722590668,39.3601465771303],[-121.016556436152,39.3601731618059],[-121.016383633992,39.3602196863976],[-121.016177601264,39.3602927938312],[-121.015878520232,39.3603459642992],[-121.015925044322,39.3601798082786],[-121.016071261115,39.3599538356236],[-121.016151016279,39.3598076201371],[-121.016197539432,39.3596813409453],[-121.016244063064,39.3595284779215],[-121.01636369464,39.3593423843477],[-121.016489973219,39.3591429966434],[-121.016636189757,39.3590167187344],[-121.016948563155,39.3588904400675],[-121.017101426186,39.3587442231856],[-121.017201118693,39.3586179453685],[-121.017221058126,39.3584384969883],[-121.017214412535,39.3583321568599],[-121.01736062904,39.3582125246366],[-121.017659708942,39.3581792938448],[-121.017845802558,39.3581527094476],[-121.018138237142,39.3580796007045],[-121.0182578685,39.3579998457196],[-121.018443963938,39.3578270437088],[-121.018636703588,39.3577207048089],[-121.018736398169,39.3576808269354],[-121.018909199905,39.35760771932],[-121.019082001659,39.3575279642644],[-121.019248157255,39.357454854842],[-121.019401020321,39.3574349171203],[-121.019560529624,39.3574349171282],[-121.019733332347,39.3574216238142],[-121.019866256312,39.35738174719],[-121.019926072083,39.3573418699508],[-121.020105519656,39.3571757143798],[-121.020258382464,39.3571624217169],[-121.020464416499,39.3571823601713],[-121.020584049645,39.3572421763104],[-121.020743558125,39.3573418702386],[-121.02097617548,39.3573883929784],[-121.021301841023,39.3574615020143],[-121.021514520279,39.3575013789797],[-121.021687322457,39.3574947329775],[-121.021953170586,39.3576143654388],[-121.022192435286,39.3577007655439],[-121.02230542135,39.3577605815177],[-121.022371882862,39.3578336895817],[-121.022285482526,39.3581327711368],[-121.022285481508,39.3583388036915],[-121.022285481928,39.3585248980919],[-121.022245604521,39.3586112989217],[-121.022245605554,39.3587508702615],[-121.022345298367,39.3588239781162],[-121.022464931608,39.3589037330658],[-121.022644378561,39.3589037330736],[-121.022810533829,39.3589502564338],[-121.022989981785,39.3590034259941],[-121.023129552892,39.3590167190124],[-121.02327576989,39.3590167194436],[-121.023448572223,39.3590632419783],[-121.02362137355,39.3591496431972],[-121.023787529456,39.3592825681251],[-121.023927100478,39.3593756150533],[-121.024013500837,39.3594886007684],[-121.024212888286,39.3595550634036],[-121.024285996965,39.3595816478362],[-121.024359104951,39.3596746954389],[-121.024285996957,39.35975444991],[-121.024046732521,39.3598142657959],[-121.023867284159,39.3598607889379],[-121.023721067272,39.3599338980657],[-121.023687835471,39.3600003599565],[-121.023588143308,39.3600801152765],[-121.023428633243,39.3601399313613],[-121.023275770314,39.3601266379311],[-121.02314284597,39.3601665157985],[-121.022976689342,39.3602396237352],[-121.022777302414,39.3602728548568],[-121.02249151488,39.3602861479283],[-121.02231206677,39.3603260248458],[-121.022066156846,39.3603592564212],[-121.021853478112,39.3603526097717],[-121.021707261054,39.360326024875],[-121.021561044386,39.3603459635306],[-121.021388242075,39.3603791948436],[-121.021182209076,39.3604190719914],[-121.021009407009,39.3603725486523],[-121.020883129182,39.3603725492323],[-121.020736911401,39.3603592558897],[-121.020590695008,39.3603791951312],[-121.020477708989,39.360445657301],[-121.020271675941,39.3605652894284],[-121.020152043724,39.3605852282577],[-121.019985888031,39.3605852282761],[-121.019759917272,39.360578581967],[-121.019593760969,39.3605852278094],[-121.019401019574,39.3605985203518]]]},"properties":{"OBJECTID":9645,"State":"California","State_Abbrv":"CA","County":"Nevada","Ftr_Type":"Hydraulic Mine","Ftr_Name":"Cherokee Diggings","Topo_Name":"Nevada City","Topo_Date":"1995","Topo_Scale":"24000","Shape__Area":1.7545512946526287e-05,"Shape__Length":0.020633851131306252}},{"type":"Feature","id":9646,"geometry":{"type":"Polygon","coordinates":[[[-121.030814756163,39.373184381725],[-121.030871862959,39.3731329857056],[-121.030951812992,39.3730473252834],[-121.031100292083,39.3730587459727],[-121.031277323076,39.3730930108347],[-121.031437223023,39.373144406729],[-121.031568568654,39.3731444071376],[-121.031671361692,39.3731101426604],[-121.031779865538,39.373041614155],[-121.03183126167,39.3729445324811],[-121.031802707728,39.3728588724939],[-121.031734179684,39.3727617903983],[-121.031677072585,39.3727103932183],[-121.031591412122,39.3726361539322],[-121.031505752087,39.3725162293363],[-121.031391538428,39.3724477012304],[-121.031334430095,39.3724191473027],[-121.031260191335,39.3724077263273],[-121.031134555777,39.3724077258152],[-121.031066027074,39.3724191467916],[-121.031008920415,39.3724248578705],[-121.030906127536,39.3724134367765],[-121.030786203068,39.3723734617696],[-121.030660566955,39.3723791721202],[-121.030563485066,39.372402015048],[-121.030500667154,39.372424857944],[-121.030323635477,39.372419146731],[-121.030146603466,39.3723563297562],[-121.030003835545,39.3722306941399],[-121.029912464799,39.3721393233977],[-121.029838224429,39.3719794228297],[-121.029775407721,39.3718823410561],[-121.029638351063,39.3717509948437],[-121.029569821833,39.3717110199732],[-121.029638351053,39.3716596231012],[-121.029843935594,39.3716482016758],[-121.029998124566,39.3716310698428],[-121.030112339518,39.3716253592284],[-121.030197999412,39.3715568309565],[-121.030260818153,39.3714597487061],[-121.030346478245,39.3712427417829],[-121.030363609399,39.3711570807676],[-121.030420716928,39.3710428668297],[-121.03047211429,39.3709457846757],[-121.030523509982,39.370837282248],[-121.030534931739,39.3707230677966],[-121.030517798731,39.3706431180756],[-121.030483534532,39.370631695827],[-121.030437849557,39.3705745887648],[-121.030312214394,39.3705003497229],[-121.030192289377,39.3704489535155],[-121.030095207081,39.3703804248212],[-121.030066654577,39.3703061863093],[-121.030112338971,39.3702605002164],[-121.030249395462,39.3702148148027],[-121.030380742584,39.37017484032],[-121.030477825139,39.3700948902828],[-121.030557774671,39.3699749652172],[-121.030603460502,39.3697865121889],[-121.030734805301,39.3696780077077],[-121.030877573693,39.3695923479027],[-121.030980367476,39.3695009763076],[-121.031060316845,39.3693467870715],[-121.031037473865,39.3691811766505],[-121.030963235174,39.3690212766505],[-121.030980367141,39.3688785085891],[-121.031088870428,39.3687471628153],[-121.031197373751,39.3686557916826],[-121.031300165618,39.3685244459794],[-121.031374404542,39.3683645461302],[-121.031351562606,39.3681703821941],[-121.031294456172,39.3680390359196],[-121.031254480844,39.3678734254881],[-121.031208795446,39.3677649218295],[-121.031134556381,39.3676735494655],[-121.031071738649,39.3675536251536],[-121.031094581336,39.3674508324724],[-121.031203083764,39.3673880153755],[-121.031368694576,39.3673194866757],[-121.031534304489,39.3672452466579],[-121.03159712283,39.3671481646441],[-121.031625676904,39.3670339506722],[-121.031648519193,39.3669197371969],[-121.031659941615,39.366782680026],[-121.031688494315,39.3666684662836],[-121.031785576086,39.3666342021392],[-121.031951187132,39.3666399116278],[-121.032128218442,39.3666399120372],[-121.032305251331,39.3666284912567],[-121.032425175342,39.3665828047179],[-121.032585075131,39.3665085657428],[-121.032733553686,39.3664743021372],[-121.032859188684,39.3665199880353],[-121.032990535327,39.3664914336039],[-121.033110460031,39.3664286160947],[-121.033184698714,39.3663943521978],[-121.033395995589,39.3663772199566],[-121.033504498505,39.3663372450368],[-121.033635844526,39.3662687167133],[-121.033887115838,39.366263006141],[-121.034081280495,39.3663201128559],[-121.034195494217,39.3664114838023],[-121.034395369524,39.3665314090477],[-121.034532425718,39.3666113593666],[-121.034646639645,39.3666456229283],[-121.034829382905,39.3666855977201],[-121.035000703506,39.3668454982143],[-121.035132049526,39.3669311579102],[-121.035291950142,39.3669882660029],[-121.035491825051,39.3670396622823],[-121.035668856934,39.3670796367564],[-121.035908706483,39.3671024801356],[-121.036102869554,39.3671139009532],[-121.036348431348,39.3671196116057],[-121.036576858955,39.3671824303085],[-121.036731047783,39.3672623791672],[-121.036810997914,39.3673537508045],[-121.036885237184,39.3674279899971],[-121.037085112357,39.3675136510946],[-121.037290696692,39.3675650466359],[-121.037570521858,39.36767355031],[-121.037718999489,39.3677249470702],[-121.037867478493,39.3677991859362],[-121.037901742864,39.3678905572185],[-121.037844636131,39.3679590857435],[-121.037787528569,39.3680161926714],[-121.03763333957,39.3681132751513],[-121.037524835656,39.3681875143249],[-121.037427753938,39.3682503322604],[-121.03734780364,39.3683074391606],[-121.037227879739,39.368381677809],[-121.037153640027,39.3684444962595],[-121.03706797952,39.3685244457887],[-121.036993741073,39.3685815534416],[-121.03693092294,39.3686557923133],[-121.036793865429,39.3687700057831],[-121.036702494966,39.368867088248],[-121.036576858682,39.3689641701633],[-121.036508330188,39.3690384090902],[-121.036451222667,39.3691069376283],[-121.036394116237,39.3692097300081],[-121.036325588119,39.3692953912775],[-121.036239926953,39.3693810522212],[-121.036177110065,39.3694838438927],[-121.036085737797,39.3696151900278],[-121.035971524069,39.3697294045845],[-121.035914416613,39.369866461729],[-121.035817335559,39.3700377828895],[-121.035783070444,39.3701577080532],[-121.035685988916,39.3702605000451],[-121.035606039028,39.370351871858],[-121.035440427953,39.3704660858322],[-121.035246263683,39.3706659596134],[-121.034937886481,39.3709686276883],[-121.034760853586,39.3710428667893],[-121.034618086865,39.3710771314506],[-121.034446764812,39.3711228169257],[-121.034309709621,39.3711513712246],[-121.034166941525,39.3711913449859],[-121.034047015545,39.371231320128],[-121.03393851314,39.3713169813718],[-121.033812876349,39.3713969307939],[-121.03375577009,39.3714825907644],[-121.033692951787,39.3715454089984],[-121.033630133887,39.3716253590306],[-121.03361871274,39.3717167295997],[-121.033670109039,39.3717624159915],[-121.033652976686,39.3718252343741],[-121.033573026835,39.371899473026],[-121.033487367336,39.3719851341935],[-121.033395994894,39.3720593725757],[-121.03332746748,39.3719965548051],[-121.033293202745,39.3719280271229],[-121.03323038464,39.3718138117468],[-121.033173278259,39.3717452840649],[-121.033110460353,39.3717338628892],[-121.033036221045,39.3717452835564],[-121.032996246336,39.3717966802585],[-121.032939139318,39.37193373731],[-121.03289916422,39.3720593728775],[-121.032824924693,39.3721964297648],[-121.032744975399,39.3722592477986],[-121.032665024638,39.3723620401571],[-121.032579364386,39.3724305686474],[-121.032476572209,39.3725276511834],[-121.032385200002,39.3726190221605],[-121.03235664705,39.3727446576051],[-121.032310961124,39.3728188973437],[-121.032242432642,39.3729216894813],[-121.032162482507,39.3730301932745],[-121.032122508214,39.3731158540154],[-121.032059689478,39.373195802827],[-121.031962608021,39.3732928853033],[-121.031882658286,39.3734185205332],[-121.031762732389,39.3735555778926],[-121.03161425466,39.3736412391668],[-121.03148290957,39.3736755031121],[-121.031271612652,39.373675503252],[-121.03108315875,39.3736697920554],[-121.030883285223,39.3736298168977],[-121.0307576494,39.3735841305076],[-121.030677699222,39.3735270241428],[-121.030671989104,39.3734642072631],[-121.030706253068,39.3733499922859],[-121.03075764868,39.3732414890602],[-121.030814756163,39.373184381725]]]},"properties":{"OBJECTID":9646,"State":"California","State_Abbrv":"CA","County":"Nevada","Ftr_Type":"Hydraulic Mine","Ftr_Name":"Cherokee Diggings","Topo_Name":"Nevada City","Topo_Date":"1995","Topo_Scale":"24000","Shape__Area":2.9658723178727087e-05,"Shape__Length":0.02841839375947474}},{"type":"Feature","id":9647,"geometry":{"type":"Polygon","coordinates":[[[-121.006001238748,39.3635750966506],[-121.005849194579,39.3634013327264],[-121.00576955239,39.3631913668036],[-121.005697151457,39.3630972450788],[-121.005494426158,39.3631551656106],[-121.005327901281,39.3632348085348],[-121.005219297723,39.3633289309314],[-121.005110696329,39.3634520141805],[-121.005002092934,39.3635099355926],[-121.004842808905,39.3635316558322],[-121.004763166842,39.3634664950427],[-121.004763167665,39.363307210312],[-121.00484280875,39.363220327718],[-121.004879009713,39.3631479260962],[-121.004879009347,39.3630031227449],[-121.004944170461,39.3628365979466],[-121.004936930513,39.3627859167327],[-121.004850048667,39.3627135147495],[-121.004676284089,39.3626555941834],[-121.004393917342,39.362561470881],[-121.004111549638,39.3626121522271],[-121.003814702024,39.3626700740173],[-121.003887103839,39.3625035504647],[-121.004104309399,39.3622791041706],[-121.004299795496,39.3621922219073],[-121.004451837551,39.3620474180717],[-121.004502519608,39.3619243352537],[-121.004698005562,39.3618519332716],[-121.004755926379,39.3618229723719],[-121.004618363256,39.3616998886978],[-121.004502520452,39.3615116439223],[-121.004618362767,39.3613523604244],[-121.004777647121,39.3612654765237],[-121.005052773618,39.3611496341278],[-121.005226538712,39.3610555125116],[-121.005393062953,39.3609686296876],[-121.005812993831,39.3608672668344],[-121.005921597346,39.3607152228659],[-121.006109841598,39.3605704191796],[-121.006203964415,39.3604835367381],[-121.006435650309,39.3604038945405],[-121.006602174454,39.3603821746244],[-121.006775939057,39.360418375807],[-121.006935223442,39.3604545755887],[-121.007101747343,39.3604835371314],[-121.007253791369,39.3604835365738],[-121.007521677494,39.360432856232],[-121.007644761135,39.3603459735616],[-121.007804045472,39.3603025321708],[-121.007927128545,39.3604835368948],[-121.007890927999,39.3606066195876],[-121.007753363852,39.360729704171],[-121.007623041,39.3608165856387],[-121.007601320393,39.3609541487404],[-121.007644760448,39.3610844727012],[-121.007695442944,39.3611496337759],[-121.007796805634,39.3612003162493],[-121.007999529473,39.3611930757992],[-121.008216736082,39.3611568748064],[-121.008404980368,39.3611351539119],[-121.008564264954,39.3610410322233],[-121.008694589105,39.3609613895507],[-121.008817672172,39.360896228177],[-121.008955235603,39.3608165862527],[-121.009071078176,39.3607586638693],[-121.009208642487,39.360635581046],[-121.009237602487,39.3605559388567],[-121.009215882071,39.3604111346801],[-121.009179681429,39.3603314933175],[-121.009071078463,39.3602373708235],[-121.008969716568,39.3601360079063],[-121.008868352999,39.3600346462354],[-121.008651146633,39.3599188030865],[-121.008506344446,39.3598029603304],[-121.008441181609,39.3597377977631],[-121.008303618029,39.3595640328279],[-121.008260177071,39.3591079017903],[-121.008318099187,39.3591223821482],[-121.008390501241,39.3593178673301],[-121.008520823713,39.359556793097],[-121.008694589409,39.35969435669],[-121.008839392349,39.3597884784872],[-121.009005917218,39.3597884790849],[-121.009194161344,39.3598246797674],[-121.009244843418,39.3599839640167],[-121.009223122284,39.3601722086964],[-121.009244843093,39.3602663322295],[-121.009273804486,39.3603387331957],[-121.009346205618,39.3604473363164],[-121.009512730299,39.3605124975989],[-121.009635813382,39.3605993796863],[-121.009845778114,39.3606717818158],[-121.010128145805,39.3607152228935],[-121.010178827342,39.3607007428817],[-121.010272948351,39.3605631788507],[-121.010316390567,39.3604400961],[-121.010359832117,39.3603387332168],[-121.010439473585,39.3602156502942],[-121.01048291477,39.3601215276207],[-121.010569797056,39.359940523343],[-121.010634958682,39.3598536414279],[-121.010707361411,39.3597884789386],[-121.010794243124,39.3597233173535],[-121.010866644773,39.3596509156224],[-121.010953527355,39.3595567927159],[-121.010996967767,39.3594771512319],[-121.011018688903,39.3592961464567],[-121.011112810753,39.35908618129],[-121.011235894183,39.3588834563075],[-121.011308296564,39.3586445291326],[-121.011482060824,39.3584056031179],[-121.011561702654,39.3583404425121],[-121.011655824701,39.3582608000293],[-121.01172098697,39.3581811571329],[-121.011800628737,39.358043593724],[-121.011858551636,39.3579277512904],[-121.011923712281,39.3577033051853],[-121.011967153097,39.3575585005356],[-121.012032315391,39.3573774973323],[-121.012133678579,39.3572037321456],[-121.01236536374,39.3569865263029],[-121.012510167261,39.3567620808979],[-121.012662210739,39.3565665959965],[-121.012872177072,39.3565448746445],[-121.013190745099,39.3565665955721],[-121.013371749875,39.3566896786881],[-121.013429670575,39.3566607178107],[-121.013509313015,39.3564941938352],[-121.013668597598,39.3563349098256],[-121.013784440564,39.3562045861823],[-121.014204371656,39.3561756252298],[-121.014305733761,39.3561756253807],[-121.014515700279,39.3561901061354],[-121.01463154337,39.3562190672552],[-121.014747385871,39.3561901058947],[-121.014884949034,39.3561321836813],[-121.015080434541,39.356088742831],[-121.015326600643,39.3560815029809],[-121.015362800448,39.3561539051128],[-121.015189036719,39.3562335473575],[-121.014863229036,39.3564145516574],[-121.014747386644,39.3565810762475],[-121.014580860753,39.3567693211264],[-121.014385376378,39.3569648060748],[-121.014269533447,39.3570734093501],[-121.014052327424,39.35714581058],[-121.013878563343,39.357174770993],[-121.013697558114,39.3572544128105],[-121.013509313011,39.3573919768745],[-121.013335549035,39.3575223003721],[-121.013176264647,39.3576164234913],[-121.012966299525,39.3576815852521],[-121.012843215994,39.3576453841337],[-121.012698411654,39.3576381430423],[-121.012539128455,39.3577177852651],[-121.012445006179,39.357848108836],[-121.012329162552,39.3580001530466],[-121.012213320181,39.3582101180019],[-121.01218435891,39.3583404419675],[-121.012285721723,39.3583911233393],[-121.012430524897,39.3584273237626],[-121.012720132478,39.3585214456968],[-121.012886657533,39.3587314123134],[-121.013024221028,39.35885449489],[-121.01306042174,39.3589630978708],[-121.012944579512,39.3590572200487],[-121.012901138164,39.3591513425255],[-121.013009740052,39.3593106269747],[-121.013219705673,39.3594119889193],[-121.013422430799,39.3594771513547],[-121.013639636957,39.3594192296121],[-121.013820640848,39.3593251067798],[-121.014001646585,39.3592527050505],[-121.014211611741,39.3592020237982],[-121.014544660346,39.3593468275166],[-121.014682223915,39.3594699109372],[-121.014754626562,39.3596436749577],[-121.014725664525,39.3597812390155],[-121.014653263427,39.3599115615763],[-121.014566381037,39.3601142880784],[-121.014530180118,39.3602880517956],[-121.014580860579,39.3604980180145],[-121.014769106567,39.3607659049024],[-121.015000792119,39.3610193113118],[-121.015246957529,39.3611134343251],[-121.01558724691,39.3612437573402],[-121.015804452905,39.3613016780981],[-121.016036138663,39.3612799577362],[-121.016593633284,39.3613233989787],[-121.016977363467,39.3613813201381],[-121.017122166457,39.3613885609442],[-121.017426254287,39.3613813196908],[-121.017657941032,39.3613595997626],[-121.017701382187,39.3614464823894],[-121.017556577526,39.3615623253644],[-121.017339372717,39.3615478446075],[-121.017064245867,39.3615333644099],[-121.016738437425,39.3615333637216],[-121.016506751066,39.3615550853893],[-121.016123021191,39.3615623248561],[-121.015963737157,39.3615768057135],[-121.015768251898,39.3616130056072],[-121.015580007324,39.3616781679114],[-121.015341080703,39.3617216086317],[-121.015196276811,39.3617505702861],[-121.014957350534,39.3618302117526],[-121.014834267694,39.3618591727824],[-121.01461706246,39.3618519331678],[-121.014465017678,39.3617867710739],[-121.014349174722,39.3617360897343],[-121.014226091971,39.3617360897946],[-121.014103008612,39.3617288486225],[-121.013950965476,39.3617360897243],[-121.013813401495,39.361750569762],[-121.01365411726,39.361830212105],[-121.013531034243,39.3620112171635],[-121.013321069572,39.3621994619972],[-121.013197985317,39.3623008243851],[-121.013096623522,39.3624456282819],[-121.013067662338,39.3626049118852],[-121.013031460971,39.3627931568156],[-121.012937338432,39.3630031230134],[-121.012850456344,39.3631841267393],[-121.012835976128,39.3633651324132],[-121.012770813811,39.3635316559916],[-121.012734613211,39.3636330188704],[-121.012626010133,39.3637199008782],[-121.01238708387,39.3637271410589],[-121.012140918544,39.3636909399279],[-121.011974394391,39.3636764600577],[-121.011851310151,39.3636547393675],[-121.011720987494,39.3636185386916],[-121.011583422558,39.3635750972341],[-121.01140241907,39.3635316555965],[-121.011221413904,39.3635171760346],[-121.011018689151,39.3635099355183],[-121.010815963588,39.3635099360194],[-121.01065667852,39.3635388961811],[-121.010482914713,39.3636257786764],[-121.010388791535,39.363821263684],[-121.010200547823,39.3639660683223],[-121.010048503711,39.3640674296309],[-121.009773376422,39.3641832724993],[-121.009433087821,39.3643497974359],[-121.009157961346,39.3644656402151],[-121.008926275415,39.3645597631615],[-121.00873803003,39.3646249245373],[-121.008585986244,39.3646611260912],[-121.008397741358,39.3646973259338],[-121.00814433386,39.3647045673383],[-121.007840245684,39.3645887238018],[-121.007521678622,39.364487361299],[-121.007246550322,39.3643787577309],[-121.007116228595,39.3642267140974],[-121.007036586013,39.3640891507136],[-121.006935223118,39.3639515867221],[-121.00689902233,39.3638140243811],[-121.006804898577,39.3637126607345],[-121.006609413665,39.3636692198797],[-121.006421169651,39.3636474993099],[-121.00617500283,39.3636185386245],[-121.006001238748,39.3635750966506]],[[-121.012346868931,39.3609252650228],[-121.012572367824,39.3608552830622],[-121.012723997307,39.3608164040293],[-121.012856186216,39.3608319551404],[-121.012980599414,39.360863058829],[-121.013248864545,39.3608708339562],[-121.013396605445,39.3608397310192],[-121.013470477156,39.3608047399201],[-121.013513243947,39.3607153179872],[-121.013528795181,39.360618120173],[-121.013517132229,39.3605248101765],[-121.013458812614,39.3604198362122],[-121.013400493327,39.3602526557246],[-121.013318848407,39.3601204655953],[-121.013136116256,39.3600349318174],[-121.013015589715,39.3599610620504],[-121.01284452159,39.3599105189136],[-121.012723996879,39.359867751765],[-121.012486833672,39.3598016571569],[-121.012339092513,39.3598016572039],[-121.01220690381,39.35981332138],[-121.01206305085,39.3597783297161],[-121.011841440063,39.3598133209205],[-121.011728689678,39.359871640443],[-121.011565398509,39.3599493980965],[-121.011390441144,39.3600116050908],[-121.011269915688,39.360085474629],[-121.01112995137,39.3602254401416],[-121.011009425681,39.3603731811108],[-121.010982210687,39.3604937062482],[-121.011032752527,39.3606025678593],[-121.011083296362,39.3606414467906],[-121.011207709329,39.3606881017428],[-121.011266027585,39.3607308693983],[-121.011440983968,39.3607503093825],[-121.011701475229,39.3608280670629],[-121.011806447728,39.3608824978363],[-121.011993068241,39.360956369175],[-121.012105817954,39.3610107993571],[-121.012164137292,39.3609874716914],[-121.012346868931,39.3609252650228]]]},"properties":{"OBJECTID":9647,"State":"California","State_Abbrv":"CA","County":"Nevada","Ftr_Type":"Hydraulic Mine","Ftr_Name":"Cherokee Diggings","Topo_Name":"Nevada City","Topo_Date":"1995","Topo_Scale":"24000","Shape__Area":3.779572398343589e-05,"Shape__Length":0.05654846800741774}},{"type":"Feature","id":10111,"geometry":{"type":"Polygon","coordinates":[[[-121.270012947091,39.116461493564],[-121.269920193121,39.116432954046],[-121.269816737866,39.1164436567675],[-121.269709715268,39.1164579260809],[-121.269606259418,39.1164614936085],[-121.269463562041,39.1164757642963],[-121.269338701563,39.1164864661245],[-121.269196004064,39.1164757635875],[-121.26911038542,39.1164329540251],[-121.269071143899,39.1163544709402],[-121.269056874257,39.116226042684],[-121.269053306795,39.116136857469],[-121.269053306528,39.1160512388934],[-121.269060441423,39.1159370806178],[-121.269085413713,39.1158407598345],[-121.269156761713,39.115701629678],[-121.26923167861,39.1156195791011],[-121.269349404202,39.1154947189407],[-121.269363672677,39.1154198029432],[-121.269385078017,39.1153520205932],[-121.269438590274,39.1152557008408],[-121.269649068038,39.1150309523988],[-121.269909490909,39.114799068665],[-121.270020081923,39.1146920462436],[-121.270098565144,39.1146635056313],[-121.270358987724,39.114649236732],[-121.270558764103,39.114642102327],[-121.270744270906,39.114642102227],[-121.270783512857,39.1146742091473],[-121.270797783263,39.1147241527688],[-121.270837023356,39.1148632827271],[-121.270833456596,39.1149524693215],[-121.270854861591,39.1150594921673],[-121.270876266105,39.1152164593475],[-121.270911940104,39.1152521331756],[-121.270965451549,39.1152557009709],[-121.271018964354,39.1152557008829],[-121.271122419177,39.1152628356846],[-121.271197334628,39.1152735379774],[-121.271336464967,39.1152735378787],[-121.271464892575,39.1152771047455],[-121.271650399386,39.1152913748923],[-121.271789530066,39.1152913751475],[-121.271846609047,39.1154519097612],[-121.271932226487,39.1155268260654],[-121.272060654881,39.1157230346596],[-121.272149841272,39.1158086532481],[-121.272274700621,39.115929945685],[-121.272349616576,39.116044103833],[-121.272478044427,39.1161297217752],[-121.272527988897,39.1161939363491],[-121.272595769612,39.1163259309857],[-121.272563663271,39.1164222516871],[-121.272506583898,39.1165185726412],[-121.272374588976,39.1166898102225],[-121.272174812639,39.1167611584168],[-121.272092762217,39.116796832534],[-121.271992872881,39.116807535365],[-121.271835905775,39.116789698164],[-121.271760990179,39.1167718607645],[-121.271653967209,39.1167504559523],[-121.271536242179,39.1167290522713],[-121.271361437587,39.1166862420764],[-121.271158093352,39.116650567693],[-121.271036801011,39.1166255961006],[-121.270922643436,39.1166113260474],[-121.270804916594,39.1165899221435],[-121.270722865524,39.1165756521013],[-121.270548062258,39.1165506803851],[-121.270401796865,39.1165435450727],[-121.270266235255,39.1165114379054],[-121.270155644173,39.1164828989042],[-121.270012947091,39.116461493564]]]},"properties":{"OBJECTID":10111,"State":"California","State_Abbrv":"CA","County":"Nevada","Ftr_Type":"Open Pit Mine","Ftr_Name":"Abandoned Mine","Topo_Name":"Camp Far West","Topo_Date":"1995","Topo_Scale":"24000","Shape__Area":4.775914476340404e-06,"Shape__Length":0.009478065453796074}},{"type":"Feature","id":10112,"geometry":{"type":"Polygon","coordinates":[[[-120.787140934803,39.4046209859584],[-120.787033859236,39.4042783436017],[-120.786812569096,39.4041284376078],[-120.786748323776,39.4038571786353],[-120.786741184523,39.4034931217916],[-120.786705493787,39.4031861709413],[-120.786719769976,39.4028292519259],[-120.786798291746,39.4024295035119],[-120.786862538508,39.4021439671956],[-120.786805431144,39.4019298156185],[-120.786719769805,39.4015229281492],[-120.786769739401,39.401166009197],[-120.786876815014,39.4007591207329],[-120.787083827546,39.4004093397114],[-120.78744788544,39.4001737741474],[-120.787747697214,39.4000666976479],[-120.787997541369,39.4002166038788],[-120.788233106902,39.4000666975988],[-120.788397289539,39.400238019104],[-120.788582888664,39.4004735862826],[-120.788782762459,39.4006306298716],[-120.788889839537,39.4009518569556],[-120.788725656171,39.4010589329164],[-120.788839869451,39.4013801598111],[-120.788925530941,39.4016799722792],[-120.78897549941,39.4018727085316],[-120.789368110054,39.4020083380574],[-120.789625091785,39.402136828765],[-120.789896350733,39.4022724580525],[-120.790210439484,39.4024295031043],[-120.789860658981,39.4026008240913],[-120.789596539464,39.4026222386583],[-120.789289587586,39.4026579309004],[-120.788932669119,39.4027721451985],[-120.788747070642,39.4029077743226],[-120.788654271822,39.4030790946185],[-120.788654271881,39.4032932472313],[-120.788661409749,39.4034288758836],[-120.788775624534,39.4036501663735],[-120.788797040566,39.4038429020623],[-120.788739932716,39.4040070854376],[-120.788618579952,39.4041926833711],[-120.78838301373,39.4043996959019],[-120.788147447256,39.4045710183265],[-120.788147446644,39.4045638787136],[-120.787633483428,39.4045924329463],[-120.787140934803,39.4046209859584]]]},"properties":{"OBJECTID":10112,"State":"California","State_Abbrv":"CA","County":"Nevada","Ftr_Type":"Open Pit Mine","Ftr_Name":"Upper Spanish Mine","Topo_Name":"Alleghany","Topo_Date":"2000","Topo_Scale":"24000","Shape__Area":9.120885806623846e-06,"Shape__Length":0.01388961491891477}},{"type":"Feature","id":10113,"geometry":{"type":"Polygon","coordinates":[[[-121.15053048787,39.3138484765983],[-121.150392881413,39.3138157134721],[-121.150255273399,39.3138222662441],[-121.150143876858,39.3138091612399],[-121.149986610591,39.3137763969913],[-121.149868662052,39.3137305277425],[-121.14971139599,39.3136518950733],[-121.149600000311,39.3136125787534],[-121.149482050143,39.3135536037619],[-121.149364100837,39.3134749711838],[-121.14930512576,39.3134094442579],[-121.149239599093,39.3133570222026],[-121.149193729715,39.3133177063876],[-121.149167518809,39.3132718374037],[-121.149167519339,39.3132325198704],[-121.149167518574,39.3131669928382],[-121.149239599261,39.3131407823006],[-121.14931167846,39.3131145710938],[-121.149311679308,39.3129638582331],[-121.149239598991,39.3127738289297],[-121.14919372995,39.3126624316505],[-121.149128202915,39.3125248252871],[-121.149121650057,39.3124855081355],[-121.149036463841,39.312433086245],[-121.148957830617,39.3123216902653],[-121.14892506824,39.3122102932634],[-121.14890540868,39.3120792381349],[-121.148885750769,39.3119875000613],[-121.148898857398,39.3118761042731],[-121.148931619534,39.3117843647027],[-121.148905409614,39.3117319431927],[-121.148852987323,39.311627099764],[-121.148787460335,39.3115746779618],[-121.148643300258,39.3114829388372],[-121.148590877946,39.3114436234015],[-121.148590878002,39.311325674142],[-121.148617089545,39.3112732518261],[-121.148610536233,39.3111815126381],[-121.148603984131,39.3109849306678],[-121.148590878528,39.3108014548894],[-121.148564666963,39.3106966106777],[-121.148538455569,39.3105131336404],[-121.148499140144,39.3103362101706],[-121.148505692424,39.3102182608367],[-121.148531903648,39.3099495992963],[-121.148584325243,39.3098316499832],[-121.148669511038,39.309687488568],[-121.148774355018,39.3096154094023],[-121.148879199613,39.3095433290552],[-121.148885751343,39.3094646961256],[-121.148833328698,39.3093467473852],[-121.14873503828,39.3092156917624],[-121.148689169413,39.3090518737341],[-121.148695722037,39.3088618438907],[-121.148715380003,39.308717684184],[-121.148754696902,39.3086324989824],[-121.148780907051,39.3085604194506],[-121.148735037934,39.3084097064336],[-121.148630194807,39.3082786513466],[-121.148551561844,39.3082000183451],[-121.148466375949,39.3081541486781],[-121.14832876852,39.3081148316834],[-121.148269793708,39.308095174161],[-121.148230477715,39.3080165411685],[-121.148348426834,39.3078658278731],[-121.148459823311,39.3077347737472],[-121.14854500884,39.3076626942653],[-121.148577773213,39.3075709550482],[-121.148571219452,39.307472663697],[-121.148597430524,39.3073219512334],[-121.148689169141,39.3071777908066],[-121.148780907316,39.307125368894],[-121.149036463689,39.3070598422068],[-121.149252705011,39.3070401837224],[-121.14944273391,39.3070401838727],[-121.149606551895,39.3070991580592],[-121.149698291439,39.3071515796396],[-121.149776923247,39.3071843441321],[-121.149790028492,39.3073219512213],[-121.149776923234,39.3074333480673],[-121.149862108652,39.3075185334442],[-121.149960399989,39.3075447441018],[-121.150091455211,39.3075316389974],[-121.150189746238,39.3074857698224],[-121.150255273265,39.3073809258673],[-121.150294590332,39.3072891881222],[-121.150373223103,39.307204002405],[-121.150478066372,39.3071777908719],[-121.150628778971,39.307190896609],[-121.150766386506,39.3072302127779],[-121.150949862649,39.3072891879641],[-121.151028496243,39.3073547147044],[-121.151074364883,39.3074530061927],[-121.151107128871,39.3076102724515],[-121.151067812968,39.3078461702402],[-121.15100883858,39.3080034359796],[-121.15100228552,39.3081148321062],[-121.151002284871,39.3082327822018],[-121.150969521511,39.3083769421719],[-121.150969521782,39.3085079970093],[-121.150982626969,39.3086193928289],[-121.150995733056,39.3089208193029],[-121.151100576103,39.3091370593337],[-121.151192315069,39.3092615606924],[-121.151264395064,39.3094122742506],[-121.151323368811,39.3095564354065],[-121.151329921617,39.3098513084325],[-121.151303710735,39.3100937590315],[-121.151277499886,39.3104803714731],[-121.15126439498,39.3108276663273],[-121.151316817062,39.3112077236206],[-121.151369239176,39.3115877828848],[-121.151336474799,39.3118236824629],[-121.151238183761,39.3120530273925],[-121.151198867176,39.3122692677886],[-121.151179208628,39.3124855080676],[-121.151126787626,39.3128917780864],[-121.15108091788,39.313199756202],[-121.151152998047,39.3133963389817],[-121.151172656148,39.3135863682577],[-121.151087470791,39.3137174228652],[-121.150982627309,39.3138222655817],[-121.150831914387,39.3138615827907],[-121.150733623423,39.3138812409427],[-121.150654989947,39.3138812408772],[-121.15053048787,39.3138484765983]]]},"properties":{"OBJECTID":10113,"State":"California","State_Abbrv":"CA","County":"Nevada","Ftr_Type":"Open Pit Mine","Ftr_Name":null,"Topo_Name":"French Corral","Topo_Date":"1995","Topo_Scale":"24000","Shape__Area":1.5692982742621098e-05,"Shape__Length":0.01873592827460493}},{"type":"Feature","id":11071,"geometry":{"type":"Polygon","coordinates":[[[-120.897275056243,39.2635329956628],[-120.897614129194,39.2635210991833],[-120.897756896922,39.2636043797247],[-120.897893716019,39.2637947374541],[-120.897923459316,39.2640445798646],[-120.89794130465,39.2642646801046],[-120.897905612799,39.2646037532738],[-120.897917510827,39.2647643671577],[-120.897798537512,39.2649904161324],[-120.897721204496,39.2651093887188],[-120.897667666653,39.2652283624165],[-120.897614128929,39.2653592323582],[-120.897685512721,39.2654722570076],[-120.897697410805,39.2656685616943],[-120.897542745486,39.2659124571075],[-120.897376182404,39.2661325570216],[-120.897257210525,39.2662277348348],[-120.897054955356,39.2664061947411],[-120.896953828848,39.2665846553412],[-120.896965726263,39.2667809599198],[-120.896977624411,39.2670605468347],[-120.897060905452,39.2674115165994],[-120.897126340552,39.2675899772033],[-120.897215570024,39.2677208468154],[-120.897304799872,39.2679290498319],[-120.897524900312,39.2681729448516],[-120.897691461446,39.2684049417122],[-120.897887767363,39.2685120179404],[-120.898054329899,39.2687618608155],[-120.898143559435,39.2689522177272],[-120.898078123983,39.269243702453],[-120.898072176078,39.2692437023838],[-120.897947254394,39.2692853431339],[-120.897602232698,39.2692318052714],[-120.897471362172,39.2691187812915],[-120.897477310342,39.2689819615297],[-120.897138237211,39.2687737585671],[-120.89701926408,39.2686369398511],[-120.896989521127,39.2684644286964],[-120.896953828869,39.2682324306574],[-120.896882444933,39.2680837153743],[-120.896650448187,39.2679825881168],[-120.896400604374,39.2678993071536],[-120.896186453238,39.2678576662381],[-120.895960403861,39.2677208466948],[-120.895793842433,39.2676197200421],[-120.89554399792,39.2674531576788],[-120.895490460787,39.2673341847073],[-120.895401231234,39.267125981577],[-120.895448819867,39.266858292903],[-120.89539528222,39.2666560380484],[-120.895294155337,39.2664478360361],[-120.895335796334,39.2662217868794],[-120.895627279711,39.2659838409685],[-120.895912814433,39.2657518430958],[-120.896091274245,39.2655317431324],[-120.896358963785,39.2654722572381],[-120.896454141784,39.2653473350949],[-120.896549321392,39.2652164652664],[-120.896543371539,39.2650736972103],[-120.896519576593,39.2649368783006],[-120.896466040149,39.264728675292],[-120.896525526271,39.2645621126829],[-120.896686139601,39.2642349373372],[-120.896852702374,39.2640148371231],[-120.897031162228,39.263753095543],[-120.89718582549,39.2635627387107],[-120.897275056243,39.2635329956628]]]},"properties":{"OBJECTID":11071,"State":"California","State_Abbrv":"CA","County":"Nevada","Ftr_Type":"Strip Mine","Ftr_Name":null,"Topo_Name":"North Bloomfield","Topo_Date":"1979","Topo_Scale":"24000","Shape__Area":7.135044597816886e-06,"Shape__Length":0.015298994508236146}},{"type":"Feature","id":11072,"geometry":{"type":"Polygon","coordinates":[[[-120.884372865135,39.274419070115],[-120.884491838265,39.2741870723068],[-120.884563222247,39.2740859453817],[-120.884646502926,39.2738836906544],[-120.884664348463,39.2737052308444],[-120.884658401416,39.2735089260738],[-120.884551325071,39.273354260635],[-120.884408556939,39.2731876982399],[-120.884557273603,39.2731341611169],[-120.88474762974,39.2731163151408],[-120.884902294666,39.2730806230254],[-120.885086704159,39.2730330328799],[-120.8852354197,39.2730032896444],[-120.885312751383,39.2729497519282],[-120.885431724595,39.2729259578619],[-120.885550698632,39.2729200092565],[-120.885639928462,39.2728307788761],[-120.885776747429,39.272688011908],[-120.885895720325,39.2725928333219],[-120.88612771857,39.2724619629671],[-120.886234793436,39.2724738595568],[-120.886318074544,39.2724203222577],[-120.886347817737,39.2722537601522],[-120.886401355655,39.2720574536985],[-120.886389458064,39.2717005349359],[-120.886431098721,39.2713912055156],[-120.886460842359,39.2712424889921],[-120.88649058597,39.2710640297586],[-120.886585763987,39.2709034163455],[-120.886805863571,39.2707190080511],[-120.887043809598,39.2706833159508],[-120.887317447628,39.2705940857712],[-120.887543497575,39.2704751129556],[-120.88767436691,39.2703323448447],[-120.887811186088,39.2701181941562],[-120.887965851606,39.2698326580765],[-120.888162157168,39.2698029147275],[-120.888525025427,39.2698029153426],[-120.888572614487,39.2699516308458],[-120.888513127385,39.2701836293168],[-120.888519075379,39.2703442429103],[-120.888679689554,39.2704275236695],[-120.888721329656,39.2705821888303],[-120.888994967953,39.2707844427382],[-120.889221017421,39.2707428019898],[-120.889453013683,39.2708974669179],[-120.889708806504,39.2710283376886],[-120.890041930675,39.2712603349763],[-120.890381004446,39.2715399218886],[-120.890452388613,39.2716529460189],[-120.890505926163,39.2718373542712],[-120.890488079989,39.2721050443239],[-120.8905356689,39.2724143743897],[-120.890589206823,39.2726404218757],[-120.890785513299,39.2728843166754],[-120.890791461138,39.2730746735136],[-120.890702230927,39.2732769284573],[-120.890618949597,39.2734018504968],[-120.890511875097,39.2734851306599],[-120.890273929046,39.2735862582861],[-120.890053828065,39.2733899528742],[-120.889928907093,39.2733840042642],[-120.88980993367,39.2734672850928],[-120.889571987654,39.2734732342476],[-120.889417322966,39.2734196961672],[-120.88916747911,39.2732590823671],[-120.888846252316,39.2732233901024],[-120.888560717474,39.2732769283269],[-120.888453641082,39.2735029766892],[-120.888411999861,39.273586257967],[-120.888554767753,39.2737944614263],[-120.88829897648,39.2740026639778],[-120.888061030546,39.274103791007],[-120.887858776067,39.2741335341776],[-120.887721957058,39.2741156881363],[-120.887489959498,39.2742763018274],[-120.887269858397,39.2742584557304],[-120.887115194131,39.2742406100826],[-120.886799914623,39.2742703535125],[-120.886508431281,39.2744250177594],[-120.886341868605,39.2745915799696],[-120.886234792599,39.2748711666318],[-120.886222896435,39.2751150621821],[-120.886270485105,39.2753292128979],[-120.886199102224,39.2754719813577],[-120.886026590647,39.2756742354496],[-120.885776747163,39.2758051062133],[-120.885752953169,39.2758051064025],[-120.885633979664,39.2757218243302],[-120.885491211888,39.2756147486678],[-120.885294906638,39.2754660323118],[-120.885080754988,39.2753351615864],[-120.884872551769,39.2751864456123],[-120.884729783786,39.2750972162303],[-120.884539426603,39.2749901403918],[-120.884408557324,39.2748711665236],[-120.884355018614,39.2747759888455],[-120.884295533119,39.2745380426558],[-120.884372865135,39.274419070115]]]},"properties":{"OBJECTID":11072,"State":"California","State_Abbrv":"CA","County":"Nevada","Ftr_Type":"Strip Mine","Ftr_Name":null,"Topo_Name":"North Bloomfield","Topo_Date":"1979","Topo_Scale":"24000","Shape__Area":1.7856875274446793e-05,"Shape__Length":0.021349986858581273}},{"type":"Feature","id":11073,"geometry":{"type":"Polygon","coordinates":[[[-120.901913816012,39.261624816926],[-120.90166635152,39.2614534960922],[-120.901428404908,39.261453495707],[-120.901028656364,39.2613678352996],[-120.900819262731,39.2611584433949],[-120.900828781382,39.2608729071754],[-120.900800228271,39.2606635146625],[-120.900666978057,39.2603779790477],[-120.900476620806,39.2601400327166],[-120.900400478135,39.2599687121703],[-120.900172050486,39.2598544982978],[-120.89980085399,39.2596641408652],[-120.899743746706,39.2595118561625],[-120.899886515514,39.2592453562769],[-120.899924585526,39.2589027132354],[-120.899800854379,39.2587409094954],[-120.900038800486,39.2582555003137],[-120.900381443591,39.2577225011084],[-120.900657459562,39.2574750366489],[-120.901019137599,39.2572275732989],[-120.901466476612,39.2569515554159],[-120.901866225759,39.2567421631491],[-120.902113689776,39.2566660197182],[-120.902513440136,39.2565422876522],[-120.90287629123,39.2564635892289],[-120.90327486712,39.2564090383732],[-120.903512812854,39.2563519310595],[-120.903684134223,39.2563328962679],[-120.903912563254,39.256466145097],[-120.903988706587,39.256599394952],[-120.904026776787,39.2567992702913],[-120.904093401634,39.2570562524285],[-120.904264723044,39.2571419117148],[-120.904550257463,39.2571228766875],[-120.904769168908,39.2570467336588],[-120.904921453682,39.2569134836767],[-120.905149881941,39.2567136093083],[-120.905425900446,39.2566660201985],[-120.905663846447,39.2569515552406],[-120.905768542356,39.2571895018699],[-120.905711434921,39.2575226262834],[-120.905463971483,39.2579985183515],[-120.905416381912,39.2581983927286],[-120.905368793483,39.2583411609001],[-120.905321204483,39.2585220003551],[-120.905321204085,39.2586457318984],[-120.905349757182,39.2588646417439],[-120.905654327765,39.2588551236874],[-120.905939863462,39.2586933210328],[-120.906187326725,39.2585029644944],[-120.906387201657,39.2582840542306],[-120.906568041015,39.2580175539685],[-120.90666321948,39.2576749119598],[-120.90685855718,39.2574134688571],[-120.906892820684,39.2571564878651],[-120.906875688773,39.2569109270724],[-120.906948754489,39.2566184311088],[-120.90700586239,39.2561615737398],[-120.907120076292,39.2559521814909],[-120.907462719496,39.2557047181969],[-120.907710182531,39.2556761641852],[-120.908033788746,39.2555809858563],[-120.908366913793,39.2556856821601],[-120.908602226548,39.2558068570478],[-120.908676464587,39.2557097752318],[-120.908739283697,39.255418529308],[-120.908842806223,39.255219307695],[-120.909080751761,39.2548957008292],[-120.909556644233,39.2546482373246],[-120.909775554976,39.2544102914588],[-120.91001350084,39.2542580058325],[-120.910346624835,39.2540866837912],[-120.910527464359,39.2538582557148],[-120.910689267537,39.2536774166886],[-120.911012874422,39.2534870595268],[-120.911393587674,39.2536012736643],[-120.911622015472,39.2536488636989],[-120.911840927185,39.2536583810826],[-120.912116943853,39.2536678987633],[-120.912431032728,39.2538106666006],[-120.912649944096,39.2539153626641],[-120.912764158505,39.2540866837212],[-120.91303065747,39.2543151128278],[-120.913259086614,39.2547814871209],[-120.913240050193,39.2550575049554],[-120.913525585047,39.2552288259359],[-120.913801602683,39.2555333969715],[-120.914144244909,39.2558665207451],[-120.914439298398,39.256152057067],[-120.914629655138,39.2564090382075],[-120.914705798407,39.256580359599],[-120.914791458277,39.256932519626],[-120.914677244139,39.2571228769575],[-120.914658209638,39.2574369661143],[-120.914486886474,39.2574655187702],[-120.914277494683,39.2575226257578],[-120.914115691858,39.2575131079141],[-120.91388726348,39.2574940728729],[-120.913611246536,39.2574369660084],[-120.913268602793,39.2576082873657],[-120.913287639547,39.257608287257],[-120.912897408088,39.2578176786944],[-120.912459587136,39.2577129832869],[-120.912335854811,39.2578367147012],[-120.912069355596,39.2578843042286],[-120.91186947968,39.2580746606544],[-120.911650570693,39.2583316432925],[-120.91141262434,39.2584744113701],[-120.911222266607,39.2587028390325],[-120.91112708959,39.258969338286],[-120.910993839618,39.2593119811719],[-120.910727339194,39.2596355874132],[-120.910498911209,39.2598354622702],[-120.910137233019,39.2598735340291],[-120.909766036691,39.2598354618431],[-120.909347252175,39.2599687116171],[-120.908995091307,39.2601209979813],[-120.908528717567,39.2603208719947],[-120.908090896085,39.2603874970769],[-120.907538861168,39.2603874967659],[-120.907167665108,39.2604541222005],[-120.906615630423,39.2603208715311],[-120.906196845202,39.2603113536393],[-120.905778060077,39.2603970153248],[-120.905444936154,39.2605112288517],[-120.904911936499,39.2607015862327],[-120.904474116463,39.260872906679],[-120.904055329513,39.2610537461076],[-120.903636544469,39.2612345851665],[-120.903360528164,39.2614439781698],[-120.902951260404,39.2616628880009],[-120.902703797447,39.2617580669913],[-120.902256458328,39.2616438530099],[-120.901913816012,39.261624816926]]]},"properties":{"OBJECTID":11073,"State":"California","State_Abbrv":"CA","County":"Nevada","Ftr_Type":"Strip Mine","Ftr_Name":null,"Topo_Name":"North Bloomfield","Topo_Date":"1979","Topo_Scale":"24000","Shape__Area":5.91600755797117e-05,"Shape__Length":0.04319194197724422}},{"type":"Feature","id":11205,"geometry":{"type":"Polygon","coordinates":[[[-121.083749087334,39.2478955606885],[-121.083840458464,39.2478898498368],[-121.083874723272,39.2479583785994],[-121.083686270367,39.2481182788996],[-121.083583477061,39.2481925175876],[-121.083526061553,39.2482629823179],[-121.083551911971,39.2483189913215],[-121.083423420815,39.2484546203901],[-121.083284926021,39.2485252812787],[-121.083229413007,39.2485637135399],[-121.083149463082,39.2486265307125],[-121.083040960333,39.2487121921548],[-121.082935310191,39.2487443463002],[-121.082800696988,39.2488526208242],[-121.08274400312,39.2489234879316],[-121.082735683508,39.2489307672564],[-121.082673890865,39.2491470444585],[-121.082630095111,39.2491351832934],[-121.082635499837,39.2492432877912],[-121.082566971452,39.249351791156],[-121.082492732189,39.2494374515149],[-121.082412781546,39.249534533736],[-121.082309990246,39.2495916411578],[-121.082309990341,39.2494431620685],[-121.082292857342,39.2493632133266],[-121.082252882681,39.2492547092331],[-121.082201485883,39.2491462060313],[-121.082190065652,39.2490491241594],[-121.082172933317,39.2489520415625],[-121.082190065267,39.2488149847772],[-121.082212907944,39.2487521666429],[-121.082287147126,39.2485808459247],[-121.082355675018,39.2484894737609],[-121.082412782263,39.248392392117],[-121.082509863692,39.2483352849403],[-121.082629788758,39.2483067325024],[-121.082812531737,39.2482439138928],[-121.082921034684,39.2481982282889],[-121.083126621331,39.2480840142064],[-121.083366470152,39.2479926431637],[-121.083554924467,39.2479469568889],[-121.083749087334,39.2478955606885]]]},"properties":{"OBJECTID":11205,"State":"California","State_Abbrv":"CA","County":"Nevada","Ftr_Type":"Tailings - Dredge","Ftr_Name":null,"Topo_Name":"Grass Valley","Topo_Date":"1949","Topo_Scale":"24000, 62500","Shape__Area":9.893406058836263e-07,"Shape__Length":0.005307308653339657}},{"type":"Feature","id":11206,"geometry":{"type":"Polygon","coordinates":[[[-121.103061244886,39.2452970470734],[-121.102781421554,39.2451485679824],[-121.102655785346,39.2450514862974],[-121.102450199881,39.2449486937406],[-121.102176085735,39.2447773728198],[-121.102039028583,39.2446917122522],[-121.101941947545,39.2445774981528],[-121.101816311251,39.2444004658875],[-121.101770626426,39.2442976728984],[-121.101770626232,39.2440578242314],[-121.10175920425,39.2438293953141],[-121.101804890546,39.2436352312845],[-121.101818696136,39.2436306289923],[-121.101777223766,39.2433403209348],[-121.102107769437,39.2433733760272],[-121.102173877747,39.2440014110144],[-121.102526459544,39.2442878829154],[-121.103606240174,39.2448938831156],[-121.103628276616,39.2452905360446],[-121.10359132913,39.245301092751],[-121.103586629345,39.2453198897288],[-121.103560448196,39.245309915937],[-121.103474021472,39.2453346090643],[-121.103400694232,39.2452998751169],[-121.103261119909,39.2453541542555],[-121.103061244886,39.2452970470734]]]},"properties":{"OBJECTID":11206,"State":"California","State_Abbrv":"CA","County":"Nevada","Ftr_Type":"Tailings - Dredge","Ftr_Name":null,"Topo_Name":"Grass Valley","Topo_Date":"1949","Topo_Scale":"24000, 62500","Shape__Area":1.427190909453202e-06,"Shape__Length":0.006313516226585275}},{"type":"Feature","id":11207,"geometry":{"type":"Polygon","coordinates":[[[-121.081065055827,39.2497629621211],[-121.08085375858,39.2497572508504],[-121.080551092551,39.249757251338],[-121.079877228678,39.2497115665197],[-121.079568850439,39.2496830120919],[-121.079220496872,39.2496087727795],[-121.078974936825,39.2495630869088],[-121.078837879612,39.2495002702589],[-121.078839097216,39.2494820113295],[-121.078812026658,39.2494754093196],[-121.078841878569,39.2494402898],[-121.078843590716,39.249414608928],[-121.078861044561,39.2494177412523],[-121.079054731305,39.2491898736477],[-121.079433064916,39.2492398433107],[-121.079861367618,39.2493040881731],[-121.080275394117,39.2492969497943],[-121.080703697287,39.2492755336281],[-121.081017786157,39.2491755971846],[-121.081581718861,39.2489971380113],[-121.08182442393,39.2489186151152],[-121.082052851465,39.2490899357785],[-121.08223845023,39.2494468558455],[-121.08212423556,39.2495325161783],[-121.082031437264,39.249539654538],[-121.081976009472,39.2495554908012],[-121.08189310844,39.2496201943252],[-121.081710364858,39.2497001436629],[-121.081516201531,39.2497401191852],[-121.081065055827,39.2497629621211]]]},"properties":{"OBJECTID":11207,"State":"California","State_Abbrv":"CA","County":"Nevada","Ftr_Type":"Tailings - Dredge","Ftr_Name":null,"Topo_Name":"Grass Valley","Topo_Date":"1949","Topo_Scale":"24000, 62500","Shape__Area":1.6526937542948872e-06,"Shape__Length":0.007460387554286874}},{"type":"Feature","id":11208,"geometry":{"type":"Polygon","coordinates":[[[-121.076563435232,39.2480834237233],[-121.077077399013,39.2480191789886],[-121.077562809109,39.2483618208426],[-121.077634840953,39.2485659134744],[-121.077667185518,39.2485922672903],[-121.077809952662,39.2487578780374],[-121.077815664389,39.2488778027525],[-121.077855638976,39.248923488178],[-121.077861349565,39.249003437956],[-121.077787110548,39.2490434129439],[-121.077644342362,39.2490205703272],[-121.07752441802,39.2490148593565],[-121.077358806727,39.2490548338539],[-121.07712466871,39.2491404953037],[-121.076907661469,39.2493175266245],[-121.076782026082,39.2494660049362],[-121.07660499453,39.2495802192231],[-121.076490780383,39.2496715911162],[-121.076427961884,39.2497515409628],[-121.076296616151,39.2498934152562],[-121.076062476547,39.2498429122929],[-121.076085319637,39.2497058553453],[-121.076108161655,39.2495345344488],[-121.076136715992,39.2494317409641],[-121.076159558591,39.2493232382948],[-121.076176690912,39.2492261559152],[-121.076227067688,39.249154788377],[-121.076249345972,39.249039968371],[-121.076285038384,39.2485616960699],[-121.076396854414,39.2483696035514],[-121.07641082984,39.2483238642204],[-121.07645651549,39.2482439141925],[-121.076472384372,39.2482398455774],[-121.076563435232,39.2480834237233]]]},"properties":{"OBJECTID":11208,"State":"California","State_Abbrv":"CA","County":"Nevada","Ftr_Type":"Tailings - Dredge","Ftr_Name":null,"Topo_Name":"Grass Valley","Topo_Date":"1949","Topo_Scale":"24000, 62500","Shape__Area":1.7667807696852833e-06,"Shape__Length":0.005855938642996629}},{"type":"Feature","id":11209,"geometry":{"type":"Polygon","coordinates":[[[-121.089269757341,39.2418159241584],[-121.089212649729,39.2413804831582],[-121.089512461442,39.2414233126933],[-121.089564922801,39.2414987263279],[-121.089568297303,39.2414995701395],[-121.089625403674,39.2415738094225],[-121.089636546985,39.2416072395401],[-121.089890796122,39.2421157362087],[-121.089878500322,39.2423206743634],[-121.089893807644,39.2423390442494],[-121.08994520379,39.2424018608232],[-121.089933782944,39.2424989430054],[-121.089990889448,39.2426017358126],[-121.090082261228,39.2426759745938],[-121.090036575442,39.2427273715782],[-121.08991665024,39.2426931073489],[-121.089848121607,39.2426588434747],[-121.089791014548,39.2426474221446],[-121.089716776228,39.2426873965702],[-121.089534033398,39.2427102399177],[-121.089288472586,39.2427159498199],[-121.088991515852,39.2427844788912],[-121.088780219925,39.2428415860054],[-121.088580345044,39.2429329565681],[-121.088380470029,39.2430186175478],[-121.088089223524,39.2431042778751],[-121.087615235708,39.2432413351121],[-121.087266883078,39.2432584668568],[-121.086975636427,39.2433212847098],[-121.086804314472,39.243366970972],[-121.08675291928,39.2432756001072],[-121.086889975669,39.2432070713823],[-121.086966127661,39.2431639186838],[-121.086906952365,39.2431650784659],[-121.086707078516,39.2431293869666],[-121.08659286295,39.2429723418539],[-121.086657108912,39.2428581280581],[-121.08690695258,39.2428010210109],[-121.087278147685,39.2426868071983],[-121.087692173932,39.2426368382603],[-121.087984847587,39.242558316252],[-121.088434566111,39.2424155479285],[-121.088748654983,39.2423441649145],[-121.08884859221,39.242515486119],[-121.088748655303,39.2426439765211],[-121.088498811743,39.2427367763225],[-121.088493512522,39.2427386068282],[-121.088797352436,39.2426988181749],[-121.089037202118,39.242687396749],[-121.089339868918,39.242618868201],[-121.089356066859,39.2425880913501],[-121.089162681447,39.2425369012135],[-121.089134127896,39.242458378947],[-121.089248342025,39.2422013972796],[-121.089269757341,39.2418159241584]]]},"properties":{"OBJECTID":11209,"State":"California","State_Abbrv":"CA","County":"Nevada","Ftr_Type":"Tailings - Dredge","Ftr_Name":null,"Topo_Name":"Grass Valley","Topo_Date":"1949","Topo_Scale":"24000, 62500","Shape__Area":1.953835180756869e-06,"Shape__Length":0.011170063789173547}},{"type":"Feature","id":11210,"geometry":{"type":"Polygon","coordinates":[[[-121.098778083169,39.2413590681335],[-121.099163556488,39.2413019612727],[-121.099434814394,39.2414090355541],[-121.099413399348,39.2416089112062],[-121.099450185814,39.2418296332876],[-121.099463499861,39.2417564085847],[-121.099480631638,39.2415907976145],[-121.099509185716,39.2415336914293],[-121.099594846449,39.2415565341249],[-121.099635848505,39.2416199005105],[-121.099648966625,39.2415018351902],[-121.100084407062,39.2416802952709],[-121.100319973657,39.241744540041],[-121.100562679235,39.2417588171268],[-121.100762554173,39.2417588172059],[-121.101090919456,39.2417159873567],[-121.101355039976,39.2416374650512],[-121.1017976193,39.2416374647184],[-121.101861865141,39.2417873707336],[-121.101754788605,39.2419372768633],[-121.101626380955,39.2419488200962],[-121.101559329572,39.2420248123431],[-121.10157075114,39.2421104727751],[-121.101456537255,39.2421218938354],[-121.10124524104,39.2421561583342],[-121.101073919455,39.2422303968869],[-121.100936862054,39.2422989260736],[-121.100679880848,39.2423731647638],[-121.100636438689,39.2423715560788],[-121.100612647426,39.2425440387323],[-121.100579476279,39.2425440391922],[-121.100565665848,39.2425730401266],[-121.100445742069,39.2425901719928],[-121.10020589139,39.2426015929237],[-121.099960332483,39.2426358576603],[-121.099783300011,39.2426244357209],[-121.09961197759,39.2426015932069],[-121.09940639309,39.2425387763153],[-121.099303599662,39.2424474039707],[-121.099160833256,39.2423446115285],[-121.09909801529,39.2422132651882],[-121.099052329395,39.242064786583],[-121.098932403429,39.241933440957],[-121.098852455273,39.2417963835755],[-121.098783926338,39.2416764587067],[-121.098739944005,39.2415994924353],[-121.098685284277,39.2415946335355],[-121.098778083169,39.2413590681335]],[[-121.099798066801,39.2419669145507],[-121.099811853162,39.2419905480883],[-121.09986896056,39.2420362332265],[-121.099977464363,39.2420362330995],[-121.100044805813,39.2420151898185],[-121.099798066801,39.2419669145507]]]},"properties":{"OBJECTID":11210,"State":"California","State_Abbrv":"CA","County":"Nevada","Ftr_Type":"Tailings - Dredge","Ftr_Name":null,"Topo_Name":"Grass Valley","Topo_Date":"1949","Topo_Scale":"24000, 62500","Shape__Area":2.2502849787997548e-06,"Shape__Length":0.00897511090379887}},{"type":"Feature","id":11211,"geometry":{"type":"Polygon","coordinates":[[[-121.108238001577,39.2469257401073],[-121.108352215269,39.2468971865676],[-121.108864880301,39.2469190024836],[-121.108767486169,39.2467950456277],[-121.10846071786,39.2467315760862],[-121.108129496863,39.2467429982174],[-121.107849672742,39.2466059408033],[-121.107644087213,39.2465374123241],[-121.10726146945,39.2464174869092],[-121.106998777003,39.2463318270836],[-121.106673266728,39.2462975631205],[-121.10646768187,39.2462575878013],[-121.106210700143,39.2462404559861],[-121.105987982205,39.2462004805365],[-121.105822371959,39.246137662861],[-121.10572529036,39.2460691342678],[-121.105519704663,39.2458692602788],[-121.105639628576,39.2458635488485],[-121.105799528903,39.2458635493861],[-121.105934193023,39.2458939567533],[-121.105710709328,39.2457863537824],[-121.105942091381,39.2455880273162],[-121.106206527127,39.2455880266721],[-121.106559107791,39.2457422812886],[-121.107143070808,39.2457753362791],[-121.10822285109,39.2459406081395],[-121.108575432232,39.2461058807095],[-121.108619504594,39.2462380992544],[-121.108564413946,39.2463703168938],[-121.108373214052,39.2463923780031],[-121.10849498186,39.2464289092642],[-121.108643461405,39.246497436707],[-121.10881164933,39.2466031567471],[-121.108817831938,39.2465796617901],[-121.109159395014,39.2466127164178],[-121.109401794686,39.246722898083],[-121.109511975726,39.2468661336775],[-121.109401795057,39.2470093702373],[-121.109237895985,39.247015440095],[-121.109408694795,39.2470913512789],[-121.109648544904,39.247222697419],[-121.109739916027,39.2472740928845],[-121.109682808703,39.2473997286137],[-121.10935158818,39.2472798035107],[-121.109083184843,39.247154169399],[-121.108814781555,39.2470742194169],[-121.108700567794,39.2470685079157],[-121.108483560827,39.2470228216893],[-121.108295108178,39.2469600053885],[-121.108238001577,39.2469257401073]],[[-121.107180525404,39.246102543492],[-121.10735855265,39.2461605062807],[-121.107644086751,39.2462518770625],[-121.10765153196,39.2462540043568],[-121.107297325005,39.2461058810966],[-121.107180525404,39.246102543492]],[[-121.106103417865,39.245942286413],[-121.106182145638,39.2459663416234],[-121.106251380166,39.2459620145987],[-121.106103417865,39.245942286413]]]},"properties":{"OBJECTID":11211,"State":"California","State_Abbrv":"CA","County":"Nevada","Ftr_Type":"Tailings - Dredge","Ftr_Name":null,"Topo_Name":"Grass Valley","Topo_Date":"1949","Topo_Scale":"24000, 62500","Shape__Area":2.3259899535332806e-06,"Shape__Length":0.013582039103638857}},{"type":"Feature","id":11212,"geometry":{"type":"Polygon","coordinates":[[[-121.085957546922,39.2443786043624],[-121.086086038407,39.2443786035462],[-121.086485787757,39.2444499883085],[-121.086742768912,39.2445856166381],[-121.086792737594,39.2447640756264],[-121.086778460609,39.2450424729964],[-121.086749810048,39.2450711247465],[-121.086730076611,39.2451658430634],[-121.086679267971,39.2452877823155],[-121.086906952494,39.2452566248697],[-121.086999750959,39.2454208084407],[-121.086966579216,39.2455022298646],[-121.086981346769,39.2455370394417],[-121.086932493939,39.2455858942935],[-121.086921229011,39.2456135440285],[-121.086842929283,39.245622939558],[-121.086747207774,39.2456398318815],[-121.086655836535,39.2456455427441],[-121.086518780297,39.2456683858412],[-121.086489968096,39.2456795902466],[-121.08637576387,39.2458139482648],[-121.086370302322,39.2458282849989],[-121.086370302061,39.2459367886546],[-121.086376013484,39.2460510029764],[-121.086380560824,39.2460987469789],[-121.086407265188,39.2461988914031],[-121.086391962435,39.2462456500417],[-121.086398854771,39.2463593814744],[-121.086398855546,39.2464793060326],[-121.086376013047,39.2465935202172],[-121.086307483408,39.2466848907805],[-121.086221822618,39.2467762632954],[-121.086164716289,39.2468447908967],[-121.086073345471,39.2469418732961],[-121.085976263501,39.2470332438539],[-121.085776387744,39.2472159867714],[-121.085622198844,39.2472445396186],[-121.085490853211,39.2472274075646],[-121.085428035296,39.2471931443798],[-121.085193896277,39.2472673829809],[-121.085159631553,39.2471588802292],[-121.085373966585,39.2470588579322],[-121.085329369948,39.2470340820099],[-121.085336507876,39.2468913150498],[-121.085607766499,39.2466700247531],[-121.085857610117,39.2462203073313],[-121.085900440376,39.2458419718635],[-121.085936132382,39.2454993299818],[-121.086007515654,39.2453779768128],[-121.086228806242,39.2453494239845],[-121.086294891451,39.2453403812028],[-121.086147583779,39.245274347391],[-121.086021948883,39.2452629246919],[-121.085949779745,39.2452712514227],[-121.085772030472,39.2453700015729],[-121.085758755172,39.2454120404835],[-121.085771948619,39.2458276949767],[-121.085779088274,39.2461489232007],[-121.085672011787,39.2462131683868],[-121.085236571234,39.2461489226883],[-121.085158048255,39.2457491729014],[-121.08517232451,39.2453422849936],[-121.08540075319,39.2450281965417],[-121.085657735272,39.2449782283812],[-121.085971823431,39.2448497370088],[-121.085960141612,39.2447134479288],[-121.085947709963,39.244703276191],[-121.085856337814,39.2446575897521],[-121.085816363237,39.2446004825415],[-121.085884892526,39.2445319551549],[-121.085953764026,39.2444958790518],[-121.085957546922,39.2443786043624]]]},"properties":{"OBJECTID":11212,"State":"California","State_Abbrv":"CA","County":"Nevada","Ftr_Type":"Tailings - Dredge","Ftr_Name":null,"Topo_Name":"Grass Valley","Topo_Date":"1949","Topo_Scale":"24000, 62500","Shape__Area":2.7462533580546733e-06,"Shape__Length":0.0119726851847437}},{"type":"Feature","id":11213,"geometry":{"type":"Polygon","coordinates":[[[-121.093862748565,39.2413682236954],[-121.093714270389,39.2413396696481],[-121.09352581701,39.2414196204171],[-121.093348784957,39.24142533081],[-121.093188884663,39.2414653061046],[-121.093091803654,39.2414881482238],[-121.092994721532,39.2414653062301],[-121.09286908584,39.2414767269379],[-121.09292771491,39.2414045683634],[-121.092867501773,39.2413804834052],[-121.092884144351,39.241280628755],[-121.092874795862,39.2412939840678],[-121.092720606954,39.2414024876687],[-121.092617815246,39.2415738093568],[-121.092549286195,39.2416823116388],[-121.092417939938,39.2418079478063],[-121.092337990587,39.2418593442433],[-121.092286593588,39.2419735577573],[-121.092223775568,39.2421391691978],[-121.092160957479,39.2422191187352],[-121.092063875919,39.2422933579057],[-121.091949661929,39.2424589694316],[-121.091858290836,39.2425103654077],[-121.091709812372,39.2425903147914],[-121.091612730106,39.2426474221474],[-121.091521359025,39.242704528865],[-121.09141285638,39.2427730569783],[-121.091275798794,39.242807321774],[-121.09117871738,39.2428472970918],[-121.091024527728,39.2428929821779],[-121.090893181409,39.242950089331],[-121.090727570661,39.2429500888782],[-121.090584802838,39.2429101137567],[-121.090493432192,39.2428472970806],[-121.090413482156,39.2427730567116],[-121.090202185766,39.242544628999],[-121.090145488602,39.2423826382696],[-121.090126362606,39.242365580103],[-121.090072547723,39.2422400137615],[-121.090036575157,39.2421848548787],[-121.089922361074,39.2420192443155],[-121.089916649564,39.2419107411804],[-121.089819567635,39.2417108659681],[-121.089739619495,39.2414881478896],[-121.089748890849,39.2414848103579],[-121.089719475141,39.2414161745463],[-121.089797997287,39.2413233760639],[-121.089983595173,39.2413876207467],[-121.090169192748,39.241551803815],[-121.090333375895,39.2417945090474],[-121.090404760224,39.2420157993353],[-121.090676018668,39.2422799186407],[-121.090680851324,39.2422845497175],[-121.090767545393,39.2423390436745],[-121.090858917496,39.2423618868482],[-121.090938866969,39.2423733079633],[-121.090967951373,39.2424182574388],[-121.091047213642,39.2424012722479],[-121.091318472973,39.2421585665474],[-121.091418409894,39.2420372139529],[-121.091811020565,39.2416945718218],[-121.092025172392,39.2415161118633],[-121.092360676373,39.2410949479133],[-121.09247489113,39.240816550514],[-121.092824672397,39.2405452921337],[-121.093067377123,39.2404239387039],[-121.093567064132,39.2403668318007],[-121.094016781636,39.2403811087833],[-121.094288039907,39.2404881854269],[-121.09453788362,39.2407023357668],[-121.094488174601,39.2407401150642],[-121.094599430141,39.2408142852249],[-121.094616562302,39.240905656013],[-121.094656536993,39.241042712615],[-121.094742197515,39.2411226631572],[-121.094605140221,39.2410312921606],[-121.094553743867,39.2410141604679],[-121.094416557306,39.24098591576],[-121.094744896754,39.2412234380839],[-121.095344520992,39.2418373385453],[-121.095292911813,39.2419870055039],[-121.095444613435,39.2421106146642],[-121.09538179651,39.242201986773],[-121.095113392776,39.2421049049492],[-121.095033442561,39.2420592188083],[-121.094816437446,39.2419678482265],[-121.094679379861,39.2418365018161],[-121.094559454481,39.2416994452156],[-121.094433818825,39.2415738085873],[-121.094313893853,39.2414881483407],[-121.094131151989,39.2414196201794],[-121.094045490727,39.2413853556686],[-121.093862748565,39.2413682236954]],[[-121.093203137953,39.2409960842863],[-121.093011853316,39.2410598446179],[-121.092950800179,39.2411711769614],[-121.093203137953,39.2409960842863]],[[-121.093756684921,39.2408375127004],[-121.09398822799,39.2408451038507],[-121.094350193314,39.2409616687113],[-121.094325316191,39.2409284986953],[-121.094096888381,39.2408771024792],[-121.093954120275,39.240814284487],[-121.093756684921,39.2408375127004]]]},"properties":{"OBJECTID":11213,"State":"California","State_Abbrv":"CA","County":"Nevada","Ftr_Type":"Tailings - Dredge","Ftr_Name":null,"Topo_Name":"Grass Valley","Topo_Date":"1949","Topo_Scale":"24000, 62500","Shape__Area":4.4275452637521084e-06,"Shape__Length":0.018721987753342204}},{"type":"Feature","id":11588,"geometry":{"type":"Polygon","coordinates":[[[-121.054693674202,39.2045534605365],[-121.054813598555,39.2045191974293],[-121.054922102472,39.2045477513029],[-121.054967787851,39.2046391216089],[-121.055013472567,39.204741914798],[-121.055030606385,39.2048447071047],[-121.055042027297,39.2049646315088],[-121.055047738045,39.2050788456611],[-121.055036315544,39.2051930609336],[-121.055024894831,39.2053129853535],[-121.055007762893,39.2053929351958],[-121.054979208767,39.2054728848378],[-121.054939233848,39.2055528349006],[-121.054859284037,39.2055813891885],[-121.054750780572,39.205598521152],[-121.054659409598,39.2056156530516],[-121.054562328539,39.2056213641348],[-121.054442402942,39.2056327851184],[-121.054339609919,39.2056613392016],[-121.054271081515,39.2056841811752],[-121.054179709691,39.2056956033445],[-121.054088339185,39.205724155538],[-121.05402552082,39.2057298668791],[-121.053956993313,39.2057241563172],[-121.053917017908,39.2056670491489],[-121.053899885823,39.2055928096608],[-121.053905596088,39.2054957276236],[-121.053911306984,39.2053815141717],[-121.053911307443,39.2053072748213],[-121.053911306989,39.2052273252326],[-121.053905595553,39.2051645072263],[-121.053888464379,39.2051073997893],[-121.053899885726,39.2050274496423],[-121.053934149413,39.2049646317367],[-121.054139735305,39.2048618403921],[-121.054402428636,39.2047533363033],[-121.054573748703,39.204616278701],[-121.054693674202,39.2045534605365]]]},"properties":{"OBJECTID":11588,"State":"California","State_Abbrv":"CA","County":"Nevada","Ftr_Type":"Tailings - Pond","Ftr_Name":null,"Topo_Name":"Grass Valley","Topo_Date":"1949","Topo_Scale":"24000","Shape__Area":1.0308376658940688e-06,"Shape__Length":0.0039414552676838716}},{"type":"Feature","id":11589,"geometry":{"type":"Polygon","coordinates":[[[-121.041946759552,39.2224949793162],[-121.041844536706,39.222441644987],[-121.041808980838,39.2223972003185],[-121.041808980588,39.222334978107],[-121.04267565292,39.2220238650416],[-121.043204545563,39.2218327520924],[-121.043346768679,39.2217927517715],[-121.043444547241,39.2217794193227],[-121.043524546445,39.2217749738901],[-121.043595658923,39.2217883081259],[-121.04365343705,39.2218016406299],[-121.043773438257,39.2219438638128],[-121.043911215897,39.2220594199021],[-121.043995661043,39.2221171990389],[-121.044097884151,39.2221883095477],[-121.044155661891,39.2222149773948],[-121.04423121811,39.2222416438667],[-121.044311219264,39.2222505330384],[-121.044373441387,39.2222594218072],[-121.044426775552,39.2222283102588],[-121.044440108676,39.2221838662816],[-121.04442233121,39.2221483100378],[-121.044368997201,39.2220283090002],[-121.044315662793,39.2218949754183],[-121.044244551951,39.2217927523168],[-121.044142329537,39.221561640079],[-121.044124550983,39.221423860747],[-121.044111217634,39.221286081887],[-121.044137884734,39.2211660815949],[-121.04416455146,39.2210683033421],[-121.044248996046,39.2210060810752],[-121.044306773459,39.2209171908637],[-121.044355663608,39.2208060789222],[-121.044413442258,39.2207394121957],[-121.044542330526,39.2207660791029],[-121.044662332287,39.2209394135847],[-121.044782332592,39.221108303232],[-121.044875667523,39.2212194151623],[-121.044924556137,39.2212905273366],[-121.0449778899,39.22135719388],[-121.045089001232,39.2214727498547],[-121.045186779642,39.221539417511],[-121.045262336394,39.2215838619293],[-121.045306781535,39.2216683069159],[-121.045351224542,39.2217883080167],[-121.045315669607,39.2218816422173],[-121.045213446877,39.2220860874186],[-121.045226779952,39.2221305324079],[-121.045195669551,39.2222016441028],[-121.045155668676,39.2222505328778],[-121.045084557389,39.222299421974],[-121.04500455682,39.2223527559746],[-121.044928999573,39.2223749783982],[-121.044795665847,39.2224016452191],[-121.044653443042,39.2224283116249],[-121.04455122043,39.222459422918],[-121.0443823296,39.2224683124089],[-121.044262329656,39.2224727565004],[-121.044102328878,39.2224594227689],[-121.043955660918,39.2224460890018],[-121.043724549435,39.2224638669698],[-121.043431214195,39.2224772007242],[-121.043271213048,39.2225083117456],[-121.043031210408,39.2225349786717],[-121.042786764713,39.2225749794969],[-121.042555653395,39.2226060895457],[-121.042284539503,39.2225972012443],[-121.04212453886,39.222574979359],[-121.041946759552,39.2224949793162]]]},"properties":{"OBJECTID":11589,"State":"California","State_Abbrv":"CA","County":"Nevada","Ftr_Type":"Tailings - Pond","Ftr_Name":null,"Topo_Name":"Grass Valley","Topo_Date":"1949","Topo_Scale":"24000","Shape__Area":2.528545792301884e-06,"Shape__Length":0.010033940332093714}},{"type":"Feature","id":11590,"geometry":{"type":"Polygon","coordinates":[[[-121.05226662408,39.203828201708],[-121.052209517329,39.2037939383527],[-121.052112435081,39.2038282020615],[-121.05203248481,39.2038681774188],[-121.051946823912,39.2039081519391],[-121.051769792263,39.2039309940488],[-121.051649866873,39.203988102363],[-121.051398596589,39.204079473188],[-121.051307225144,39.2041194481815],[-121.051210143195,39.2041422911095],[-121.051118771877,39.204159423454],[-121.05111877176,39.2040966046684],[-121.051147324605,39.2040109438119],[-121.051255828809,39.2039195730836],[-121.051358620427,39.203856754662],[-121.051438571151,39.2038396231087],[-121.051535653106,39.2037939383561],[-121.051655577872,39.2037425406244],[-121.051724106375,39.2036854338347],[-121.051804056496,39.2035997727988],[-121.051884005745,39.2034855589679],[-121.051941112855,39.2033884767999],[-121.051986799008,39.2033028165631],[-121.052038195215,39.2032399987383],[-121.052078169974,39.2031200736154],[-121.052055326819,39.2030458346945],[-121.052049616816,39.2029658845975],[-121.052009642205,39.202885934812],[-121.05196966729,39.2027945643098],[-121.051861162574,39.2027545889604],[-121.051712684523,39.2027431682746],[-121.051569917222,39.2027603000942],[-121.051478546296,39.2027774320686],[-121.051324357508,39.2028174073123],[-121.051198721716,39.202874513734],[-121.050981715218,39.2029430420325],[-121.050810392706,39.2030229917397],[-121.050747575825,39.202994439306],[-121.050753286454,39.2029144893418],[-121.050821815236,39.2028059849973],[-121.05089034352,39.2026689278777],[-121.050964582927,39.2025889778957],[-121.051050243386,39.2025375822645],[-121.05130722461,39.2024062364294],[-121.051581339644,39.2022806002926],[-121.051638445975,39.2022120721203],[-121.051632735221,39.2021549647525],[-121.051569917365,39.2020807262474],[-121.051438571449,39.2019665106782],[-121.051347200298,39.2018865616892],[-121.051381463993,39.2018294541365],[-121.051449992746,39.2018066122144],[-121.051529941735,39.2018180333445],[-121.051644157055,39.2018808509476],[-121.0517526604,39.2019836435108],[-121.051872584526,39.2020121970074],[-121.051958245114,39.2019779325579],[-121.052032485562,39.20189227188],[-121.0521809633,39.2017552151566],[-121.052386548438,39.2016524228017],[-121.052597845123,39.2015838938337],[-121.05300330496,39.2014925226128],[-121.053191757699,39.2014468371886],[-121.053248865079,39.2014011520453],[-121.053237443822,39.2013154908386],[-121.053100386484,39.2012755162267],[-121.052991883129,39.2012412523432],[-121.052769165999,39.2012126983031],[-121.052529316324,39.2012469618915],[-121.052352283905,39.2012812271449],[-121.052220937948,39.2013269118519],[-121.052055327153,39.2013668865092],[-121.051923980707,39.2014068623919],[-121.051844031055,39.2013897304199],[-121.05187258522,39.2013154914079],[-121.052021062454,39.2012126980901],[-121.052215226366,39.2011498798512],[-121.052409390649,39.2011099055288],[-121.052546447514,39.2011099052812],[-121.05267779387,39.2010927729626],[-121.052831984209,39.2010756410691],[-121.052997593944,39.2010470880372],[-121.053191757624,39.2010413767853],[-121.053391633377,39.2010527977468],[-121.053534399705,39.2010984843099],[-121.05366574653,39.2011555908584],[-121.053797093397,39.201172722511],[-121.053974125104,39.2011898554345],[-121.054145445528,39.2011955658589],[-121.054259660182,39.2012241198112],[-121.054373873975,39.2012926477887],[-121.054442403186,39.2014182842806],[-121.054630856356,39.2020350400549],[-121.054670830632,39.2022748900752],[-121.05463656643,39.2024062357209],[-121.054585169505,39.2025147388195],[-121.054545195202,39.2026460855048],[-121.05456803768,39.2028630919457],[-121.054579459769,39.2030972310548],[-121.054550906022,39.2032000241578],[-121.054470956414,39.2032856848311],[-121.054008388976,39.2034855592485],[-121.053557242624,39.2036511703285],[-121.05326028672,39.2037653837317],[-121.052837693372,39.203879597697],[-121.052780587257,39.2039081516626],[-121.052586422918,39.2039709685655],[-121.052426522858,39.2040394980381],[-121.052318019886,39.2040737621034],[-121.052112434808,39.2041594226877],[-121.051998219723,39.2042222397727],[-121.051901138291,39.2042165302578],[-121.051895427862,39.204187975626],[-121.051923981011,39.2041594229046],[-121.052003931327,39.204102315574],[-121.052152409194,39.2039823909256],[-121.052243780606,39.2038853093523],[-121.05226662408,39.203828201708]]]},"properties":{"OBJECTID":11590,"State":"California","State_Abbrv":"CA","County":"Nevada","Ftr_Type":"Tailings - Pond","Ftr_Name":null,"Topo_Name":"Grass Valley","Topo_Date":"1949","Topo_Scale":"24000","Shape__Area":7.135411124181701e-06,"Shape__Length":0.01781356906014805}},{"type":"Feature","id":11956,"geometry":{"type":"Polygon","coordinates":[[[-121.056224302845,39.208104349251],[-121.056395190091,39.2080918450604],[-121.056528564743,39.2081335243682],[-121.056574413318,39.2082168839361],[-121.056578580908,39.2083544267438],[-121.056528565135,39.2084252815364],[-121.056345174897,39.2084878018772],[-121.056249310995,39.2084878017597],[-121.056090928182,39.2083544265487],[-121.055995064669,39.208221052311],[-121.056036745338,39.2081335243236],[-121.056224302845,39.208104349251]]]},"properties":{"OBJECTID":11956,"State":"California","State_Abbrv":"CA","County":"Nevada","Ftr_Type":"Tailings - Undifferentiated","Ftr_Name":null,"Topo_Name":"Grass Valley","Topo_Date":"1949","Topo_Scale":"24000","Shape__Area":1.7355387171846814e-07,"Shape__Length":0.0015782397235711602}},{"type":"Feature","id":11957,"geometry":{"type":"Polygon","coordinates":[[[-121.02076303586,39.2153600219284],[-121.020808720911,39.2152515176948],[-121.020945778329,39.2151772789434],[-121.021037150054,39.2151715678056],[-121.021242735135,39.2152343856273],[-121.021379792249,39.2153029135966],[-121.021488295844,39.2153942860906],[-121.021573956318,39.215462814235],[-121.021659617451,39.2155256323012],[-121.021665327467,39.2155656069716],[-121.021585377912,39.215559895764],[-121.021465453263,39.2154970791904],[-121.021345527521,39.2154228392479],[-121.021271289504,39.215382864109],[-121.021197049217,39.2153657318234],[-121.021111389276,39.2153428891482],[-121.021048570828,39.2153428892801],[-121.020991464268,39.2153828636155],[-121.020997175327,39.2154685246729],[-121.021031438926,39.2155199207298],[-121.021122810203,39.2155827387857],[-121.021168496349,39.2156170031137],[-121.021242735227,39.21563984567],[-121.0213569488,39.2157255072455],[-121.021454031193,39.2157654822309],[-121.021528270323,39.2158111670529],[-121.021608219989,39.2158454316152],[-121.021608220363,39.2158911173478],[-121.021522560417,39.2159482237926],[-121.021351238577,39.2158625639747],[-121.021225602686,39.2157940349553],[-121.021088546156,39.2157197956944],[-121.0210085959,39.215662688597],[-121.02090009261,39.2155827391663],[-121.020837274839,39.2155199208164],[-121.02076303586,39.2153600219284]]]},"properties":{"OBJECTID":11957,"State":"California","State_Abbrv":"CA","County":"Nevada","Ftr_Type":"Tailings - Undifferentiated","Ftr_Name":null,"Topo_Name":"Grass Valley","Topo_Date":"1949","Topo_Scale":"24000","Shape__Area":2.489441612851806e-07,"Shape__Length":0.003822292765145514}},{"type":"Feature","id":11958,"geometry":{"type":"Polygon","coordinates":[[[-121.037262286475,39.2260994448228],[-121.037288953529,39.2259083332514],[-121.037351176574,39.2257794429802],[-121.037448954914,39.2257083318042],[-121.037591177796,39.225628331073],[-121.037746733698,39.2255705526153],[-121.037964513039,39.2255794416779],[-121.038040068758,39.2256861086353],[-121.038044514332,39.2257749985419],[-121.038053403009,39.2258372210818],[-121.037955624342,39.2258638878085],[-121.037853402399,39.2258950002187],[-121.037844512914,39.2259838886844],[-121.037826735071,39.2260638888173],[-121.037711177905,39.2260861123149],[-121.037640067016,39.2260905558163],[-121.037497844239,39.2260861123472],[-121.037395621281,39.2260950010576],[-121.03732006469,39.226108333825],[-121.037262286475,39.2260994448228]]]},"properties":{"OBJECTID":11958,"State":"California","State_Abbrv":"CA","County":"Nevada","Ftr_Type":"Tailings - Undifferentiated","Ftr_Name":"Idaho-Maryland Mine","Topo_Name":"Grass Valley","Topo_Date":"1949","Topo_Scale":"24000","Shape__Area":2.9075863494654186e-07,"Shape__Length":0.0022351317583785184}},{"type":"Feature","id":11959,"geometry":{"type":"Polygon","coordinates":[[[-121.065629677272,39.1930240206702],[-121.065761022784,39.1929269392731],[-121.065806709332,39.1929612031526],[-121.065898080459,39.1930639958581],[-121.065875236944,39.1931039714226],[-121.065738179612,39.193212474402],[-121.065663941201,39.1932924242942],[-121.065658229733,39.193366663264],[-121.065555437242,39.1934865875984],[-121.065412669967,39.1935608281158],[-121.065287034007,39.1936579099618],[-121.06515568755,39.1937321492084],[-121.065007210537,39.1937607023066],[-121.064778780742,39.1937778337377],[-121.064858730695,39.1936636200232],[-121.064875863589,39.193589381239],[-121.064847310323,39.1934865878304],[-121.065024341752,39.1934808778502],[-121.065201373542,39.1934523242309],[-121.065309876676,39.1933666629408],[-121.065361273247,39.1932695805787],[-121.065475488089,39.1931553667331],[-121.065629677272,39.1930240206702]]]},"properties":{"OBJECTID":11959,"State":"California","State_Abbrv":"CA","County":"Nevada","Ftr_Type":"Tailings - Undifferentiated","Ftr_Name":null,"Topo_Name":"Grass Valley","Topo_Date":"1949","Topo_Scale":"24000","Shape__Area":3.0176170184859075e-07,"Shape__Length":0.0030620605062459286}},{"type":"Feature","id":11960,"geometry":{"type":"Polygon","coordinates":[[[-121.042598348126,39.2269130449599],[-121.042940990083,39.226713170875],[-121.043264597426,39.2265894393069],[-121.043521579332,39.2265132959228],[-121.043654828574,39.2266465458947],[-121.043645311244,39.2268178670489],[-121.043473990202,39.2267988306184],[-121.043112312485,39.2269130449396],[-121.042798223144,39.2271319563537],[-121.042783705147,39.2271266772432],[-121.042751209203,39.2271483409599],[-121.042711209504,39.227175006864],[-121.042640097923,39.227201674201],[-121.042568986439,39.2271038956112],[-121.042595149575,39.2270581108468],[-121.042588830112,39.2270558133785],[-121.042598348126,39.2269130449599]]]},"properties":{"OBJECTID":11960,"State":"California","State_Abbrv":"CA","County":"Nevada","Ftr_Type":"Tailings - Undifferentiated","Ftr_Name":"Spring Hill Mine","Topo_Name":"Grass Valley","Topo_Date":"1949","Topo_Scale":"24000, 62500","Shape__Area":3.031841515621636e-07,"Shape__Length":0.002807664610239416}},{"type":"Feature","id":11961,"geometry":{"type":"Polygon","coordinates":[[[-121.064715927014,39.213945634224],[-121.064881007692,39.2139202366876],[-121.065020691001,39.2139900787827],[-121.06505243709,39.2141805556892],[-121.064995294534,39.2143329378742],[-121.064938151112,39.2144027791372],[-121.06481116645,39.2144980177405],[-121.064684181478,39.2145424632594],[-121.064538148882,39.2145043668263],[-121.064417513374,39.2144662719747],[-121.064366719386,39.2144091291279],[-121.064347670667,39.2143456361995],[-121.064385766645,39.2142440482763],[-121.064404813836,39.214161508323],[-121.064436561282,39.214053571009],[-121.064550847208,39.213977379645],[-121.064715927014,39.213945634224]]]},"properties":{"OBJECTID":11961,"State":"California","State_Abbrv":"CA","County":"Nevada","Ftr_Type":"Tailings - Undifferentiated","Ftr_Name":null,"Topo_Name":"Grass Valley","Topo_Date":"1949","Topo_Scale":"24000","Shape__Area":3.2405523597844876e-07,"Shape__Length":0.002093896195568181}},{"type":"Feature","id":11962,"geometry":{"type":"Polygon","coordinates":[[[-121.070804854083,39.211424983436],[-121.070912790876,39.2114249830076],[-121.071014378332,39.2115138728187],[-121.071020728306,39.2115900643857],[-121.07107152154,39.2117170490364],[-121.071065173404,39.2118186369049],[-121.071027076772,39.211913875176],[-121.070969934202,39.2119837168868],[-121.070830251128,39.2120345111635],[-121.07073501159,39.2120535588229],[-121.070627074726,39.2120408602426],[-121.070531835821,39.211977368079],[-121.070455644788,39.2118821289587],[-121.070411201115,39.2118059375506],[-121.07039215315,39.2116916516604],[-121.070398501541,39.2115837146352],[-121.070474693304,39.2114948246955],[-121.070569932106,39.2114440305711],[-121.070671519984,39.2114249826705],[-121.070804854083,39.211424983436]]]},"properties":{"OBJECTID":11962,"State":"California","State_Abbrv":"CA","County":"Nevada","Ftr_Type":"Tailings - Undifferentiated","Ftr_Name":null,"Topo_Name":"Grass Valley","Topo_Date":"1949","Topo_Scale":"24000","Shape__Area":3.4332560971961357e-07,"Shape__Length":0.002115510264106251}},{"type":"Feature","id":11963,"geometry":{"type":"Polygon","coordinates":[[[-121.065669652541,39.1937035949513],[-121.065846682669,39.1936750417394],[-121.066080821825,39.1938063880106],[-121.066189325709,39.1938349407037],[-121.06633209439,39.1939263132405],[-121.066434885569,39.1940291051968],[-121.066554811675,39.1941890052804],[-121.066600496878,39.1943546164174],[-121.066583364616,39.1944631193641],[-121.066520546612,39.1945145148402],[-121.066423465426,39.1945716229026],[-121.06628640768,39.1945773332885],[-121.066172194082,39.194474541396],[-121.066115087381,39.1944060117323],[-121.066040846954,39.1943203507171],[-121.065972318953,39.1942404017502],[-121.065909500642,39.1941433201922],[-121.065818130525,39.1940862118308],[-121.065669651656,39.1940176838903],[-121.065532595172,39.1938806274211],[-121.065589701965,39.1937435698901],[-121.065669652541,39.1937035949513]]]},"properties":{"OBJECTID":11963,"State":"California","State_Abbrv":"CA","County":"Nevada","Ftr_Type":"Tailings - Undifferentiated","Ftr_Name":null,"Topo_Name":"Grass Valley","Topo_Date":"1949","Topo_Scale":"24000","Shape__Area":4.856783561990596e-07,"Shape__Length":0.0029674699442690084}},{"type":"Feature","id":11964,"geometry":{"type":"Polygon","coordinates":[[[-121.155651329023,39.1857404370763],[-121.155873680504,39.1855959089675],[-121.156474028935,39.1858738481941],[-121.156952084144,39.1860183760725],[-121.157009005835,39.1860966436326],[-121.157154136967,39.186188022909],[-121.15733550841,39.1863819026914],[-121.157529389844,39.1865445131794],[-121.157391797417,39.1865320040949],[-121.157310493151,39.1865445130016],[-121.157235441735,39.1865194961574],[-121.157154137288,39.1864882246921],[-121.157041562342,39.1864569540416],[-121.15694774859,39.1864569542473],[-121.156810155411,39.186419427703],[-121.156685072397,39.1864256829721],[-121.156591258778,39.1864131743839],[-121.15642239451,39.1863756492524],[-121.15631607404,39.1863631408506],[-121.156216005551,39.1863381239964],[-121.156178480938,39.1862443108168],[-121.156118796999,39.1862061129893],[-121.155995973475,39.1861517869297],[-121.155984879043,39.1861442427484],[-121.155865770947,39.1861442427401],[-121.155678144485,39.1861067176906],[-121.155628110919,39.1859878883208],[-121.155742487362,39.1859794165005],[-121.155718034026,39.1859627880365],[-121.155651329023,39.1857404370763]]]},"properties":{"OBJECTID":11964,"State":"California","State_Abbrv":"CA","County":"Nevada","Ftr_Type":"Tailings - Undifferentiated","Ftr_Name":null,"Topo_Name":"Grass Valley, Rough And Ready","Topo_Date":"1949","Topo_Scale":"24000, 62500","Shape__Area":7.638791430508718e-07,"Shape__Length":0.0046913870639423835}},{"type":"Feature","id":11965,"geometry":{"type":"Polygon","coordinates":[[[-121.070992883498,39.1967260592428],[-121.071411668782,39.1966023273487],[-121.071725758431,39.1966594343471],[-121.072087436117,39.1968688259954],[-121.072087435733,39.1970782194612],[-121.071868525215,39.1974494148081],[-121.071487812334,39.1976873611598],[-121.070954812026,39.1975160398371],[-121.070897704814,39.1972209871519],[-121.070850116174,39.1968973802576],[-121.070992883498,39.1967260592428]]]},"properties":{"OBJECTID":11965,"State":"California","State_Abbrv":"CA","County":"Nevada","Ftr_Type":"Tailings - Undifferentiated","Ftr_Name":null,"Topo_Name":"Grass Valley","Topo_Date":"1949","Topo_Scale":"24000, 62500","Shape__Area":9.874688657873776e-07,"Shape__Length":0.003673608523591004}},{"type":"Feature","id":11966,"geometry":{"type":"Polygon","coordinates":[[[-121.046737236391,39.2033716392981],[-121.047295932646,39.2033561202517],[-121.047652876038,39.2034026777422],[-121.047901185062,39.2038216986237],[-121.047795200758,39.2039238987436],[-121.047800585542,39.203949475233],[-121.047784465328,39.2040341092903],[-121.047707891935,39.2041147118459],[-121.047611168805,39.2041751637376],[-121.047546686356,39.2042235260664],[-121.047423293066,39.2042673984971],[-121.047264892808,39.2043648762833],[-121.046768275187,39.2043959143239],[-121.046582042931,39.2042717598773],[-121.04645788761,39.2039613731345],[-121.046491171091,39.2038911094165],[-121.046490784632,39.2038890228231],[-121.046514966601,39.2038003590635],[-121.046560807862,39.2037440987802],[-121.046737236391,39.2033716392981]]]},"properties":{"OBJECTID":11966,"State":"California","State_Abbrv":"CA","County":"Nevada","Ftr_Type":"Tailings - Undifferentiated","Ftr_Name":null,"Topo_Name":"Grass Valley","Topo_Date":"1949","Topo_Scale":"24000, 62500","Shape__Area":1.133044861489907e-06,"Shape__Length":0.004000448209249407}},{"type":"Feature","id":11967,"geometry":{"type":"Polygon","coordinates":[[[-121.062544988342,39.3511476560242],[-121.062613515594,39.3511248145166],[-121.062767704934,39.3511647892984],[-121.062784836838,39.3512333173619],[-121.062784837012,39.3513760849152],[-121.062767705542,39.3514845880786],[-121.062755806026,39.3515530062088],[-121.062919859106,39.3516325465391],[-121.062897016289,39.3518152901551],[-121.06262290148,39.3521236676872],[-121.062291681056,39.352557680778],[-121.06201756674,39.3525462602611],[-121.061594975372,39.3525234169599],[-121.06140081144,39.3522949892179],[-121.061640660563,39.3519066609813],[-121.061811982253,39.3515069110154],[-121.061994724045,39.3513241686804],[-121.062155615795,39.3513610399323],[-121.062156659335,39.3513589527859],[-121.062213767356,39.3512561596285],[-121.062242320538,39.3511762102807],[-121.062345113098,39.3511133917818],[-121.062430773738,39.351153367352],[-121.062419351497,39.3512447382413],[-121.06237366661,39.351341820216],[-121.062360435561,39.3514079779358],[-121.06254295165,39.3514498042282],[-121.06255481049,39.3514555541798],[-121.062562119605,39.3513532418539],[-121.062562119542,39.351261871333],[-121.062544988342,39.3511476560242]]]},"properties":{"OBJECTID":11967,"State":"California","State_Abbrv":"CA","County":"Nevada","Ftr_Type":"Tailings - Undifferentiated","Ftr_Name":null,"Topo_Name":"Nevada City","Topo_Date":"1948","Topo_Scale":"24000, 62500","Shape__Area":1.3261496860650368e-06,"Shape__Length":0.005457984869137129}},{"type":"Feature","id":11968,"geometry":{"type":"Polygon","coordinates":[[[-121.070133210911,39.2030110025756],[-121.070208971919,39.2025816926748],[-121.070145838174,39.2020198039037],[-121.069710144006,39.2016866265208],[-121.069700505142,39.2017026915719],[-121.069661189048,39.2017747730558],[-121.069503922808,39.2017289030106],[-121.06940563172,39.2016109542014],[-121.069346657311,39.2014995582138],[-121.069327561703,39.2014709145933],[-121.068990491249,39.2012558860221],[-121.068775837376,39.2010538583396],[-121.068807404066,39.2008455169807],[-121.06909781914,39.2007823827042],[-121.069255653654,39.200952844306],[-121.069309277566,39.2010284056975],[-121.069444947971,39.2010736298146],[-121.069523581254,39.2010670764938],[-121.069641529983,39.2010474191016],[-121.06972671612,39.2010932876163],[-121.069772585495,39.2012243430951],[-121.0698014685,39.2013803104665],[-121.070126898393,39.2015336734726],[-121.07040468628,39.2018051486324],[-121.070467820568,39.202266025073],[-121.070466014079,39.2023154028778],[-121.070473727867,39.2023120969351],[-121.070598229579,39.2023186504657],[-121.070748942559,39.2024038346575],[-121.070683416292,39.2025283367946],[-121.070676862467,39.2026397339573],[-121.070611336386,39.2027970001339],[-121.070578571816,39.2029018427201],[-121.070601468677,39.2029607208538],[-121.070878188803,39.2029099890532],[-121.070953949503,39.2029226152875],[-121.070974533115,39.2029961274908],[-121.071011052354,39.2029804759588],[-121.071148660526,39.2029477120553],[-121.071246951157,39.2029542653034],[-121.071227292845,39.2030656616053],[-121.071201082136,39.2031508471993],[-121.071115895957,39.2032425857932],[-121.071011051652,39.2033539822819],[-121.070873445612,39.2034260622892],[-121.070637545353,39.2034391678153],[-121.070368884201,39.2034195098699],[-121.070211619202,39.2033015596074],[-121.070191960619,39.2031442952188],[-121.070191913973,39.2031430821083],[-121.070133210911,39.2030110025756]]]},"properties":{"OBJECTID":11968,"State":"California","State_Abbrv":"CA","County":"Nevada","Ftr_Type":"Tailings - Undifferentiated","Ftr_Name":null,"Topo_Name":"Grass Valley","Topo_Date":"1949","Topo_Scale":"24000, 62500","Shape__Area":1.5892992450972088e-06,"Shape__Length":0.008912714201660316}},{"type":"Feature","id":11969,"geometry":{"type":"Polygon","coordinates":[[[-121.070518769502,39.2048692032144],[-121.070574888565,39.2048513470032],[-121.070663756735,39.2048086899748],[-121.07070895512,39.2048086898875],[-121.071042251229,39.2047026408526],[-121.071318268159,39.2048073368548],[-121.071296647297,39.2048200280403],[-121.071410768686,39.2048611120861],[-121.071548376758,39.2048807698171],[-121.071581141152,39.2049462972571],[-121.071495954943,39.2049594028468],[-121.071305925986,39.2049790608106],[-121.071181424,39.2050183766632],[-121.071102791361,39.2050445880419],[-121.071004500441,39.2051035626195],[-121.070840680473,39.2051625380589],[-121.070817290499,39.2051809155203],[-121.070679104018,39.2054360294913],[-121.070670309798,39.2054770691151],[-121.070637545766,39.2056146756384],[-121.070637546518,39.2057522840242],[-121.070644098623,39.2058571276268],[-121.070657204954,39.2060406037863],[-121.070735838174,39.2061323425121],[-121.070866892276,39.2062044229451],[-121.070965183458,39.2062961609004],[-121.070965183398,39.2064337686785],[-121.070906209362,39.2065451652023],[-121.070794811952,39.2067745112142],[-121.070768601522,39.2069383291917],[-121.070748942998,39.2070693840906],[-121.070778717868,39.2071835216312],[-121.071013696589,39.2073010119251],[-121.071194535806,39.2073486007127],[-121.071270679055,39.2074437799631],[-121.071206084946,39.2075406700084],[-121.071233845717,39.2076001564831],[-121.071102790499,39.2076984472427],[-121.071030710999,39.2077508686332],[-121.070899655792,39.207718104871],[-121.070781707498,39.2076656828792],[-121.070598230044,39.2076656834081],[-121.070513044388,39.2075673923696],[-121.07035577863,39.2074363369764],[-121.070329567798,39.2073052835043],[-121.070309910486,39.2070824900903],[-121.070319738309,39.2069711046608],[-121.070295100383,39.2066918699186],[-121.070255800386,39.2063759617309],[-121.070218170879,39.2063289250742],[-121.070236900668,39.2062240405527],[-121.070215503487,39.2060520374045],[-121.070178854558,39.2059554189873],[-121.070172302432,39.2057260733555],[-121.070171726165,39.2057001331591],[-121.070171367998,39.2056972560084],[-121.070171640427,39.2056962774746],[-121.070165748575,39.2054311997868],[-121.070165749016,39.2052804869811],[-121.070191960647,39.2050249302025],[-121.070349226119,39.2049528497499],[-121.070499938689,39.2048873235255],[-121.07050930047,39.2048828303233],[-121.070518769502,39.2048692032144]]]},"properties":{"OBJECTID":11969,"State":"California","State_Abbrv":"CA","County":"Nevada","Ftr_Type":"Tailings - Undifferentiated","Ftr_Name":null,"Topo_Name":"Grass Valley","Topo_Date":"1949","Topo_Scale":"24000, 62500","Shape__Area":1.808809884096263e-06,"Shape__Length":0.008852096111843902}},{"type":"Feature","id":11970,"geometry":{"type":"Polygon","coordinates":[[[-121.077188524203,39.1916447197002],[-121.077773872106,39.1916018894358],[-121.078273557548,39.1916589968546],[-121.078324244369,39.191694900342],[-121.078356145864,39.1916659887516],[-121.078426236648,39.1916230303315],[-121.078620683024,39.1917066873319],[-121.078717905836,39.1917632124638],[-121.078792519096,39.1918446065876],[-121.078833216093,39.1919101757843],[-121.078837738321,39.1920707066784],[-121.078817388769,39.1922606297508],[-121.078826433557,39.1923261992765],[-121.078778952739,39.192491252356],[-121.07875408225,39.1925816923602],[-121.078659119747,39.192703784933],[-121.078521198957,39.1927670925499],[-121.078421714897,39.1927874422622],[-121.078308665833,39.1928236182362],[-121.078179788952,39.1927987468912],[-121.078010214075,39.1927467439229],[-121.077953689119,39.1926924795847],[-121.077890381385,39.1926336948123],[-121.077862893794,39.1925990801285],[-121.077745318204,39.1926155403096],[-121.077241450097,39.1926155397698],[-121.077160080325,39.1926382173573],[-121.077051552267,39.192669870711],[-121.076983722416,39.1926721319266],[-121.076895544466,39.1926743928003],[-121.076820931239,39.1926676095014],[-121.07673501305,39.1926404777346],[-121.076705620269,39.1926065627622],[-121.076780233304,39.1925726479328],[-121.076819142599,39.192551031723],[-121.076703114425,39.1924156645316],[-121.07669253455,39.1923389607723],[-121.07666944438,39.1923578525377],[-121.076612918857,39.1923397648779],[-121.076608397521,39.1922357593293],[-121.076599353453,39.1921837565927],[-121.076666684797,39.1921515545795],[-121.076646006803,39.1920016392553],[-121.076631729808,39.1917161036235],[-121.077188524203,39.1916447197002]]]},"properties":{"OBJECTID":11970,"State":"California","State_Abbrv":"CA","County":"Nevada","Ftr_Type":"Tailings - Undifferentiated","Ftr_Name":null,"Topo_Name":"Grass Valley","Topo_Date":"1949","Topo_Scale":"24000, 62500","Shape__Area":2.191169187426567e-06,"Shape__Length":0.006404099456994168}},{"type":"Feature","id":11971,"geometry":{"type":"Polygon","coordinates":[[[-121.041839738109,39.256563561998],[-121.042403194006,39.2563960475596],[-121.042585936824,39.2564721913298],[-121.042585937159,39.2567463047144],[-121.042387965609,39.2569747335328],[-121.042113852458,39.2572945318633],[-121.041900652344,39.2577818454769],[-121.041504710097,39.2583453021726],[-121.040895568069,39.2582843879513],[-121.040651081039,39.2580399003733],[-121.040416018438,39.2579662657476],[-121.040303057638,39.2579436743162],[-121.040107256785,39.2578721316656],[-121.04020515697,39.2578043547774],[-121.040261637459,39.2577516388576],[-121.040359536624,39.2576575054492],[-121.040468733442,39.2575784319387],[-121.040589226351,39.2574918279436],[-121.040705953287,39.257393927624],[-121.040803852966,39.2572922617795],[-121.04089422143,39.2572395468832],[-121.040988356657,39.2572018928441],[-121.041052368536,39.2571604738816],[-121.041150268783,39.2571039926132],[-121.041225576899,39.2570362163985],[-121.041270761627,39.2569345500796],[-121.041293354269,39.2568630081473],[-121.041338538392,39.2568102929269],[-121.04144020432,39.256753811671],[-121.041549399773,39.2567236889774],[-121.041651065388,39.2567236885746],[-121.041673758998,39.2567200578197],[-121.041839738109,39.256563561998]]]},"properties":{"OBJECTID":11971,"State":"California","State_Abbrv":"CA","County":"Nevada","Ftr_Type":"Tailings - Undifferentiated","Ftr_Name":null,"Topo_Name":"Nevada City","Topo_Date":"1948","Topo_Scale":"24000, 62500","Shape__Area":2.216162556578638e-06,"Shape__Length":0.006775373135518055}},{"type":"Feature","id":11972,"geometry":{"type":"Polygon","coordinates":[[[-121.065702740065,39.206116040627],[-121.065797918993,39.2057686394269],[-121.06594544553,39.2055259340995],[-121.066197668338,39.2053974425835],[-121.066445132287,39.2053926846149],[-121.06675922096,39.2054545507997],[-121.066811568704,39.2055782816189],[-121.066785420866,39.2056053984386],[-121.067245868745,39.2053554419887],[-121.067363604361,39.2052308807523],[-121.067716698535,39.2050887264651],[-121.067738502883,39.2050732810592],[-121.067829978231,39.2049643817563],[-121.067867688948,39.2049536068444],[-121.067877761065,39.204889822093],[-121.067815701795,39.2049025163364],[-121.067725281892,39.2047835427736],[-121.067749076502,39.2044932476582],[-121.067939434244,39.2043409632076],[-121.068234486762,39.2041172926716],[-121.068705619785,39.2042648197316],[-121.068876940491,39.2046360156552],[-121.068843631142,39.2048150510482],[-121.068868307064,39.2048611116443],[-121.068887965797,39.2049528504797],[-121.068809332418,39.2050904577291],[-121.068704488795,39.2051690896536],[-121.068673277736,39.205185996002],[-121.068662789759,39.2051975686735],[-121.068649405671,39.2051989261809],[-121.068547222977,39.2052542756745],[-121.068291667431,39.2053591201824],[-121.068049214542,39.2053853309084],[-121.067937818668,39.2053984365247],[-121.067787106172,39.2054836222952],[-121.067583971346,39.2055491493563],[-121.0674201525,39.2056081239092],[-121.067410932619,39.2056119202918],[-121.067373121744,39.2056591837328],[-121.067163728644,39.2060161034502],[-121.066759221241,39.2063397096095],[-121.0666464555,39.2063745653148],[-121.066522427683,39.2064861906933],[-121.066338950796,39.2065517176807],[-121.066122710986,39.2065124005524],[-121.065939234317,39.206414109812],[-121.065827837259,39.2062896076264],[-121.065775416331,39.2061716586983],[-121.065773346337,39.2061530247667],[-121.065702740065,39.206116040627]],[[-121.068263039766,39.2045408372244],[-121.068253252343,39.2045484493863],[-121.068376852084,39.2045596862663],[-121.068392197068,39.2045629170236],[-121.068386772058,39.204550354544],[-121.068263039766,39.2045408372244]]]},"properties":{"OBJECTID":11972,"State":"California","State_Abbrv":"CA","County":"Nevada","Ftr_Type":"Tailings - Undifferentiated","Ftr_Name":null,"Topo_Name":"Grass Valley","Topo_Date":"1949","Topo_Scale":"24000, 62500","Shape__Area":2.6549309950496536e-06,"Shape__Length":0.009622196569606592}},{"type":"Feature","id":11973,"geometry":{"type":"Polygon","coordinates":[[[-121.045464651681,39.2052494768169],[-121.04555776791,39.2049546104138],[-121.046038866746,39.2049701292109],[-121.046194060305,39.2049080518686],[-121.046147164765,39.2047282884998],[-121.045938653075,39.2047353562662],[-121.045797598193,39.2047353562588],[-121.045656541732,39.2047635668724],[-121.045555787848,39.2047756574488],[-121.045559819271,39.2046346019211],[-121.045535638503,39.2044210039964],[-121.045552771015,39.2043284789247],[-121.045366829031,39.2043215926971],[-121.045366370666,39.2043283104541],[-121.045338160449,39.2044693660477],[-121.045281737833,39.2046346020205],[-121.045237405758,39.2046950540167],[-121.04514068208,39.2046950543552],[-121.045035898267,39.2046507229748],[-121.044979475647,39.2046346019758],[-121.044910963091,39.2045862400528],[-121.044919023736,39.2044532451375],[-121.044947235506,39.2043605508252],[-121.044982524459,39.2042867640941],[-121.04491887543,39.2042549397777],[-121.044880685476,39.203969642939],[-121.044890203225,39.2034080899099],[-121.04503584914,39.2032041871805],[-121.045035897634,39.2032038962521],[-121.045036507427,39.2032032651395],[-121.045128150179,39.2030749660881],[-121.045347059555,39.2029607510884],[-121.045789698552,39.2028949270842],[-121.046038867001,39.2031233295929],[-121.046147502556,39.2034337172611],[-121.04606990609,39.2040389701704],[-121.046395811044,39.2043493557444],[-121.04642668201,39.2043868427824],[-121.046482724531,39.2044008530674],[-121.046664082194,39.2045217579746],[-121.046756774913,39.2045822100114],[-121.046849469232,39.2046708731567],[-121.046881710456,39.2047313257741],[-121.046893800828,39.2048038686958],[-121.046893800429,39.2049167128477],[-121.04687767952,39.2050094071095],[-121.046837377874,39.2050738888418],[-121.046805136582,39.2051222509588],[-121.046755717059,39.2051551973435],[-121.046768275481,39.2052029191984],[-121.046644119817,39.2054201891552],[-121.046438702069,39.2054423970854],[-121.046446452758,39.2054486936826],[-121.046543176955,39.2055172059641],[-121.046619749964,39.205577659286],[-121.0466318402,39.2056461711168],[-121.046470634031,39.2057227441832],[-121.046386000525,39.2057711059931],[-121.046261065987,39.2057711059884],[-121.046168372162,39.2057106535665],[-121.046111949937,39.2055978097474],[-121.046043436858,39.2055172056601],[-121.046026408632,39.2054793659702],[-121.045743657398,39.2054605165041],[-121.045729084959,39.2054688440067],[-121.045628331141,39.2054688438383],[-121.045610403793,39.2054516332807],[-121.045604326352,39.2054512281218],[-121.045593120064,39.2054350414792],[-121.045527577318,39.2053721207285],[-121.045527576742,39.2053403690746],[-121.045464651681,39.2052494768169]]]},"properties":{"OBJECTID":11973,"State":"California","State_Abbrv":"CA","County":"Nevada","Ftr_Type":"Tailings - Undifferentiated","Ftr_Name":null,"Topo_Name":"Grass Valley","Topo_Date":"1949","Topo_Scale":"24000, 62500","Shape__Area":3.1049453355080914e-06,"Shape__Length":0.010568787566263236}},{"type":"Feature","id":11974,"geometry":{"type":"Polygon","coordinates":[[[-121.158997715919,39.1865631371979],[-121.159431300826,39.1866187247439],[-121.160009415524,39.1872190729097],[-121.160754292547,39.1878416569771],[-121.161032873645,39.1881586645231],[-121.161150576619,39.1881893691245],[-121.161152409296,39.1881914413445],[-121.161421346538,39.1881307140623],[-121.161932753353,39.18844200484],[-121.162433043788,39.1892535883618],[-121.162966686824,39.1897316430083],[-121.163177920702,39.1900874049037],[-121.163213798153,39.1902257915892],[-121.163270751834,39.1903283075776],[-121.163245042843,39.1903463045216],[-121.1632557438,39.1903875798543],[-121.163317434346,39.1904600670347],[-121.163345802056,39.1904533923606],[-121.16341459865,39.1905472052949],[-121.163527174503,39.190672289028],[-121.16358914109,39.190779321293],[-121.163606782842,39.1908000502808],[-121.163737636382,39.190908147682],[-121.164122914442,39.1908878696676],[-121.164578735461,39.1914882186185],[-121.164845556018,39.1923331542731],[-121.164795887876,39.1923942838156],[-121.164840558573,39.1924359762189],[-121.164921861722,39.1924735008345],[-121.16492186167,39.1925297891485],[-121.164978149566,39.1925923309567],[-121.164846812091,39.192661127018],[-121.164771761173,39.1926486187759],[-121.164684202711,39.1926110930676],[-121.164609151999,39.1925610601232],[-121.164452797211,39.1924297212378],[-121.164398517123,39.1923924033757],[-121.1641340324,39.1922886830503],[-121.163933916477,39.1918328630336],[-121.163919966042,39.1918166345348],[-121.163833630008,39.1918043010248],[-121.163595971278,39.1915666409513],[-121.163433360934,39.1913164715889],[-121.163308277067,39.1911288458431],[-121.163268996065,39.1910446728003],[-121.16307588114,39.1907963816432],[-121.163051855362,39.1907723557645],[-121.16298305801,39.1907098142372],[-121.162954913091,39.1906253796428],[-121.162648349013,39.1901261179841],[-121.162581767129,39.1900531947251],[-121.162292827332,39.1899345233545],[-121.162069943743,39.1899405474632],[-121.161913588791,39.1898154633573],[-121.161738470793,39.1896278374321],[-121.161613387622,39.1894089392222],[-121.161457032127,39.1891462632068],[-121.161294422485,39.1889211110483],[-121.161119304672,39.1886834512574],[-121.160950441354,39.1885020784886],[-121.160850373658,39.1884082661318],[-121.160712780495,39.1883332157991],[-121.160556425761,39.1882331484934],[-121.160443849673,39.1881268274666],[-121.160293748305,39.1879892337306],[-121.160174918727,39.1879079302665],[-121.160081105895,39.1878141170342],[-121.15993725888,39.1877265580561],[-121.15979966693,39.1875764570432],[-121.159593277998,39.1874576270633],[-121.159436923505,39.1873137802819],[-121.159236788118,39.1871574247649],[-121.159030398683,39.1870073243039],[-121.15905053029,39.1869544795565],[-121.158964363667,39.1868855462201],[-121.158886540586,39.1867299001104],[-121.158997715919,39.1865631371979]]]},"properties":{"OBJECTID":11974,"State":"California","State_Abbrv":"CA","County":"Nevada","Ftr_Type":"Tailings - Undifferentiated","Ftr_Name":null,"Topo_Name":"Grass Valley, Rough And Ready","Topo_Date":"1949","Topo_Scale":"24000, 62500","Shape__Area":4.721518052974716e-06,"Shape__Length":0.018302091362538273}},{"type":"Feature","id":11975,"geometry":{"type":"Polygon","coordinates":[[[-121.058834799949,39.2532285093612],[-121.058910942643,39.2530914520795],[-121.059230743178,39.2530609952525],[-121.059532912936,39.2531239476932],[-121.059562987486,39.2531252549845],[-121.059704063819,39.2531311340787],[-121.059898043567,39.2531605251216],[-121.060139048568,39.2531370119447],[-121.060256613237,39.2531370116074],[-121.060432957949,39.2531193772764],[-121.060623970706,39.2531348648137],[-121.060673982532,39.2531318646775],[-121.060838552148,39.2530958653746],[-121.061085435258,39.253078229926],[-121.061261780106,39.2530429606543],[-121.061520420063,39.2530194479312],[-121.061720276726,39.2529724227841],[-121.061826085451,39.2529018853689],[-121.062025942137,39.2527901999271],[-121.062184652417,39.2527314179338],[-121.062372755669,39.2526785142064],[-121.06253734238,39.252619732778],[-121.062878276583,39.2524845349953],[-121.06308989149,39.2524316312559],[-121.06345433833,39.2524845344836],[-121.063765881344,39.2525550726748],[-121.063971616901,39.2526256109017],[-121.064083302701,39.252672636196],[-121.064177352407,39.2526902709456],[-121.064263745581,39.2527807779152],[-121.064621648893,39.2529239376122],[-121.064804391871,39.2532132807526],[-121.064560734411,39.2534569380283],[-121.064058192657,39.2536853659013],[-121.063418593869,39.2540051653007],[-121.062870365413,39.2543249646728],[-121.062245996304,39.2542640508944],[-121.062009079221,39.2541926004575],[-121.061814327988,39.2541833261499],[-121.06164973896,39.2541656917535],[-121.061502784857,39.2541069096747],[-121.061402855906,39.2540481286393],[-121.061302927337,39.2539952253709],[-121.061246602748,39.2539651855692],[-121.060720993528,39.2538400417328],[-121.060644571612,39.2538247584417],[-121.060607091384,39.2538129224546],[-121.060007399445,39.2536701366894],[-121.058941400459,39.2534721661002],[-121.058834799949,39.2532285093612]]]},"properties":{"OBJECTID":11975,"State":"California","State_Abbrv":"CA","County":"Nevada","Ftr_Type":"Tailings - Undifferentiated","Ftr_Name":null,"Topo_Name":"Nevada City","Topo_Date":"1948","Topo_Scale":"24000, 62500","Shape__Area":5.904903446207754e-06,"Shape__Length":0.013005958116648593}},{"type":"Feature","id":11976,"geometry":{"type":"Polygon","coordinates":[[[-121.010185291606,39.3548286390856],[-121.010737327249,39.3542194968428],[-121.011032379525,39.3542670858144],[-121.011327434543,39.3543717823289],[-121.011378731439,39.3545313746963],[-121.01149306795,39.3546052169496],[-121.011416493571,39.3547232691223],[-121.011422611842,39.3548762280909],[-121.011298879691,39.3551807994622],[-121.011108522508,39.3555615129254],[-121.010784916403,39.3559422273265],[-121.010566006056,39.3563039049703],[-121.010280470898,39.3566751012868],[-121.009433383285,39.3570558150295],[-121.00887183027,39.3574745995718],[-121.007977151629,39.3578648310306],[-121.007196689096,39.3579504917591],[-121.006844528999,39.3581598844471],[-121.006349601664,39.3584644551697],[-121.005835638468,39.3586072232208],[-121.005532747285,39.3585195443993],[-121.005517584434,39.3585390388808],[-121.00549422459,39.3586745272462],[-121.005312016299,39.3585904305569],[-121.005368079704,39.3584362552641],[-121.005375383443,39.3583869559382],[-121.005197941893,39.3581789200698],[-121.00529311973,39.3579790446376],[-121.005673833754,39.3577125463961],[-121.005788047976,39.3575031527126],[-121.005807083329,39.3571985817392],[-121.005997440636,39.3570177428692],[-121.006257641516,39.3569108750233],[-121.006311824495,39.3568804802766],[-121.006355946116,39.3568705006171],[-121.006530440443,39.3567988327394],[-121.007263313579,39.3564942623414],[-121.008177026802,39.3562087258258],[-121.008729061479,39.3559612619467],[-121.009433382457,39.355513924105],[-121.009602003142,39.3554015101607],[-121.009614926409,39.3553153609887],[-121.009745741606,39.3552032333226],[-121.009881228959,39.3551424968355],[-121.010001278597,39.3550559495153],[-121.010185291606,39.3548286390856]]]},"properties":{"OBJECTID":11976,"State":"California","State_Abbrv":"CA","County":"Nevada","Ftr_Type":"Tailings - Undifferentiated","Ftr_Name":null,"Topo_Name":"Nevada City","Topo_Date":"1948","Topo_Scale":"24000, 62500","Shape__Area":9.173040325549664e-06,"Shape__Length":0.01656781872232472}},{"type":"Feature","id":11977,"geometry":{"type":"Polygon","coordinates":[[[-121.048355786288,39.2546076887674],[-121.048261106631,39.2545530650512],[-121.048190043496,39.254538164758],[-121.048181411803,39.2544950052512],[-121.048075961191,39.2543849708442],[-121.048013143017,39.2543050209163],[-121.047996010702,39.254213650289],[-121.048081672624,39.254162253066],[-121.048230149933,39.2540937247589],[-121.048300708959,39.2540528751008],[-121.048357558492,39.2539594802231],[-121.048572324799,39.2539215811739],[-121.048652742754,39.2538938504673],[-121.048824064351,39.2538538752043],[-121.049023939499,39.2538310329105],[-121.049060657521,39.2538354045566],[-121.04939309879,39.2537767366661],[-121.050915953425,39.2537310519839],[-121.05222560848,39.2536244521091],[-121.052524635025,39.2535667461664],[-121.052570287331,39.2535169439871],[-121.052753029933,39.2535055218929],[-121.052857860685,39.2535024392754],[-121.053093637356,39.2534569375661],[-121.053700845846,39.2534926563664],[-121.053952278282,39.2534712579881],[-121.054197838639,39.2535226541569],[-121.054212720017,39.2535279351082],[-121.055012433795,39.2536244522384],[-121.055971833045,39.2537462803771],[-121.056093660646,39.25388333691],[-121.055514976059,39.2547209067266],[-121.054997206323,39.2551777636708],[-121.05432714931,39.255269135031],[-121.053702779432,39.2548884205147],[-121.053124094101,39.2547361358392],[-121.052423580198,39.2548731929075],[-121.051677381528,39.2552539070967],[-121.050687526356,39.2553757345641],[-121.050047927061,39.255055934716],[-121.049526253883,39.2548733507727],[-121.049435109232,39.2548589598711],[-121.049189549174,39.2547732988936],[-121.049035360092,39.2547561668575],[-121.048909724519,39.2547219027537],[-121.048772667357,39.2546933492489],[-121.048538528236,39.2546647957859],[-121.048355786288,39.2546076887674]]]},"properties":{"OBJECTID":11977,"State":"California","State_Abbrv":"CA","County":"Nevada","Ftr_Type":"Tailings - Undifferentiated","Ftr_Name":null,"Topo_Name":"Nevada City","Topo_Date":"1948","Topo_Scale":"24000, 62500","Shape__Area":1.0151488368137507e-05,"Shape__Length":0.01763921576956848}},{"type":"Feature","id":11978,"geometry":{"type":"Polygon","coordinates":[[[-121.068714322388,39.345829516678],[-121.069110265377,39.3450680899807],[-121.06990214845,39.3445046337778],[-121.07057071559,39.3442837200359],[-121.070629443634,39.3442429365188],[-121.070703684377,39.3441515651429],[-121.070852162335,39.3440202191023],[-121.071052036553,39.3439402689816],[-121.071234779318,39.3439288482841],[-121.071371835743,39.3439345578954],[-121.07157809935,39.3439508420724],[-121.071653432394,39.3439259487035],[-121.072826030733,39.3435147779895],[-121.073298115784,39.3430579206572],[-121.073455426612,39.3426137503753],[-121.073439112481,39.3425811209337],[-121.073439112403,39.3424155102496],[-121.073484798109,39.34228987463],[-121.073587589836,39.3421699498324],[-121.073770333385,39.3420043399287],[-121.073913100979,39.3419358112092],[-121.074175792823,39.3419358108655],[-121.074215047175,39.3419427375947],[-121.075003714325,39.3417634946273],[-121.075932655242,39.3417482657644],[-121.076450426387,39.3413980090689],[-121.077211853119,39.3408497805298],[-121.077379368418,39.3403320110232],[-121.077431559089,39.3397355426998],[-121.077430896609,39.3397143462647],[-121.077434769318,39.3396988560043],[-121.077485966448,39.3391137266728],[-121.077775310049,39.3384893562108],[-121.078795623603,39.337575643092],[-121.080044363593,39.336798986639],[-121.080317355198,39.3367170910045],[-121.080474226346,39.336638655265],[-121.080714075847,39.336558704706],[-121.080959636426,39.3364844661254],[-121.081090982802,39.3364502017139],[-121.08123374995,39.3364273588027],[-121.08134055823,39.3364101310729],[-121.081719503798,39.3362964451229],[-121.083120530957,39.3362507586239],[-121.083645975249,39.3362574115523],[-121.083826411194,39.3362389056368],[-121.084100151759,39.3362631610026],[-121.084323587205,39.336265988367],[-121.085724612647,39.3361593883276],[-121.085839030646,39.3361717281454],[-121.08595079335,39.3361589558021],[-121.086310567926,39.3361989307484],[-121.086516154464,39.3362046410917],[-121.086704606487,39.3362274838801],[-121.086921614149,39.3362617482845],[-121.087110066731,39.3362960127013],[-121.087186174793,39.3363170074724],[-121.087277924394,39.3363269018606],[-121.087460667656,39.3365553296686],[-121.087460668578,39.3369360442393],[-121.087292153125,39.3369781730994],[-121.087269967176,39.3370269827324],[-121.087190016672,39.3371811722974],[-121.087081513746,39.3371811724099],[-121.086944457396,39.3371925936962],[-121.086630368571,39.3371583291931],[-121.086424783102,39.3371183541922],[-121.086324287929,39.3370974968518],[-121.086257612067,39.337103558088],[-121.084810899941,39.337134014867],[-121.083074844994,39.3373015291804],[-121.08181087549,39.3375908718293],[-121.080852632428,39.3378963999146],[-121.080719786501,39.3379692499114],[-121.08058273042,39.3380434888432],[-121.080445672983,39.3381291490107],[-121.080354301917,39.338191966597],[-121.080260567709,39.3381267606971],[-121.080238640293,39.338111507531],[-121.07986162112,39.3382456986754],[-121.079852488047,39.3382576232074],[-121.079908865986,39.3383004705809],[-121.079899854411,39.3383320125864],[-121.079886023519,39.3383804202416],[-121.07975467762,39.3384946350825],[-121.07966330628,39.3385974273818],[-121.079514827408,39.3387173517171],[-121.079421347091,39.3388205021662],[-121.079313393064,39.3389614413077],[-121.079222022226,39.3396619552646],[-121.079084964454,39.3401797247917],[-121.079069736521,39.3413218672863],[-121.078902223162,39.3416873517615],[-121.078049423859,39.342326951253],[-121.077227081546,39.3429208641287],[-121.076008798108,39.3432254345816],[-121.075567170541,39.3435452351398],[-121.074546856773,39.3439411774914],[-121.07372451446,39.3445655479469],[-121.072795574419,39.3450071758489],[-121.072487576615,39.3451717972933],[-121.072491134679,39.3452251778113],[-121.072416895511,39.3452651527938],[-121.072314103376,39.3453165490521],[-121.072308391777,39.3453907881964],[-121.072296970683,39.345465027747],[-121.072199889024,39.3454935813922],[-121.072114227484,39.3455278448385],[-121.072045700162,39.3456306378003],[-121.071965749556,39.3457048768336],[-121.071857246008,39.3457448524009],[-121.07170876765,39.3457105884724],[-121.071571710727,39.3457562740648],[-121.071526024741,39.3458533562426],[-121.071337572145,39.3458590659008],[-121.071211937353,39.3458476451964],[-121.071147742612,39.3458101982916],[-121.070892005243,39.3459208891611],[-121.070511290783,39.3462711447985],[-121.06996306239,39.3462863736887],[-121.069018892903,39.3471696295596],[-121.067937665588,39.347854915332],[-121.067298067532,39.3480072002443],[-121.066551868343,39.3486163422696],[-121.065729525915,39.3489970556129],[-121.064435100181,39.3491645700443],[-121.064043128562,39.3491959279742],[-121.064022156805,39.3492055403271],[-121.063896522088,39.3492169618339],[-121.063810860924,39.3492169623162],[-121.063802101545,39.3492152098635],[-121.063673671858,39.349225484329],[-121.063489590279,39.3493024647467],[-121.063473929105,39.3493311759648],[-121.063420933668,39.3493311757738],[-121.062836102386,39.3495757408896],[-121.062683815559,39.3499564551645],[-121.062409701675,39.3501696539563],[-121.06195284629,39.3501544263889],[-121.06161781827,39.3498193980646],[-121.061450304265,39.3493777695147],[-121.061861474981,39.3487990852142],[-121.062622901843,39.348616342363],[-121.063993472418,39.3482660860167],[-121.065272669351,39.3479919717987],[-121.066338667855,39.347550344486],[-121.067084866995,39.3471087157103],[-121.067831065481,39.3468802871735],[-121.068394523393,39.346469117281],[-121.068501123252,39.3462406876655],[-121.068714322388,39.345829516678]],[[-121.070017583154,39.3456373133176],[-121.069921316677,39.3456591923867],[-121.069767128397,39.345727719862],[-121.069686707374,39.345788728971],[-121.070017583154,39.3456373133176]],[[-121.073587457778,39.3441086910503],[-121.074044314663,39.3437127493205],[-121.073756366725,39.3437943350814],[-121.073684671957,39.3438660299919],[-121.073674857613,39.3438727767522],[-121.073501929825,39.3439916647448],[-121.073375641478,39.344096906113],[-121.073364873488,39.3441058797045],[-121.07322210457,39.344157276162],[-121.073033651977,39.3442886224469],[-121.07287375184,39.3443799931421],[-121.072702431024,39.3444313901368],[-121.072536820012,39.344459942648],[-121.072371210529,39.3445912902822],[-121.072194178153,39.3446883718416],[-121.071925775184,39.3447568995322],[-121.071645949748,39.3447911644141],[-121.071480339733,39.3448025860362],[-121.07128046516,39.3449339319193],[-121.071092012123,39.3449168000227],[-121.070954954689,39.3449053781076],[-121.070732237413,39.3449681963297],[-121.070487492993,39.3450202696528],[-121.070457869782,39.3450319292725],[-121.070361040733,39.3451395168475],[-121.070285602629,39.345167457606],[-121.069943249862,39.3454968912272],[-121.07004124166,39.3454478956219],[-121.070138324153,39.3453451030318],[-121.070241116417,39.3453165487263],[-121.070355330764,39.3452822849225],[-121.070452412645,39.3452423100507],[-121.070538072964,39.3451966244557],[-121.070720815431,39.3451452280358],[-121.070926400872,39.3451166752403],[-121.07108630078,39.3450881213703],[-121.071229069356,39.3450652780083],[-121.071331861484,39.3450538572318],[-121.071468917901,39.3450310135599],[-121.071577422076,39.3449967498678],[-121.071708767944,39.3449339319539],[-121.071834403967,39.3449339316109],[-121.071920063638,39.3449339322768],[-121.072033746782,39.3449240466902],[-121.072795574466,39.344550319005],[-121.073587457778,39.3441086910503]]]},"properties":{"OBJECTID":11978,"State":"California","State_Abbrv":"CA","County":"Nevada","Ftr_Type":"Tailings - Undifferentiated","Ftr_Name":null,"Topo_Name":"Nevada City","Topo_Date":"1948","Topo_Scale":"24000, 62500","Shape__Area":4.009897565993015e-05,"Shape__Length":0.07473260062668122}},{"type":"Feature","id":11979,"geometry":{"type":"Polygon","coordinates":[[[-121.029803604041,39.3615340038557],[-121.030040104897,39.3613957418641],[-121.030174799317,39.3613169967226],[-121.030483177344,39.3611970717765],[-121.030751581657,39.3612256262624],[-121.030962878114,39.3612084934233],[-121.031168463531,39.3611114111747],[-121.031368337728,39.3610485943569],[-121.031705641324,39.3610057618047],[-121.031728112403,39.361002907977],[-121.031876591188,39.3609343795633],[-121.032014611937,39.36096438489],[-121.032139283319,39.3609914868552],[-121.032247786957,39.3609914872015],[-121.032459083411,39.3609629328636],[-121.032658957925,39.3609400903496],[-121.03280743594,39.3608829832405],[-121.032821723565,39.3608819979848],[-121.032973046388,39.3608715615699],[-121.033098682107,39.3609686443111],[-121.033133731534,39.3609852461405],[-121.033509721187,39.3609752628849],[-121.034343484347,39.3608496268278],[-121.035485624964,39.3608610488273],[-121.036604923676,39.36090673419],[-121.03750721499,39.3609524204377],[-121.038386664557,39.3612493770834],[-121.039231849261,39.3616262830095],[-121.040019925679,39.3619003969466],[-121.040956481693,39.3620374541265],[-121.041504709892,39.3621059826257],[-121.042269944086,39.3619689259021],[-121.042989493237,39.3616719694075],[-121.043526299566,39.3611465840853],[-121.043834678338,39.3610552125349],[-121.044908291134,39.3606326195908],[-121.045696367823,39.3603128209817],[-121.046530131272,39.3601072351621],[-121.04722683737,39.3597531718921],[-121.047478108531,39.3593648431347],[-121.047500952204,39.3589308298179],[-121.047466687453,39.3586452940831],[-121.04764942981,39.3582569660061],[-121.048117707485,39.3573089892357],[-121.048665935726,39.3566465473452],[-121.049225585246,39.3559269975474],[-121.04997939774,39.3556071988027],[-121.050607576078,39.3552188707885],[-121.051327124667,39.3547848573285],[-121.052000987513,39.3546934859286],[-121.052423580212,39.354762014177],[-121.053211657723,39.3548876504186],[-121.053976892578,39.3549219143195],[-121.054479435361,39.35478485665],[-121.054890605713,39.3545335865104],[-121.055437921614,39.3542231686407],[-121.05545038693,39.3541957458792],[-121.055518914939,39.3540986640469],[-121.055627418981,39.3539958711258],[-121.055775896737,39.353875946113],[-121.055842087699,39.3538286666836],[-121.055907111297,39.3537340870372],[-121.056101274622,39.3535856089687],[-121.056374880576,39.3535799084178],[-121.056415495691,39.3535618577996],[-121.056803823757,39.3535561472908],[-121.056907960326,39.3535821808536],[-121.05775737988,39.3536084508259],[-121.058122865001,39.3537340865465],[-121.059367799112,39.3536884008161],[-121.060281513177,39.3535285019738],[-121.061001061752,39.3532429663844],[-121.061138604126,39.3533598779054],[-121.061183935637,39.3533676937172],[-121.061176988388,39.353392504618],[-121.061229490008,39.3534371304044],[-121.061288892898,39.3535856385283],[-121.061292438626,39.3535789904577],[-121.061326703665,39.3534704857731],[-121.061463760658,39.3534761967855],[-121.061543711083,39.3535732791541],[-121.061498024349,39.3537160467881],[-121.061383811514,39.3538074182498],[-121.061378818,39.3538104500618],[-121.061389390453,39.3538368799089],[-121.061012483411,39.3540538866742],[-121.060235827561,39.3544536361477],[-121.059230742684,39.3547848571394],[-121.058282764999,39.3549104923241],[-121.057266260604,39.3550703922994],[-121.056546711123,39.3550018644076],[-121.056135540032,39.355173184896],[-121.055198983748,39.3555843557642],[-121.054662176465,39.3559269980794],[-121.054536542004,39.3563153261128],[-121.054228163565,39.3565437540336],[-121.053622829366,39.3566808112446],[-121.053108864577,39.3565894403452],[-121.052924746537,39.3565489344962],[-121.052834882909,39.3565714003156],[-121.05262358691,39.3565885323431],[-121.052400870268,39.3565885320368],[-121.052269951239,39.356536853751],[-121.051783980667,39.3566693901407],[-121.05130027867,39.3569596125285],[-121.051207332331,39.3570853629408],[-121.051138802587,39.3571824447665],[-121.050992005257,39.3573793219599],[-121.050826394404,39.3575620645388],[-121.050810127855,39.3575955533848],[-121.050824583236,39.3576858962654],[-121.050749884666,39.3577195838548],[-121.050729311681,39.3577619394156],[-121.050683626383,39.3577733608959],[-121.050603676826,39.3577904934339],[-121.050588023068,39.3577925806107],[-121.050242091643,39.3579485882375],[-121.049990819906,39.358188437626],[-121.049625333896,39.3585425016468],[-121.049386943808,39.3587265237261],[-121.049375874555,39.3587498921975],[-121.049347320373,39.3588698159022],[-121.049313057042,39.3589840308516],[-121.049290214597,39.3591267981226],[-121.049278792623,39.3592752773835],[-121.049267370531,39.3595493901489],[-121.049204554214,39.3598006618985],[-121.049221685556,39.3599377176554],[-121.049181710338,39.3601318828229],[-121.049193131796,39.3603146251329],[-121.049197782533,39.3603483428041],[-121.049271271404,39.3605412489865],[-121.049031421439,39.360963840929],[-121.048944442213,39.3610151367573],[-121.048890464609,39.3611255447697],[-121.048610490192,39.3612120825905],[-121.048585985744,39.3612265338012],[-121.048556060149,39.3612265342511],[-121.048427898323,39.3612511809999],[-121.048284949924,39.3612265341893],[-121.047946386637,39.3612265340442],[-121.047078359006,39.3611922702466],[-121.046164645961,39.3611808482915],[-121.045262354592,39.3614778054349],[-121.044613184076,39.361840578768],[-121.044624567084,39.3618565157071],[-121.044681673929,39.3619193344586],[-121.044584592178,39.3619992840447],[-121.044510353468,39.3620849438116],[-121.044413271281,39.3622105800169],[-121.044373295635,39.3623305044945],[-121.044367584915,39.3624104542425],[-121.044339032377,39.3625189582102],[-121.044287635373,39.3626388826429],[-121.04427621415,39.3627245428407],[-121.044270503222,39.3629129966366],[-121.044099182227,39.3629187074129],[-121.043967836218,39.3629244179414],[-121.043762249466,39.3629244180685],[-121.043707734207,39.3629103497994],[-121.043629093373,39.362916902846],[-121.043563411246,39.3628780909648],[-121.04339105443,39.3628730215154],[-121.04327684034,39.3629129970841],[-121.043128361724,39.3629129971715],[-121.043092036161,39.3629129973123],[-121.042909543601,39.3631339100035],[-121.042144308672,39.3635222381133],[-121.042118314801,39.3634951148548],[-121.042094724255,39.3635069099426],[-121.041957667143,39.3634897781041],[-121.041883427854,39.3633984067066],[-121.041689264306,39.3633413002839],[-121.041694975333,39.3632442179877],[-121.041706396595,39.3631128713213],[-121.04170639667,39.3630684131252],[-121.041436180394,39.3627912668838],[-121.040705210582,39.3627341596386],[-121.039962818606,39.3625628387221],[-121.039375037544,39.3624396863782],[-121.039370717292,39.3624390076832],[-121.039369376647,39.3624385004033],[-121.038763570583,39.3623115684341],[-121.037929808374,39.3620831396772],[-121.037741737595,39.3620394808875],[-121.037566133939,39.3620449687881],[-121.037280599214,39.3620335475355],[-121.037149251801,39.3620849436613],[-121.03693224606,39.362102075992],[-121.036652420826,39.3621134980875],[-121.036349753653,39.3621134982099],[-121.036189853918,39.3621134979631],[-121.036001399638,39.3621020761727],[-121.035807235947,39.3621306296789],[-121.035590229917,39.3621249191521],[-121.035396066105,39.3621706048964],[-121.035133373066,39.362216290376],[-121.034956340778,39.3622676869708],[-121.034807863108,39.3622848193456],[-121.034756466469,39.3623362152486],[-121.034585145365,39.3622791077142],[-121.034511641598,39.3621951046892],[-121.03449196226,39.3621973539878],[-121.034172163576,39.3619917680807],[-121.033646777611,39.3618775542149],[-121.033518932209,39.361762493325],[-121.033494399818,39.3617651452694],[-121.033451602306,39.3617565848484],[-121.033323078833,39.3617308795805],[-121.033220285375,39.3617537227035],[-121.033083228429,39.3617822767142],[-121.032946172115,39.3618336725866],[-121.032873241158,39.3618545105685],[-121.032801592492,39.3619575042494],[-121.03277587394,39.3619937438781],[-121.03278056159,39.362004994411],[-121.032940462127,39.3620335475923],[-121.033083228611,39.3620278367431],[-121.033248839388,39.362050679828],[-121.033403029172,39.3620678122972],[-121.033534374631,39.3620678120881],[-121.033762802887,39.3620906550597],[-121.033899860006,39.362090654731],[-121.034016365915,39.3621001006002],[-121.034111157105,39.3621077870827],[-121.03412257826,39.3622277123246],[-121.034025496119,39.3622162897451],[-121.033868468403,39.362192393985],[-121.033762803643,39.3621763153053],[-121.033574350475,39.3621820261722],[-121.033437293182,39.3621820261433],[-121.033323078683,39.3621706053891],[-121.033225997051,39.362170604603],[-121.033054675767,39.3621706049264],[-121.032906197422,39.3621648938848],[-121.032791983606,39.3621077872906],[-121.032720357134,39.362071973977],[-121.032550321855,39.3623115681197],[-121.031648031033,39.3626770532551],[-121.030859953467,39.3629169032313],[-121.030405997179,39.3630871371171],[-121.030279272936,39.3631528464185],[-121.02998802657,39.3632670599855],[-121.02990236626,39.3633413002793],[-121.029908076827,39.3634612238793],[-121.029816705484,39.3634897776759],[-121.029616831248,39.3635640173832],[-121.029571145576,39.3636782310713],[-121.029456931207,39.3637353377807],[-121.029297031443,39.3637867350409],[-121.029074314042,39.3637981563277],[-121.028868727388,39.3639180807647],[-121.02879448943,39.3640494272974],[-121.028663142888,39.3641350876766],[-121.028429004259,39.3642550126781],[-121.028286236117,39.3643749371221],[-121.02812062567,39.3644777302686],[-121.028052096838,39.3645462589295],[-121.027903618839,39.3646776050063],[-121.027829380338,39.3646661827784],[-121.027629504472,39.3645862340931],[-121.027555266559,39.3645348372489],[-121.027458515366,39.3643937424263],[-121.027376422271,39.3644016867272],[-121.027426824603,39.3648653909348],[-121.02754384378,39.3648968961584],[-121.02766948023,39.3649768461819],[-121.027560976622,39.3650682172029],[-121.027481025666,39.3651767210423],[-121.027401077328,39.3653251985987],[-121.02739536567,39.3654337024503],[-121.027452473397,39.3655193627634],[-121.027543844365,39.3655993132079],[-121.027452472463,39.3656963947762],[-121.027366811894,39.3656678408512],[-121.027309705334,39.3655764700277],[-121.027275797325,39.3655610578777],[-121.027180810279,39.3656402141436],[-121.027189780211,39.3656449979799],[-121.027098409047,39.3657306585865],[-121.027024553087,39.3657704280371],[-121.026885301216,39.3658864699257],[-121.026576922545,39.3660349486392],[-121.026211438363,39.3658179419262],[-121.02572149438,39.3656906841577],[-121.025630757693,39.3656906838931],[-121.025500013303,39.3656331560923],[-121.025475154413,39.3656266993514],[-121.025173901226,39.3655993130911],[-121.024939761856,39.3655993129],[-121.024757018639,39.3656392882067],[-121.024608541039,39.3655536269693],[-121.024442930628,39.3655193628891],[-121.024409141918,39.3655126049884],[-121.024357269841,39.3655022312802],[-121.02422592349,39.3654622559787],[-121.02420941001,39.3654567513909],[-121.023824362776,39.3654410346232],[-121.023436034695,39.3655095644728],[-121.02301199719,39.3653569102917],[-121.022895329341,39.3653366198527],[-121.022729719083,39.3653194878836],[-121.022586950772,39.3652966451911],[-121.022438472984,39.3652852241417],[-121.022301415664,39.3652795134727],[-121.022141515907,39.3652395375917],[-121.022010170195,39.3651538781494],[-121.021770319549,39.365125324408],[-121.021661816967,39.3650796388698],[-121.021279199349,39.3650567955201],[-121.021133132023,39.3650316124198],[-121.02111358924,39.3650282422639],[-121.02098224273,39.3649768457355],[-121.020931117386,39.3649385006096],[-121.020913713671,39.3649254491327],[-121.020845186299,39.3648340776392],[-121.020829683337,39.3648011333275],[-121.020489309894,39.3647557496966],[-121.019632703668,39.3645958509697],[-121.018604776987,39.3644816356564],[-121.017496900367,39.3646415356621],[-121.016286230396,39.3648585427713],[-121.015418202577,39.3651669208374],[-121.014207532641,39.3651783433631],[-121.013694256454,39.3653323268024],[-121.013632562729,39.365370885132],[-121.013369870946,39.3654736766434],[-121.013204259739,39.3655764702622],[-121.013158574961,39.3655993132383],[-121.013126163215,39.365593911058],[-121.012987254053,39.3655707592489],[-121.012918275281,39.3655379122741],[-121.012894070803,39.3655438284354],[-121.012630162004,39.365609806066],[-121.012644610596,39.3656278664359],[-121.012593458674,39.3656736344058],[-121.012536107456,39.3657249477597],[-121.012484749406,39.365658483162],[-121.012476768801,39.3656481550628],[-121.011888985967,39.3657950986492],[-121.010552680939,39.3659093132261],[-121.010050139263,39.3658978920452],[-121.009821711505,39.3658179421461],[-121.009753181684,39.3655666709282],[-121.009981609527,39.3653039779193],[-121.010655474147,39.3650869712232],[-121.011534922952,39.3648813860093],[-121.012288735998,39.3648471215708],[-121.012921955999,39.3647804670269],[-121.012964411195,39.3647655503384],[-121.012970275543,39.3647661782073],[-121.013613620514,39.3645044789266],[-121.014675811164,39.3641275733309],[-121.015287740573,39.3639882237807],[-121.015305799629,39.3639317873859],[-121.015528518615,39.3638975221115],[-121.015836895898,39.3638575469884],[-121.015886334856,39.363859486213],[-121.015893822947,39.3638597796832],[-121.017416949736,39.3637392454536],[-121.018684726657,39.3636250299318],[-121.019701232819,39.3635679228474],[-121.019714347999,39.3635679229473],[-121.019748729567,39.3635491691659],[-121.019908629868,39.3634463768506],[-121.019920287411,39.3634427339339],[-121.020091372438,39.363389268662],[-121.020274115385,39.363383559351],[-121.020485411078,39.3633778479459],[-121.020725260997,39.3633664266544],[-121.020868027638,39.3633721368588],[-121.021010796043,39.3633778483907],[-121.021216381477,39.3633435839709],[-121.021336305529,39.3634006906817],[-121.021479074323,39.3634806406578],[-121.021621841634,39.3635320374232],[-121.021781741336,39.363594854581],[-121.0219187983,39.3636348297296],[-121.022078697759,39.3636462508058],[-121.022232886896,39.3636919369832],[-121.022266420057,39.3637022547645],[-121.022864964456,39.3637735088126],[-121.023675883952,39.3639105663709],[-121.024486805336,39.3641732575761],[-121.02510356068,39.3643445789439],[-121.025537575124,39.3644702151011],[-121.02594874602,39.364470214995],[-121.02634849546,39.3642988936541],[-121.026565501923,39.3639562514041],[-121.026656872722,39.3633394951539],[-121.026885300466,39.362825531968],[-121.027273629437,39.3625628392382],[-121.027665180251,39.3626531972377],[-121.027772272311,39.3625669282252],[-121.027892196606,39.362504109934],[-121.027955015099,39.3625783489269],[-121.027846512631,39.3626868532486],[-121.027839198517,39.3626933550577],[-121.027867542691,39.3626998956191],[-121.028184752092,39.3626998961964],[-121.028444456614,39.3626133273009],[-121.028446633509,39.3626122388279],[-121.029101055066,39.3620945609285],[-121.029672126249,39.3616948120433],[-121.029708854988,39.361673339966],[-121.029803604041,39.3615340038557]],[[-121.021461941857,39.3635891438827],[-121.021199249424,39.3635149048108],[-121.021050771391,39.3635206160932],[-121.020908003021,39.3635263257006],[-121.020702418033,39.3635149047745],[-121.020531097361,39.3635263258265],[-121.020308379286,39.3635206159443],[-121.020153075611,39.3635328767635],[-121.020091371926,39.3635377481138],[-121.020044431241,39.3635679234965],[-121.020809109466,39.363567922844],[-121.021525292931,39.3636276064952],[-121.021461941857,39.3635891438827]]]},"properties":{"OBJECTID":11979,"State":"California","State_Abbrv":"CA","County":"Nevada","Ftr_Type":"Tailings - Undifferentiated","Ftr_Name":null,"Topo_Name":"Nevada City","Topo_Date":"1948","Topo_Scale":"24000, 62500","Shape__Area":7.411401429635589e-05,"Shape__Length":0.12643538074364202}}],"source":"USGS Consolidated Prospect- and Mine-Related Features from Historical Topographic Maps (2025)","source_url":"https://services.arcgis.com/v01gqwM5QqNysAAi/arcgis/rest/services/USGS_TopoMineSymbols_Consolidated/FeatureServer","coordinate_reference_system":"WGS84 (EPSG:4326)"}
