{"type":"FeatureCollection","crs":{"type":"name","properties":{"name":"EPSG:4326"}},"features":[{"type":"Feature","id":54217,"geometry":{"type":"Point","coordinates":[-120.546315454006,39.3303994058152]},"properties":{"OBJECTID":54217,"State":"California","State_Abbrv":"CA","County":"Nevada","Ftr_Type":"Adit","Ftr_Name":"Tunnel","Ftr_Azimuth":326,"Topo_Name":"Cisco Grove","Topo_Date":1955,"Topo_Scale":"24000","CompiledBy":"CA Dept Conserv","Remarks":null}},{"type":"Feature","id":54218,"geometry":{"type":"Point","coordinates":[-120.570535179476,39.4407786277234]},"properties":{"OBJECTID":54218,"State":"California","State_Abbrv":"CA","County":"Nevada","Ftr_Type":"Adit","Ftr_Name":null,"Ftr_Azimuth":69,"Topo_Name":"English Mtn.","Topo_Date":1983,"Topo_Scale":"24000","CompiledBy":"CA Dept Conserv","Remarks":null}},{"type":"Feature","id":54219,"geometry":{"type":"Point","coordinates":[-120.940883093668,39.1606924971361]},"properties":{"OBJECTID":54219,"State":"California","State_Abbrv":"CA","County":"Nevada","Ftr_Type":"Adit","Ftr_Name":null,"Ftr_Azimuth":265,"Topo_Name":"Chicago Park","Topo_Date":1949,"Topo_Scale":"24000","CompiledBy":"CA Dept Conserv","Remarks":null}},{"type":"Feature","id":54220,"geometry":{"type":"Point","coordinates":[-121.128627023081,39.246081841244]},"properties":{"OBJECTID":54220,"State":"California","State_Abbrv":"CA","County":"Nevada","Ftr_Type":"Adit","Ftr_Name":"Niagra Mine","Ftr_Azimuth":21,"Topo_Name":"Rough And Ready","Topo_Date":1949,"Topo_Scale":"24000","CompiledBy":"CA Dept Conserv","Remarks":null}},{"type":"Feature","id":54221,"geometry":{"type":"Point","coordinates":[-120.978216348657,39.4126786401774]},"properties":{"OBJECTID":54221,"State":"California","State_Abbrv":"CA","County":"Nevada","Ftr_Type":"Adit","Ftr_Name":null,"Ftr_Azimuth":117,"Topo_Name":"Pike","Topo_Date":1949,"Topo_Scale":"24000","CompiledBy":"CA Dept Conserv","Remarks":null}},{"type":"Feature","id":54222,"geometry":{"type":"Point","coordinates":[-120.903245596853,39.2294504616879]},"properties":{"OBJECTID":54222,"State":"California","State_Abbrv":"CA","County":"Nevada","Ftr_Type":"Adit","Ftr_Name":null,"Ftr_Azimuth":203,"Topo_Name":"Chicago Park","Topo_Date":1949,"Topo_Scale":"24000","CompiledBy":"CA Dept Conserv","Remarks":null}},{"type":"Feature","id":54223,"geometry":{"type":"Point","coordinates":[-121.154864585316,39.2299374172103]},"properties":{"OBJECTID":54223,"State":"California","State_Abbrv":"CA","County":"Nevada","Ftr_Type":"Adit","Ftr_Name":"Mistletoe Mine","Ftr_Azimuth":193,"Topo_Name":"Rough And Ready","Topo_Date":1949,"Topo_Scale":"24000","CompiledBy":"CA Dept Conserv","Remarks":null}},{"type":"Feature","id":54224,"geometry":{"type":"Point","coordinates":[-120.833672429257,39.4361372326807]},"properties":{"OBJECTID":54224,"State":"California","State_Abbrv":"CA","County":"Nevada","Ftr_Type":"Adit","Ftr_Name":null,"Ftr_Azimuth":281,"Topo_Name":"Alleghany","Topo_Date":2000,"Topo_Scale":"24000","CompiledBy":"USGS","Remarks":null}},{"type":"Feature","id":54225,"geometry":{"type":"Point","coordinates":[-120.519904114401,39.3658502299487]},"properties":{"OBJECTID":54225,"State":"California","State_Abbrv":"CA","County":"Nevada","Ftr_Type":"Adit","Ftr_Name":"Tunnel","Ftr_Azimuth":353,"Topo_Name":"Cisco Grove","Topo_Date":1955,"Topo_Scale":"24000","CompiledBy":"CA Dept Conserv","Remarks":null}},{"type":"Feature","id":54226,"geometry":{"type":"Point","coordinates":[-120.973757710783,39.2686022500955]},"properties":{"OBJECTID":54226,"State":"California","State_Abbrv":"CA","County":"Nevada","Ftr_Type":"Adit","Ftr_Name":"St Louis Mine","Ftr_Azimuth":49,"Topo_Name":"North Bloomfield","Topo_Date":1949,"Topo_Scale":"24000","CompiledBy":"CA Dept Conserv","Remarks":null}},{"type":"Feature","id":54227,"geometry":{"type":"Point","coordinates":[-120.936674389677,39.1539328948645]},"properties":{"OBJECTID":54227,"State":"California","State_Abbrv":"CA","County":"Nevada","Ftr_Type":"Adit","Ftr_Name":"Ben Day Mine","Ftr_Azimuth":308,"Topo_Name":"Chicago Park","Topo_Date":1949,"Topo_Scale":"24000","CompiledBy":"USGS","Remarks":null}},{"type":"Feature","id":54228,"geometry":{"type":"Point","coordinates":[-120.936396479952,39.1876971219816]},"properties":{"OBJECTID":54228,"State":"California","State_Abbrv":"CA","County":"Nevada","Ftr_Type":"Adit","Ftr_Name":"Arrowhead Mine","Ftr_Azimuth":105,"Topo_Name":"Chicago Park","Topo_Date":1949,"Topo_Scale":"24000","CompiledBy":"CA Dept Conserv","Remarks":null}},{"type":"Feature","id":54229,"geometry":{"type":"Point","coordinates":[-121.139902500061,39.0729194758537]},"properties":{"OBJECTID":54229,"State":"California","State_Abbrv":"CA","County":"Nevada","Ftr_Type":"Adit","Ftr_Name":"Pine Hill Mine","Ftr_Azimuth":222,"Topo_Name":"Wolf","Topo_Date":1949,"Topo_Scale":"24000","CompiledBy":"USGS","Remarks":null}},{"type":"Feature","id":54230,"geometry":{"type":"Point","coordinates":[-121.14031943233,39.0735711786826]},"properties":{"OBJECTID":54230,"State":"California","State_Abbrv":"CA","County":"Nevada","Ftr_Type":"Adit","Ftr_Name":"Pine Hill Mine","Ftr_Azimuth":238,"Topo_Name":"Wolf","Topo_Date":1995,"Topo_Scale":"24000","CompiledBy":"CA Dept Conserv","Remarks":null}},{"type":"Feature","id":54231,"geometry":{"type":"Point","coordinates":[-121.205870823464,39.1867781780785]},"properties":{"OBJECTID":54231,"State":"California","State_Abbrv":"CA","County":"Nevada","Ftr_Type":"Adit","Ftr_Name":null,"Ftr_Azimuth":177,"Topo_Name":"Rough And Ready","Topo_Date":1949,"Topo_Scale":"24000","CompiledBy":"CA Dept Conserv","Remarks":null}},{"type":"Feature","id":54232,"geometry":{"type":"Point","coordinates":[-120.755411088747,39.3314830921708]},"properties":{"OBJECTID":54232,"State":"California","State_Abbrv":"CA","County":"Nevada","Ftr_Type":"Adit","Ftr_Name":"Zeibright Mine","Ftr_Azimuth":70,"Topo_Name":"Washington","Topo_Date":1950,"Topo_Scale":"24000","CompiledBy":"CA Dept Conserv","Remarks":null}},{"type":"Feature","id":54233,"geometry":{"type":"Point","coordinates":[-120.841496247421,39.4269916898824]},"properties":{"OBJECTID":54233,"State":"California","State_Abbrv":"CA","County":"Nevada","Ftr_Type":"Adit","Ftr_Name":"Maid of Orleans Mine","Ftr_Azimuth":63,"Topo_Name":"Alleghany","Topo_Date":1949,"Topo_Scale":"24000","CompiledBy":"CA Dept Conserv","Remarks":null}},{"type":"Feature","id":54234,"geometry":{"type":"Point","coordinates":[-121.040888391409,39.2864406070184]},"properties":{"OBJECTID":54234,"State":"California","State_Abbrv":"CA","County":"Nevada","Ftr_Type":"Adit","Ftr_Name":"Daisy Blue Mine","Ftr_Azimuth":161,"Topo_Name":"Nevada City","Topo_Date":1948,"Topo_Scale":"24000","CompiledBy":"USGS","Remarks":null}},{"type":"Feature","id":54235,"geometry":{"type":"Point","coordinates":[-121.020881410876,39.2412993371506]},"properties":{"OBJECTID":54235,"State":"California","State_Abbrv":"CA","County":"Nevada","Ftr_Type":"Adit","Ftr_Name":null,"Ftr_Azimuth":164,"Topo_Name":"Grass Valley","Topo_Date":1949,"Topo_Scale":"24000","CompiledBy":"CA Dept Conserv","Remarks":null}},{"type":"Feature","id":54236,"geometry":{"type":"Point","coordinates":[-120.787586590047,39.3819568689359]},"properties":{"OBJECTID":54236,"State":"California","State_Abbrv":"CA","County":"Nevada","Ftr_Type":"Adit","Ftr_Name":"Spanish Mine","Ftr_Azimuth":351,"Topo_Name":"Alleghany","Topo_Date":1949,"Topo_Scale":"24000","CompiledBy":"CA Dept Conserv","Remarks":"Labeled as inactive."}},{"type":"Feature","id":54237,"geometry":{"type":"Point","coordinates":[-120.648825678287,39.379556647849]},"properties":{"OBJECTID":54237,"State":"California","State_Abbrv":"CA","County":"Nevada","Ftr_Type":"Adit","Ftr_Name":null,"Ftr_Azimuth":58,"Topo_Name":"Graniteville","Topo_Date":1982,"Topo_Scale":"24000","CompiledBy":"CA Dept Conserv","Remarks":null}},{"type":"Feature","id":54238,"geometry":{"type":"Point","coordinates":[-120.907306224453,39.2388859975825]},"properties":{"OBJECTID":54238,"State":"California","State_Abbrv":"CA","County":"Nevada","Ftr_Type":"Adit","Ftr_Name":null,"Ftr_Azimuth":48,"Topo_Name":"Chicago Park","Topo_Date":1949,"Topo_Scale":"24000","CompiledBy":"CA Dept Conserv","Remarks":null}},{"type":"Feature","id":54239,"geometry":{"type":"Point","coordinates":[-120.899565964102,39.1954646202239]},"properties":{"OBJECTID":54239,"State":"California","State_Abbrv":"CA","County":"Nevada","Ftr_Type":"Adit","Ftr_Name":null,"Ftr_Azimuth":90,"Topo_Name":"Chicago Park","Topo_Date":1949,"Topo_Scale":"24000","CompiledBy":"CA Dept Conserv","Remarks":null}},{"type":"Feature","id":54240,"geometry":{"type":"Point","coordinates":[-120.837115248052,39.4326024008848]},"properties":{"OBJECTID":54240,"State":"California","State_Abbrv":"CA","County":"Nevada","Ftr_Type":"Adit","Ftr_Name":null,"Ftr_Azimuth":76,"Topo_Name":"Alleghany","Topo_Date":1949,"Topo_Scale":"24000","CompiledBy":"CA Dept Conserv","Remarks":null}},{"type":"Feature","id":54241,"geometry":{"type":"Point","coordinates":[-120.818987777379,39.4194905997596]},"properties":{"OBJECTID":54241,"State":"California","State_Abbrv":"CA","County":"Nevada","Ftr_Type":"Adit","Ftr_Name":"Sadie D Mine","Ftr_Azimuth":114,"Topo_Name":"Alleghany","Topo_Date":1949,"Topo_Scale":"24000","CompiledBy":"CA Dept Conserv","Remarks":"Labeled as inactive."}},{"type":"Feature","id":54242,"geometry":{"type":"Point","coordinates":[-120.76376215651,39.4239730867485]},"properties":{"OBJECTID":54242,"State":"California","State_Abbrv":"CA","County":"Nevada","Ftr_Type":"Adit","Ftr_Name":null,"Ftr_Azimuth":332,"Topo_Name":"Alleghany","Topo_Date":1949,"Topo_Scale":"24000","CompiledBy":"CA Dept Conserv","Remarks":null}},{"type":"Feature","id":54243,"geometry":{"type":"Point","coordinates":[-121.149367899419,39.2447213607635]},"properties":{"OBJECTID":54243,"State":"California","State_Abbrv":"CA","County":"Nevada","Ftr_Type":"Adit","Ftr_Name":"Black Bear Mine","Ftr_Azimuth":125,"Topo_Name":"Rough And Ready","Topo_Date":1949,"Topo_Scale":"24000","CompiledBy":"CA Dept Conserv","Remarks":null}},{"type":"Feature","id":54244,"geometry":{"type":"Point","coordinates":[-120.932332597619,39.1565291000873]},"properties":{"OBJECTID":54244,"State":"California","State_Abbrv":"CA","County":"Nevada","Ftr_Type":"Adit","Ftr_Name":null,"Ftr_Azimuth":310,"Topo_Name":"Chicago Park","Topo_Date":1949,"Topo_Scale":"24000","CompiledBy":"CA Dept Conserv","Remarks":null}},{"type":"Feature","id":54245,"geometry":{"type":"Point","coordinates":[-120.512564509418,39.3430023170122]},"properties":{"OBJECTID":54245,"State":"California","State_Abbrv":"CA","County":"Nevada","Ftr_Type":"Adit","Ftr_Name":"Tunnel","Ftr_Azimuth":66,"Topo_Name":"Cisco Grove","Topo_Date":1955,"Topo_Scale":"24000","CompiledBy":"CA Dept Conserv","Remarks":null}},{"type":"Feature","id":54246,"geometry":{"type":"Point","coordinates":[-121.129719485315,39.2149282671656]},"properties":{"OBJECTID":54246,"State":"California","State_Abbrv":"CA","County":"Nevada","Ftr_Type":"Adit","Ftr_Name":null,"Ftr_Azimuth":71,"Topo_Name":"Rough And Ready","Topo_Date":1949,"Topo_Scale":"24000","CompiledBy":"CA Dept Conserv","Remarks":null}},{"type":"Feature","id":54247,"geometry":{"type":"Point","coordinates":[-120.5117434975,39.3442200372817]},"properties":{"OBJECTID":54247,"State":"California","State_Abbrv":"CA","County":"Nevada","Ftr_Type":"Adit","Ftr_Name":null,"Ftr_Azimuth":348,"Topo_Name":"Cisco Grove","Topo_Date":1955,"Topo_Scale":"24000","CompiledBy":"CA Dept Conserv","Remarks":null}},{"type":"Feature","id":54248,"geometry":{"type":"Point","coordinates":[-120.707313321486,39.3734141917249]},"properties":{"OBJECTID":54248,"State":"California","State_Abbrv":"CA","County":"Nevada","Ftr_Type":"Adit","Ftr_Name":"Arctic Mine","Ftr_Azimuth":49,"Topo_Name":"Blue Canyon","Topo_Date":1955,"Topo_Scale":"24000","CompiledBy":"CA Dept Conserv","Remarks":null}},{"type":"Feature","id":54249,"geometry":{"type":"Point","coordinates":[-120.834186625984,39.4381810042373]},"properties":{"OBJECTID":54249,"State":"California","State_Abbrv":"CA","County":"Nevada","Ftr_Type":"Adit","Ftr_Name":"Sleeping Beauty Mine","Ftr_Azimuth":282,"Topo_Name":"Alleghany","Topo_Date":1949,"Topo_Scale":"24000","CompiledBy":"CA Dept Conserv","Remarks":null}},{"type":"Feature","id":54250,"geometry":{"type":"Point","coordinates":[-121.133240598227,39.2485592346447]},"properties":{"OBJECTID":54250,"State":"California","State_Abbrv":"CA","County":"Nevada","Ftr_Type":"Adit","Ftr_Name":"Kentucky Ride Mine","Ftr_Azimuth":351,"Topo_Name":"Rough And Ready","Topo_Date":1949,"Topo_Scale":"24000","CompiledBy":"CA Dept Conserv","Remarks":null}},{"type":"Feature","id":54251,"geometry":{"type":"Point","coordinates":[-120.991512909036,39.4097210741645]},"properties":{"OBJECTID":54251,"State":"California","State_Abbrv":"CA","County":"Nevada","Ftr_Type":"Adit","Ftr_Name":null,"Ftr_Azimuth":222,"Topo_Name":"Pike","Topo_Date":1949,"Topo_Scale":"24000","CompiledBy":"CA Dept Conserv","Remarks":null}},{"type":"Feature","id":54252,"geometry":{"type":"Point","coordinates":[-120.754389651874,39.4185831076656]},"properties":{"OBJECTID":54252,"State":"California","State_Abbrv":"CA","County":"Nevada","Ftr_Type":"Adit","Ftr_Name":null,"Ftr_Azimuth":102,"Topo_Name":"Alleghany","Topo_Date":1949,"Topo_Scale":"24000","CompiledBy":"CA Dept Conserv","Remarks":null}},{"type":"Feature","id":54253,"geometry":{"type":"Point","coordinates":[-120.754702119507,39.4184929478623]},"properties":{"OBJECTID":54253,"State":"California","State_Abbrv":"CA","County":"Nevada","Ftr_Type":"Adit","Ftr_Name":null,"Ftr_Azimuth":150,"Topo_Name":"Alleghany","Topo_Date":1949,"Topo_Scale":"24000","CompiledBy":"CA Dept Conserv","Remarks":null}},{"type":"Feature","id":54254,"geometry":{"type":"Point","coordinates":[-120.804755059732,39.2584349727375]},"properties":{"OBJECTID":54254,"State":"California","State_Abbrv":"CA","County":"Nevada","Ftr_Type":"Adit","Ftr_Name":"Swamp Angel Mine","Ftr_Azimuth":105,"Topo_Name":"Washington","Topo_Date":1950,"Topo_Scale":"24000","CompiledBy":"CA Dept Conserv","Remarks":null}},{"type":"Feature","id":54255,"geometry":{"type":"Point","coordinates":[-120.906936892563,39.2385400633893]},"properties":{"OBJECTID":54255,"State":"California","State_Abbrv":"CA","County":"Nevada","Ftr_Type":"Adit","Ftr_Name":null,"Ftr_Azimuth":44,"Topo_Name":"Chicago Park","Topo_Date":1949,"Topo_Scale":"24000","CompiledBy":"CA Dept Conserv","Remarks":null}},{"type":"Feature","id":54256,"geometry":{"type":"Point","coordinates":[-120.64968953653,39.3792234823351]},"properties":{"OBJECTID":54256,"State":"California","State_Abbrv":"CA","County":"Nevada","Ftr_Type":"Adit","Ftr_Name":null,"Ftr_Azimuth":230,"Topo_Name":"Graniteville","Topo_Date":1982,"Topo_Scale":"24000","CompiledBy":"CA Dept Conserv","Remarks":null}},{"type":"Feature","id":54257,"geometry":{"type":"Point","coordinates":[-120.787244188947,39.3818929049834]},"properties":{"OBJECTID":54257,"State":"California","State_Abbrv":"CA","County":"Nevada","Ftr_Type":"Adit","Ftr_Name":null,"Ftr_Azimuth":34,"Topo_Name":"Alleghany","Topo_Date":1949,"Topo_Scale":"24000","CompiledBy":"CA Dept Conserv","Remarks":"Labeled as inactive."}},{"type":"Feature","id":54258,"geometry":{"type":"Point","coordinates":[-120.872495057655,39.3033591805193]},"properties":{"OBJECTID":54258,"State":"California","State_Abbrv":"CA","County":"Nevada","Ftr_Type":"Adit","Ftr_Name":null,"Ftr_Azimuth":144,"Topo_Name":"Washington","Topo_Date":1950,"Topo_Scale":"24000","CompiledBy":"CA Dept Conserv","Remarks":null}},{"type":"Feature","id":54259,"geometry":{"type":"Point","coordinates":[-120.867748258594,39.3054787450867]},"properties":{"OBJECTID":54259,"State":"California","State_Abbrv":"CA","County":"Nevada","Ftr_Type":"Adit","Ftr_Name":null,"Ftr_Azimuth":142,"Topo_Name":"Washington","Topo_Date":1950,"Topo_Scale":"24000","CompiledBy":"CA Dept Conserv","Remarks":null}},{"type":"Feature","id":54260,"geometry":{"type":"Point","coordinates":[-120.546182620221,39.3298857202672]},"properties":{"OBJECTID":54260,"State":"California","State_Abbrv":"CA","County":"Nevada","Ftr_Type":"Adit","Ftr_Name":"Tunnel","Ftr_Azimuth":328,"Topo_Name":"Cisco Grove","Topo_Date":1955,"Topo_Scale":"24000","CompiledBy":"CA Dept Conserv","Remarks":null}},{"type":"Feature","id":54261,"geometry":{"type":"Point","coordinates":[-121.12199452684,39.1991255538579]},"properties":{"OBJECTID":54261,"State":"California","State_Abbrv":"CA","County":"Nevada","Ftr_Type":"Adit","Ftr_Name":null,"Ftr_Azimuth":81,"Topo_Name":"Grass Valley","Topo_Date":1949,"Topo_Scale":"24000","CompiledBy":"CA Dept Conserv","Remarks":null}},{"type":"Feature","id":54262,"geometry":{"type":"Point","coordinates":[-120.355348873573,39.3173900200541]},"properties":{"OBJECTID":54262,"State":"California","State_Abbrv":"CA","County":"Nevada","Ftr_Type":"Adit","Ftr_Name":null,"Ftr_Azimuth":217,"Topo_Name":"Norden","Topo_Date":1955,"Topo_Scale":"24000","CompiledBy":"USGS","Remarks":null}},{"type":"Feature","id":54263,"geometry":{"type":"Point","coordinates":[-121.045412148504,39.2009077321446]},"properties":{"OBJECTID":54263,"State":"California","State_Abbrv":"CA","County":"Nevada","Ftr_Type":"Adit","Ftr_Name":null,"Ftr_Azimuth":227,"Topo_Name":"Grass Valley","Topo_Date":1949,"Topo_Scale":"24000","CompiledBy":"CA Dept Conserv","Remarks":null}},{"type":"Feature","id":54264,"geometry":{"type":"Point","coordinates":[-120.940662634924,39.1607084843331]},"properties":{"OBJECTID":54264,"State":"California","State_Abbrv":"CA","County":"Nevada","Ftr_Type":"Adit","Ftr_Name":null,"Ftr_Azimuth":261,"Topo_Name":"Chicago Park","Topo_Date":1949,"Topo_Scale":"24000","CompiledBy":"CA Dept Conserv","Remarks":null}},{"type":"Feature","id":54265,"geometry":{"type":"Point","coordinates":[-121.038193107854,39.2588017268231]},"properties":{"OBJECTID":54265,"State":"California","State_Abbrv":"CA","County":"Nevada","Ftr_Type":"Adit","Ftr_Name":"Champion Mine","Ftr_Azimuth":131,"Topo_Name":"Nevada City","Topo_Date":1948,"Topo_Scale":"24000","CompiledBy":"USGS","Remarks":null}},{"type":"Feature","id":54266,"geometry":{"type":"Point","coordinates":[-120.838506402835,39.4321517066462]},"properties":{"OBJECTID":54266,"State":"California","State_Abbrv":"CA","County":"Nevada","Ftr_Type":"Adit","Ftr_Name":null,"Ftr_Azimuth":153,"Topo_Name":"Alleghany","Topo_Date":1949,"Topo_Scale":"24000","CompiledBy":"CA Dept Conserv","Remarks":null}},{"type":"Feature","id":54267,"geometry":{"type":"Point","coordinates":[-120.538506380162,39.3410218802067]},"properties":{"OBJECTID":54267,"State":"California","State_Abbrv":"CA","County":"Nevada","Ftr_Type":"Adit","Ftr_Name":"Tunnel","Ftr_Azimuth":88,"Topo_Name":"Cisco Grove","Topo_Date":1955,"Topo_Scale":"24000","CompiledBy":"CA Dept Conserv","Remarks":null}},{"type":"Feature","id":54268,"geometry":{"type":"Point","coordinates":[-120.534619552275,39.3413675207587]},"properties":{"OBJECTID":54268,"State":"California","State_Abbrv":"CA","County":"Nevada","Ftr_Type":"Adit","Ftr_Name":null,"Ftr_Azimuth":248,"Topo_Name":"Cisco Grove","Topo_Date":1955,"Topo_Scale":"24000","CompiledBy":"CA Dept Conserv","Remarks":null}},{"type":"Feature","id":54269,"geometry":{"type":"Point","coordinates":[-120.936473296764,39.1541094647878]},"properties":{"OBJECTID":54269,"State":"California","State_Abbrv":"CA","County":"Nevada","Ftr_Type":"Adit","Ftr_Name":null,"Ftr_Azimuth":312,"Topo_Name":"Chicago Park","Topo_Date":1949,"Topo_Scale":"24000","CompiledBy":"USGS","Remarks":null}},{"type":"Feature","id":54270,"geometry":{"type":"Point","coordinates":[-120.526290043447,39.3814659247367]},"properties":{"OBJECTID":54270,"State":"California","State_Abbrv":"CA","County":"Nevada","Ftr_Type":"Adit","Ftr_Name":null,"Ftr_Azimuth":105,"Topo_Name":"English Mtn.","Topo_Date":1983,"Topo_Scale":"24000","CompiledBy":"CA Dept Conserv","Remarks":null}},{"type":"Feature","id":54271,"geometry":{"type":"Point","coordinates":[-120.757929761722,39.4192890934374]},"properties":{"OBJECTID":54271,"State":"California","State_Abbrv":"CA","County":"Nevada","Ftr_Type":"Adit","Ftr_Name":"Ancho Erie Mine","Ftr_Azimuth":124,"Topo_Name":"Alleghany","Topo_Date":1949,"Topo_Scale":"24000","CompiledBy":"CA Dept Conserv","Remarks":null}},{"type":"Feature","id":54272,"geometry":{"type":"Point","coordinates":[-120.774145079965,39.258833157984]},"properties":{"OBJECTID":54272,"State":"California","State_Abbrv":"CA","County":"Nevada","Ftr_Type":"Adit","Ftr_Name":"Mammoth Spr Mine","Ftr_Azimuth":5,"Topo_Name":"Washington","Topo_Date":1950,"Topo_Scale":"24000","CompiledBy":"CA Dept Conserv","Remarks":null}},{"type":"Feature","id":54273,"geometry":{"type":"Point","coordinates":[-120.709691488164,39.3714289429204]},"properties":{"OBJECTID":54273,"State":"California","State_Abbrv":"CA","County":"Nevada","Ftr_Type":"Adit","Ftr_Name":"Mountain View Mine","Ftr_Azimuth":152,"Topo_Name":"Blue Canyon","Topo_Date":1955,"Topo_Scale":"24000","CompiledBy":"CA Dept Conserv","Remarks":null}},{"type":"Feature","id":54274,"geometry":{"type":"Point","coordinates":[-120.727198835726,39.2908783140059]},"properties":{"OBJECTID":54274,"State":"California","State_Abbrv":"CA","County":"Nevada","Ftr_Type":"Adit","Ftr_Name":"Zeibright Mine","Ftr_Azimuth":2,"Topo_Name":"Blue Canyon","Topo_Date":1955,"Topo_Scale":"24000","CompiledBy":"CA Dept Conserv","Remarks":null}},{"type":"Feature","id":54275,"geometry":{"type":"Point","coordinates":[-120.752192754203,39.3960540023386]},"properties":{"OBJECTID":54275,"State":"California","State_Abbrv":"CA","County":"Nevada","Ftr_Type":"Adit","Ftr_Name":"Gaston Mine","Ftr_Azimuth":84,"Topo_Name":"Alleghany","Topo_Date":1949,"Topo_Scale":"24000","CompiledBy":"CA Dept Conserv","Remarks":"Labeled as inactive."}},{"type":"Feature","id":54276,"geometry":{"type":"Point","coordinates":[-120.883878040629,39.3444649283802]},"properties":{"OBJECTID":54276,"State":"California","State_Abbrv":"CA","County":"Nevada","Ftr_Type":"Adit","Ftr_Name":null,"Ftr_Azimuth":120,"Topo_Name":"North Bloomfield","Topo_Date":1949,"Topo_Scale":"24000","CompiledBy":"CA Dept Conserv","Remarks":null}},{"type":"Feature","id":54277,"geometry":{"type":"Point","coordinates":[-120.538430868974,39.3407793567711]},"properties":{"OBJECTID":54277,"State":"California","State_Abbrv":"CA","County":"Nevada","Ftr_Type":"Adit","Ftr_Name":"Tunnel","Ftr_Azimuth":70,"Topo_Name":"Cisco Grove","Topo_Date":1955,"Topo_Scale":"24000","CompiledBy":"CA Dept Conserv","Remarks":null}},{"type":"Feature","id":54278,"geometry":{"type":"Point","coordinates":[-120.494059421498,39.3895185387895]},"properties":{"OBJECTID":54278,"State":"California","State_Abbrv":"CA","County":"Nevada","Ftr_Type":"Adit","Ftr_Name":"Anderson Mine","Ftr_Azimuth":85,"Topo_Name":"Webber Peak","Topo_Date":1981,"Topo_Scale":"24000","CompiledBy":"CA Dept Conserv","Remarks":null}},{"type":"Feature","id":54279,"geometry":{"type":"Point","coordinates":[-121.093263110759,39.2379207609988]},"properties":{"OBJECTID":54279,"State":"California","State_Abbrv":"CA","County":"Nevada","Ftr_Type":"Adit","Ftr_Name":null,"Ftr_Azimuth":223,"Topo_Name":"Grass Valley","Topo_Date":1949,"Topo_Scale":"24000","CompiledBy":"CA Dept Conserv","Remarks":null}},{"type":"Feature","id":54280,"geometry":{"type":"Point","coordinates":[-120.535915767464,39.3421761221651]},"properties":{"OBJECTID":54280,"State":"California","State_Abbrv":"CA","County":"Nevada","Ftr_Type":"Adit","Ftr_Name":null,"Ftr_Azimuth":259,"Topo_Name":"Cisco Grove","Topo_Date":1955,"Topo_Scale":"24000","CompiledBy":"CA Dept Conserv","Remarks":null}},{"type":"Feature","id":54281,"geometry":{"type":"Point","coordinates":[-121.112670651802,39.2232975062124]},"properties":{"OBJECTID":54281,"State":"California","State_Abbrv":"CA","County":"Nevada","Ftr_Type":"Adit","Ftr_Name":null,"Ftr_Azimuth":18,"Topo_Name":"Grass Valley","Topo_Date":1949,"Topo_Scale":"24000","CompiledBy":"CA Dept Conserv","Remarks":null}},{"type":"Feature","id":54282,"geometry":{"type":"Point","coordinates":[-120.817265851105,39.4388247161864]},"properties":{"OBJECTID":54282,"State":"California","State_Abbrv":"CA","County":"Nevada","Ftr_Type":"Adit","Ftr_Name":"German Bar Mine","Ftr_Azimuth":94,"Topo_Name":"Alleghany","Topo_Date":1949,"Topo_Scale":"24000","CompiledBy":"CA Dept Conserv","Remarks":"Labeled as inactive."}},{"type":"Feature","id":54283,"geometry":{"type":"Point","coordinates":[-120.79569330087,39.336984280925]},"properties":{"OBJECTID":54283,"State":"California","State_Abbrv":"CA","County":"Nevada","Ftr_Type":"Adit","Ftr_Name":"Giant King Mine","Ftr_Azimuth":101,"Topo_Name":"Washington","Topo_Date":1950,"Topo_Scale":"24000","CompiledBy":"CA Dept Conserv","Remarks":null}},{"type":"Feature","id":54284,"geometry":{"type":"Point","coordinates":[-120.816345618739,39.4380808986944]},"properties":{"OBJECTID":54284,"State":"California","State_Abbrv":"CA","County":"Nevada","Ftr_Type":"Adit","Ftr_Name":null,"Ftr_Azimuth":106,"Topo_Name":"Alleghany","Topo_Date":1949,"Topo_Scale":"24000","CompiledBy":"CA Dept Conserv","Remarks":null}},{"type":"Feature","id":54285,"geometry":{"type":"Point","coordinates":[-120.72318323651,39.3882942298479]},"properties":{"OBJECTID":54285,"State":"California","State_Abbrv":"CA","County":"Nevada","Ftr_Type":"Adit","Ftr_Name":"Baltic Mine","Ftr_Azimuth":96,"Topo_Name":"Emigrant Gap","Topo_Date":1955,"Topo_Scale":"62500","CompiledBy":"USGS","Remarks":null}},{"type":"Feature","id":54286,"geometry":{"type":"Point","coordinates":[-120.640282062178,39.4461800238443]},"properties":{"OBJECTID":54286,"State":"California","State_Abbrv":"CA","County":"Nevada","Ftr_Type":"Adit","Ftr_Name":"Yellow Metal Mine","Ftr_Azimuth":143,"Topo_Name":"Emigrant Gap","Topo_Date":1955,"Topo_Scale":"62500","CompiledBy":"USGS","Remarks":null}},{"type":"Feature","id":54287,"geometry":{"type":"Point","coordinates":[-120.655330919675,39.3804729178772]},"properties":{"OBJECTID":54287,"State":"California","State_Abbrv":"CA","County":"Nevada","Ftr_Type":"Adit","Ftr_Name":"Snowflower Mine","Ftr_Azimuth":132,"Topo_Name":"Emigrant Gap","Topo_Date":1955,"Topo_Scale":"62500","CompiledBy":"USGS","Remarks":null}},{"type":"Feature","id":54288,"geometry":{"type":"Point","coordinates":[-120.729848193781,39.4579600908303]},"properties":{"OBJECTID":54288,"State":"California","State_Abbrv":"CA","County":"Nevada","Ftr_Type":"Adit","Ftr_Name":"Rattlesnake Mine","Ftr_Azimuth":61,"Topo_Name":"Emigrant Gap","Topo_Date":1955,"Topo_Scale":"62500","CompiledBy":"USGS","Remarks":null}},{"type":"Feature","id":54289,"geometry":{"type":"Point","coordinates":[-120.708349738774,39.4172993213261]},"properties":{"OBJECTID":54289,"State":"California","State_Abbrv":"CA","County":"Nevada","Ftr_Type":"Adit","Ftr_Name":"Barren Mine","Ftr_Azimuth":177,"Topo_Name":"Emigrant Gap","Topo_Date":1955,"Topo_Scale":"62500","CompiledBy":"USGS","Remarks":null}},{"type":"Feature","id":54290,"geometry":{"type":"Point","coordinates":[-120.730249633374,39.4632017465137]},"properties":{"OBJECTID":54290,"State":"California","State_Abbrv":"CA","County":"Nevada","Ftr_Type":"Adit","Ftr_Name":null,"Ftr_Azimuth":76,"Topo_Name":"Emigrant Gap","Topo_Date":1955,"Topo_Scale":"62500","CompiledBy":"USGS","Remarks":null}},{"type":"Feature","id":54291,"geometry":{"type":"Point","coordinates":[-120.833786550019,39.4380964101459]},"properties":{"OBJECTID":54291,"State":"California","State_Abbrv":"CA","County":"Nevada","Ftr_Type":"Adit","Ftr_Name":"Sleeping Beauty","Ftr_Azimuth":286,"Topo_Name":"Alleghany","Topo_Date":1950,"Topo_Scale":"62500","CompiledBy":"USGS","Remarks":null}},{"type":"Feature","id":54292,"geometry":{"type":"Point","coordinates":[-120.729630269249,39.4627773678992]},"properties":{"OBJECTID":54292,"State":"California","State_Abbrv":"CA","County":"Nevada","Ftr_Type":"Adit","Ftr_Name":null,"Ftr_Azimuth":117,"Topo_Name":"Emigrant Gap","Topo_Date":1955,"Topo_Scale":"62500","CompiledBy":"USGS","Remarks":null}},{"type":"Feature","id":54293,"geometry":{"type":"Point","coordinates":[-120.721674065699,39.4077137983519]},"properties":{"OBJECTID":54293,"State":"California","State_Abbrv":"CA","County":"Nevada","Ftr_Type":"Adit","Ftr_Name":"Jim Mine","Ftr_Azimuth":82,"Topo_Name":"Emigrant Gap","Topo_Date":1955,"Topo_Scale":"62500","CompiledBy":"USGS","Remarks":null}},{"type":"Feature","id":54294,"geometry":{"type":"Point","coordinates":[-120.732241229187,39.4472500432402]},"properties":{"OBJECTID":54294,"State":"California","State_Abbrv":"CA","County":"Nevada","Ftr_Type":"Adit","Ftr_Name":null,"Ftr_Azimuth":51,"Topo_Name":"Emigrant Gap","Topo_Date":1955,"Topo_Scale":"62500","CompiledBy":"USGS","Remarks":null}},{"type":"Feature","id":54295,"geometry":{"type":"Point","coordinates":[-120.507597829229,39.3948805666504]},"properties":{"OBJECTID":54295,"State":"California","State_Abbrv":"CA","County":"Nevada","Ftr_Type":"Adit","Ftr_Name":null,"Ftr_Azimuth":42,"Topo_Name":"Emigrant Gap","Topo_Date":1955,"Topo_Scale":"62500","CompiledBy":"USGS","Remarks":null}},{"type":"Feature","id":54296,"geometry":{"type":"Point","coordinates":[-120.740907983395,39.4308817488892]},"properties":{"OBJECTID":54296,"State":"California","State_Abbrv":"CA","County":"Nevada","Ftr_Type":"Adit","Ftr_Name":"Spotswood Mine","Ftr_Azimuth":64,"Topo_Name":"Emigrant Gap","Topo_Date":1955,"Topo_Scale":"62500","CompiledBy":"USGS","Remarks":null}},{"type":"Feature","id":54297,"geometry":{"type":"Point","coordinates":[-120.647595055991,39.3786858584166]},"properties":{"OBJECTID":54297,"State":"California","State_Abbrv":"CA","County":"Nevada","Ftr_Type":"Adit","Ftr_Name":null,"Ftr_Azimuth":72,"Topo_Name":"Emigrant Gap","Topo_Date":1955,"Topo_Scale":"62500","CompiledBy":"USGS","Remarks":null}},{"type":"Feature","id":54298,"geometry":{"type":"Point","coordinates":[-120.492579331369,39.3916217588915]},"properties":{"OBJECTID":54298,"State":"California","State_Abbrv":"CA","County":"Nevada","Ftr_Type":"Adit","Ftr_Name":"Anderson Mine","Ftr_Azimuth":114,"Topo_Name":"Donner Pass","Topo_Date":1955,"Topo_Scale":"62500","CompiledBy":"USGS","Remarks":null}},{"type":"Feature","id":54299,"geometry":{"type":"Point","coordinates":[-120.741736871663,39.4462702641387]},"properties":{"OBJECTID":54299,"State":"California","State_Abbrv":"CA","County":"Nevada","Ftr_Type":"Adit","Ftr_Name":"Alpha Mine","Ftr_Azimuth":105,"Topo_Name":"Emigrant Gap","Topo_Date":1955,"Topo_Scale":"62500","CompiledBy":"USGS","Remarks":null}},{"type":"Feature","id":54300,"geometry":{"type":"Point","coordinates":[-121.140314434836,39.0726704796173]},"properties":{"OBJECTID":54300,"State":"California","State_Abbrv":"CA","County":"Nevada","Ftr_Type":"Adit","Ftr_Name":"Mine","Ftr_Azimuth":221,"Topo_Name":"Grass Valley","Topo_Date":1949,"Topo_Scale":"62500","CompiledBy":"USGS","Remarks":null}},{"type":"Feature","id":54301,"geometry":{"type":"Point","coordinates":[-120.940469220827,39.1608961430779]},"properties":{"OBJECTID":54301,"State":"California","State_Abbrv":"CA","County":"Nevada","Ftr_Type":"Adit","Ftr_Name":null,"Ftr_Azimuth":266,"Topo_Name":"Colfax","Topo_Date":1950,"Topo_Scale":"62500","CompiledBy":"USGS","Remarks":null}},{"type":"Feature","id":60177,"geometry":{"type":"Point","coordinates":[-120.186417499617,39.4050525157402]},"properties":{"OBJECTID":60177,"State":"California","State_Abbrv":"CA","County":"Nevada","Ftr_Type":"Borrow Pit","Ftr_Name":null,"Ftr_Azimuth":null,"Topo_Name":"Hobart Mills","Topo_Date":1981,"Topo_Scale":"24000","CompiledBy":"CA Dept Conserv","Remarks":null}},{"type":"Feature","id":60906,"geometry":{"type":"Point","coordinates":[-121.143344767865,39.3343563878945]},"properties":{"OBJECTID":60906,"State":"California","State_Abbrv":"CA","County":"Nevada","Ftr_Type":"Diggings","Ftr_Name":"Sweetland Diggings","Ftr_Azimuth":null,"Topo_Name":"French Corral","Topo_Date":1995,"Topo_Scale":"24000","CompiledBy":"CA Dept Conserv","Remarks":null}},{"type":"Feature","id":60907,"geometry":{"type":"Point","coordinates":[-121.150905373627,39.3266276730474]},"properties":{"OBJECTID":60907,"State":"California","State_Abbrv":"CA","County":"Nevada","Ftr_Type":"Diggings","Ftr_Name":"Birchville Diggings","Ftr_Azimuth":null,"Topo_Name":"French Corral","Topo_Date":1995,"Topo_Scale":"24000","CompiledBy":"CA Dept Conserv","Remarks":null}},{"type":"Feature","id":60908,"geometry":{"type":"Point","coordinates":[-120.878050571782,39.273756140011]},"properties":{"OBJECTID":60908,"State":"California","State_Abbrv":"CA","County":"Nevada","Ftr_Type":"Diggings","Ftr_Name":"Placer Diggings","Ftr_Azimuth":null,"Topo_Name":"North Bloomfield","Topo_Date":1949,"Topo_Scale":"24000","CompiledBy":"CA Dept Conserv","Remarks":"Label without symbol. Point placed at center of label and feature type inferred from label."}},{"type":"Feature","id":60909,"geometry":{"type":"Point","coordinates":[-121.127211595257,39.3517260030355]},"properties":{"OBJECTID":60909,"State":"California","State_Abbrv":"CA","County":"Nevada","Ftr_Type":"Diggings","Ftr_Name":"Sebastopol Diggings","Ftr_Azimuth":null,"Topo_Name":"French Corral","Topo_Date":1995,"Topo_Scale":"24000","CompiledBy":"CA Dept Conserv","Remarks":null}},{"type":"Feature","id":60910,"geometry":{"type":"Point","coordinates":[-121.124946874018,39.3540328636003]},"properties":{"OBJECTID":60910,"State":"California","State_Abbrv":"CA","County":"Nevada","Ftr_Type":"Diggings","Ftr_Name":"Sebastopol Diggings","Ftr_Azimuth":null,"Topo_Name":"Nevada City","Topo_Date":1995,"Topo_Scale":"24000","CompiledBy":"CA Dept Conserv","Remarks":"Label without symbol. Point placed at center of label and feature type inferred from label."}},{"type":"Feature","id":60911,"geometry":{"type":"Point","coordinates":[-121.152129265884,39.3033349262922]},"properties":{"OBJECTID":60911,"State":"California","State_Abbrv":"CA","County":"Nevada","Ftr_Type":"Diggings","Ftr_Name":"French Corral Diggings","Ftr_Azimuth":null,"Topo_Name":"French Corral","Topo_Date":1995,"Topo_Scale":"24000","CompiledBy":"CA Dept Conserv","Remarks":null}},{"type":"Feature","id":60912,"geometry":{"type":"Point","coordinates":[-120.909166839147,39.2481902487731]},"properties":{"OBJECTID":60912,"State":"California","State_Abbrv":"CA","County":"Nevada","Ftr_Type":"Diggings","Ftr_Name":"Placer Diggings","Ftr_Azimuth":null,"Topo_Name":"Chicago Park","Topo_Date":1949,"Topo_Scale":"24000","CompiledBy":"CA Dept Conserv","Remarks":null}},{"type":"Feature","id":60913,"geometry":{"type":"Point","coordinates":[-120.892863714483,39.2447610407963]},"properties":{"OBJECTID":60913,"State":"California","State_Abbrv":"CA","County":"Nevada","Ftr_Type":"Diggings","Ftr_Name":"Buckeye Diggings","Ftr_Azimuth":null,"Topo_Name":"Chicago Park","Topo_Date":1949,"Topo_Scale":"24000","CompiledBy":"CA Dept Conserv","Remarks":"Label without symbol. Point placed at center of label and feature type inferred from label."}},{"type":"Feature","id":60914,"geometry":{"type":"Point","coordinates":[-120.876832493802,39.1904329890133]},"properties":{"OBJECTID":60914,"State":"California","State_Abbrv":"CA","County":"Nevada","Ftr_Type":"Diggings","Ftr_Name":"Little York Diggings","Ftr_Azimuth":null,"Topo_Name":"Chicago Park","Topo_Date":1949,"Topo_Scale":"24000","CompiledBy":"USGS","Remarks":"Label without symbol. Point placed at center of label and feature type inferred from label."}},{"type":"Feature","id":60915,"geometry":{"type":"Point","coordinates":[-120.906144486777,39.193640559021]},"properties":{"OBJECTID":60915,"State":"California","State_Abbrv":"CA","County":"Nevada","Ftr_Type":"Diggings","Ftr_Name":"Placer Diggings","Ftr_Azimuth":null,"Topo_Name":"Colfax","Topo_Date":1950,"Topo_Scale":"62500","CompiledBy":"USGS","Remarks":"Label without symbol. Point placed at center of label and feature type inferred from label."}},{"type":"Feature","id":60916,"geometry":{"type":"Point","coordinates":[-121.032875831633,39.3692776777404]},"properties":{"OBJECTID":60916,"State":"California","State_Abbrv":"CA","County":"Nevada","Ftr_Type":"Diggings","Ftr_Name":"Cherokee Diggings","Ftr_Azimuth":null,"Topo_Name":"Nevada City","Topo_Date":1948,"Topo_Scale":"62500","CompiledBy":"USGS","Remarks":"Label without symbol. Point placed at center of label and feature type inferred from label."}},{"type":"Feature","id":60917,"geometry":{"type":"Point","coordinates":[-120.895321746363,39.2443592461793]},"properties":{"OBJECTID":60917,"State":"California","State_Abbrv":"CA","County":"Nevada","Ftr_Type":"Diggings","Ftr_Name":"Buckeye Diggings","Ftr_Azimuth":null,"Topo_Name":"Colfax","Topo_Date":1950,"Topo_Scale":"62500","CompiledBy":"USGS","Remarks":"Label without symbol. Point placed at center of label and feature type inferred from label."}},{"type":"Feature","id":60918,"geometry":{"type":"Point","coordinates":[-120.874919697969,39.2740182965837]},"properties":{"OBJECTID":60918,"State":"California","State_Abbrv":"CA","County":"Nevada","Ftr_Type":"Diggings","Ftr_Name":"Placer Diggings","Ftr_Azimuth":null,"Topo_Name":"Alleghany","Topo_Date":1950,"Topo_Scale":"62500","CompiledBy":"USGS","Remarks":"Label without symbol. Point placed at center of label and feature type inferred from label."}},{"type":"Feature","id":60919,"geometry":{"type":"Point","coordinates":[-120.891667845597,39.2135138172602]},"properties":{"OBJECTID":60919,"State":"California","State_Abbrv":"CA","County":"Nevada","Ftr_Type":"Diggings","Ftr_Name":"Red Dog You Bet Diggings","Ftr_Azimuth":null,"Topo_Name":"Colfax","Topo_Date":1950,"Topo_Scale":"62500","CompiledBy":"USGS","Remarks":"Label without symbol. Point placed at center of label and feature type inferred from label."}},{"type":"Feature","id":61587,"geometry":{"type":"Point","coordinates":[-120.189604621798,39.3347633777412]},"properties":{"OBJECTID":61587,"State":"California","State_Abbrv":"CA","County":"Nevada","Ftr_Type":"Gravel Pit","Ftr_Name":null,"Ftr_Azimuth":null,"Topo_Name":"Truckee","Topo_Date":1992,"Topo_Scale":"24000","CompiledBy":"CA Dept Conserv","Remarks":null}},{"type":"Feature","id":61588,"geometry":{"type":"Point","coordinates":[-120.162217263411,39.3198821740281]},"properties":{"OBJECTID":61588,"State":"California","State_Abbrv":"CA","County":"Nevada","Ftr_Type":"Gravel Pit","Ftr_Name":null,"Ftr_Azimuth":null,"Topo_Name":"Truckee","Topo_Date":1955,"Topo_Scale":"24000","CompiledBy":"USGS","Remarks":null}},{"type":"Feature","id":61589,"geometry":{"type":"Point","coordinates":[-121.062036968747,39.3493159337062]},"properties":{"OBJECTID":61589,"State":"California","State_Abbrv":"CA","County":"Nevada","Ftr_Type":"Gravel Pit","Ftr_Name":null,"Ftr_Azimuth":null,"Topo_Name":"Nevada City","Topo_Date":1995,"Topo_Scale":"24000","CompiledBy":"CA Dept Conserv","Remarks":null}},{"type":"Feature","id":61590,"geometry":{"type":"Point","coordinates":[-120.172229696262,39.333342717298]},"properties":{"OBJECTID":61590,"State":"California","State_Abbrv":"CA","County":"Nevada","Ftr_Type":"Gravel Pit","Ftr_Name":null,"Ftr_Azimuth":null,"Topo_Name":"Truckee","Topo_Date":1955,"Topo_Scale":"24000","CompiledBy":"USGS","Remarks":null}},{"type":"Feature","id":61591,"geometry":{"type":"Point","coordinates":[-121.167426302245,39.1431860821264]},"properties":{"OBJECTID":61591,"State":"California","State_Abbrv":"CA","County":"Nevada","Ftr_Type":"Gravel Pit","Ftr_Name":null,"Ftr_Azimuth":null,"Topo_Name":"Rough And Ready","Topo_Date":1995,"Topo_Scale":"24000","CompiledBy":"USGS","Remarks":null}},{"type":"Feature","id":61592,"geometry":{"type":"Point","coordinates":[-120.078638807493,39.3753476920572]},"properties":{"OBJECTID":61592,"State":"California","State_Abbrv":"CA","County":"Nevada","Ftr_Type":"Gravel Pit","Ftr_Name":null,"Ftr_Azimuth":null,"Topo_Name":"Boca","Topo_Date":1969,"Topo_Scale":"24000","CompiledBy":"CA Dept Conserv","Remarks":null}},{"type":"Feature","id":61593,"geometry":{"type":"Point","coordinates":[-120.171179767534,39.3320524792227]},"properties":{"OBJECTID":61593,"State":"California","State_Abbrv":"CA","County":"Nevada","Ftr_Type":"Gravel Pit","Ftr_Name":null,"Ftr_Azimuth":null,"Topo_Name":"Truckee","Topo_Date":1992,"Topo_Scale":"24000","CompiledBy":"CA Dept Conserv","Remarks":null}},{"type":"Feature","id":61594,"geometry":{"type":"Point","coordinates":[-121.161256300471,39.1407525912198]},"properties":{"OBJECTID":61594,"State":"California","State_Abbrv":"CA","County":"Nevada","Ftr_Type":"Gravel Pit","Ftr_Name":null,"Ftr_Azimuth":null,"Topo_Name":"Rough And Ready","Topo_Date":1995,"Topo_Scale":"24000","CompiledBy":"USGS","Remarks":null}},{"type":"Feature","id":61595,"geometry":{"type":"Point","coordinates":[-121.048396868633,39.2207800461761]},"properties":{"OBJECTID":61595,"State":"California","State_Abbrv":"CA","County":"Nevada","Ftr_Type":"Gravel Pit","Ftr_Name":null,"Ftr_Azimuth":null,"Topo_Name":"Grass Valley","Topo_Date":1998,"Topo_Scale":"24000","CompiledBy":"USGS","Remarks":"Label without symbol. Point placed at center of label and feature type inferred from label."}},{"type":"Feature","id":61596,"geometry":{"type":"Point","coordinates":[-121.168009387484,39.1435966221831]},"properties":{"OBJECTID":61596,"State":"California","State_Abbrv":"CA","County":"Nevada","Ftr_Type":"Gravel Pit","Ftr_Name":null,"Ftr_Azimuth":null,"Topo_Name":"Rough And Ready","Topo_Date":1995,"Topo_Scale":"24000","CompiledBy":"USGS","Remarks":null}},{"type":"Feature","id":61597,"geometry":{"type":"Point","coordinates":[-120.150831326392,39.3934966979382]},"properties":{"OBJECTID":61597,"State":"California","State_Abbrv":"CA","County":"Nevada","Ftr_Type":"Gravel Pit","Ftr_Name":null,"Ftr_Azimuth":null,"Topo_Name":"Hobart Mills","Topo_Date":1981,"Topo_Scale":"24000","CompiledBy":"CA Dept Conserv","Remarks":null}},{"type":"Feature","id":61598,"geometry":{"type":"Point","coordinates":[-120.197090482908,39.3205728829304]},"properties":{"OBJECTID":61598,"State":"California","State_Abbrv":"CA","County":"Nevada","Ftr_Type":"Gravel Pit","Ftr_Name":null,"Ftr_Azimuth":null,"Topo_Name":"Truckee","Topo_Date":1969,"Topo_Scale":"24000","CompiledBy":"USGS","Remarks":null}},{"type":"Feature","id":62514,"geometry":{"type":"Point","coordinates":[-120.20054420046,39.3182891790292]},"properties":{"OBJECTID":62514,"State":"California","State_Abbrv":"CA","County":"Nevada","Ftr_Type":"Gravel/Borrow Pit - Undifferentiated","Ftr_Name":null,"Ftr_Azimuth":null,"Topo_Name":"Truckee","Topo_Date":1992,"Topo_Scale":"24000","CompiledBy":"CA Dept Conserv","Remarks":null}},{"type":"Feature","id":62515,"geometry":{"type":"Point","coordinates":[-120.107357413028,39.367399542055]},"properties":{"OBJECTID":62515,"State":"California","State_Abbrv":"CA","County":"Nevada","Ftr_Type":"Gravel/Borrow Pit - Undifferentiated","Ftr_Name":null,"Ftr_Azimuth":null,"Topo_Name":"Martis Peak","Topo_Date":1992,"Topo_Scale":"24000","CompiledBy":"CA Dept Conserv","Remarks":null}},{"type":"Feature","id":62717,"geometry":{"type":"Point","coordinates":[-121.002256358384,39.3558848184649]},"properties":{"OBJECTID":62717,"State":"California","State_Abbrv":"CA","County":"Nevada","Ftr_Type":"Hydraulic Mine","Ftr_Name":null,"Ftr_Azimuth":null,"Topo_Name":"Nevada City","Topo_Date":1995,"Topo_Scale":"24000","CompiledBy":"CA Dept Conserv","Remarks":null}},{"type":"Feature","id":62775,"geometry":{"type":"Point","coordinates":[-120.655309283215,39.3811161847424]},"properties":{"OBJECTID":62775,"State":"California","State_Abbrv":"CA","County":"Nevada","Ftr_Type":"Mine","Ftr_Name":"Snowflower Mine","Ftr_Azimuth":null,"Topo_Name":"Graniteville","Topo_Date":1982,"Topo_Scale":"24000","CompiledBy":"CA Dept Conserv","Remarks":"Label without symbol. Point placed on building symbol and feature type inferred from label."}},{"type":"Feature","id":62776,"geometry":{"type":"Point","coordinates":[-120.639873769095,39.4472533458754]},"properties":{"OBJECTID":62776,"State":"California","State_Abbrv":"CA","County":"Nevada","Ftr_Type":"Mine","Ftr_Name":"Yellow Metal Mine","Ftr_Azimuth":null,"Topo_Name":"Graniteville","Topo_Date":1982,"Topo_Scale":"24000","CompiledBy":"CA Dept Conserv","Remarks":"Label without symbol. Point placed on building symbol and feature type inferred from label."}},{"type":"Feature","id":62777,"geometry":{"type":"Point","coordinates":[-120.722003642987,39.4316039154032]},"properties":{"OBJECTID":62777,"State":"California","State_Abbrv":"CA","County":"Nevada","Ftr_Type":"Mine","Ftr_Name":"Birchville Mine","Ftr_Azimuth":null,"Topo_Name":"Graniteville","Topo_Date":1982,"Topo_Scale":"24000","CompiledBy":"CA Dept Conserv","Remarks":"Label without symbol. Point placed on building symbol and feature type inferred from label."}},{"type":"Feature","id":62778,"geometry":{"type":"Point","coordinates":[-120.703820022999,39.3442633967107]},"properties":{"OBJECTID":62778,"State":"California","State_Abbrv":"CA","County":"Nevada","Ftr_Type":"Mine","Ftr_Name":"Gold Bug Mine","Ftr_Azimuth":null,"Topo_Name":"Blue Canyon","Topo_Date":1955,"Topo_Scale":"24000","CompiledBy":"CA Dept Conserv","Remarks":"Label without symbol. Point placed on building symbol and feature type inferred from label. Labeled as abandoned."}},{"type":"Feature","id":62779,"geometry":{"type":"Point","coordinates":[-120.96565959778,39.3953285448042]},"properties":{"OBJECTID":62779,"State":"California","State_Abbrv":"CA","County":"Nevada","Ftr_Type":"Mine","Ftr_Name":"Black Sand Mine (Site)","Ftr_Azimuth":null,"Topo_Name":"Pike","Topo_Date":1949,"Topo_Scale":"24000","CompiledBy":"CA Dept Conserv","Remarks":"Label without symbol. Point placed on building symbol and feature type inferred from label."}},{"type":"Feature","id":62780,"geometry":{"type":"Point","coordinates":[-120.708728410063,39.4174080901904]},"properties":{"OBJECTID":62780,"State":"California","State_Abbrv":"CA","County":"Nevada","Ftr_Type":"Mine","Ftr_Name":"Barren Mine","Ftr_Azimuth":null,"Topo_Name":"Graniteville","Topo_Date":1982,"Topo_Scale":"24000","CompiledBy":"CA Dept Conserv","Remarks":"Label without symbol. Point placed on building symbol and feature type inferred from label."}},{"type":"Feature","id":66510,"geometry":{"type":"Point","coordinates":[-121.10433831733,39.2536563796746]},"properties":{"OBJECTID":66510,"State":"California","State_Abbrv":"CA","County":"Nevada","Ftr_Type":"Mine Shaft","Ftr_Name":"Express Mine","Ftr_Azimuth":null,"Topo_Name":"Nevada City","Topo_Date":1948,"Topo_Scale":"24000","CompiledBy":"USGS","Remarks":null}},{"type":"Feature","id":66511,"geometry":{"type":"Point","coordinates":[-121.121174303144,39.2369208876283]},"properties":{"OBJECTID":66511,"State":"California","State_Abbrv":"CA","County":"Nevada","Ftr_Type":"Mine Shaft","Ftr_Name":"New Hope Mine","Ftr_Azimuth":null,"Topo_Name":"Grass Valley","Topo_Date":1949,"Topo_Scale":"24000","CompiledBy":"CA Dept Conserv","Remarks":null}},{"type":"Feature","id":66512,"geometry":{"type":"Point","coordinates":[-121.03890024611,39.1941651619941]},"properties":{"OBJECTID":66512,"State":"California","State_Abbrv":"CA","County":"Nevada","Ftr_Type":"Mine Shaft","Ftr_Name":null,"Ftr_Azimuth":null,"Topo_Name":"Grass Valley","Topo_Date":1949,"Topo_Scale":"24000","CompiledBy":"CA Dept Conserv","Remarks":"Labeled as inactive."}},{"type":"Feature","id":66513,"geometry":{"type":"Point","coordinates":[-121.106022949432,39.2110400435122]},"properties":{"OBJECTID":66513,"State":"California","State_Abbrv":"CA","County":"Nevada","Ftr_Type":"Mine Shaft","Ftr_Name":"Last Chance Mine","Ftr_Azimuth":null,"Topo_Name":"Grass Valley","Topo_Date":1949,"Topo_Scale":"24000","CompiledBy":"CA Dept Conserv","Remarks":"Labeled as inactive."}},{"type":"Feature","id":66514,"geometry":{"type":"Point","coordinates":[-120.507073068264,39.3949044914896]},"properties":{"OBJECTID":66514,"State":"California","State_Abbrv":"CA","County":"Nevada","Ftr_Type":"Mine Shaft","Ftr_Name":null,"Ftr_Azimuth":null,"Topo_Name":"English Mtn.","Topo_Date":1983,"Topo_Scale":"24000","CompiledBy":"CA Dept Conserv","Remarks":null}},{"type":"Feature","id":66515,"geometry":{"type":"Point","coordinates":[-121.012904459613,39.2366232293215]},"properties":{"OBJECTID":66515,"State":"California","State_Abbrv":"CA","County":"Nevada","Ftr_Type":"Mine Shaft","Ftr_Name":"Banner Mtn Mine","Ftr_Azimuth":null,"Topo_Name":"Grass Valley","Topo_Date":1949,"Topo_Scale":"24000","CompiledBy":"CA Dept Conserv","Remarks":"Labeled as inactive."}},{"type":"Feature","id":66516,"geometry":{"type":"Point","coordinates":[-121.046352783321,39.2063206925702]},"properties":{"OBJECTID":66516,"State":"California","State_Abbrv":"CA","County":"Nevada","Ftr_Type":"Mine Shaft","Ftr_Name":"Empire Mine","Ftr_Azimuth":null,"Topo_Name":"Grass Valley","Topo_Date":1949,"Topo_Scale":"24000","CompiledBy":"CA Dept Conserv","Remarks":null}},{"type":"Feature","id":66517,"geometry":{"type":"Point","coordinates":[-121.071287128943,39.2014118799918]},"properties":{"OBJECTID":66517,"State":"California","State_Abbrv":"CA","County":"Nevada","Ftr_Type":"Mine Shaft","Ftr_Name":"North Star Central Shaft","Ftr_Azimuth":null,"Topo_Name":"Grass Valley","Topo_Date":1949,"Topo_Scale":"24000","CompiledBy":"CA Dept Conserv","Remarks":null}},{"type":"Feature","id":66518,"geometry":{"type":"Point","coordinates":[-120.913076202233,39.2315867047959]},"properties":{"OBJECTID":66518,"State":"California","State_Abbrv":"CA","County":"Nevada","Ftr_Type":"Mine Shaft","Ftr_Name":"Poore Mine","Ftr_Azimuth":null,"Topo_Name":"Chicago Park","Topo_Date":1949,"Topo_Scale":"24000","CompiledBy":"CA Dept Conserv","Remarks":null}},{"type":"Feature","id":66519,"geometry":{"type":"Point","coordinates":[-120.973047955005,39.2462797285531]},"properties":{"OBJECTID":66519,"State":"California","State_Abbrv":"CA","County":"Nevada","Ftr_Type":"Mine Shaft","Ftr_Name":"Banner Mine","Ftr_Azimuth":null,"Topo_Name":"Chicago Park","Topo_Date":1949,"Topo_Scale":"24000","CompiledBy":"CA Dept Conserv","Remarks":null}},{"type":"Feature","id":66520,"geometry":{"type":"Point","coordinates":[-121.129824022665,39.2149488884624]},"properties":{"OBJECTID":66520,"State":"California","State_Abbrv":"CA","County":"Nevada","Ftr_Type":"Mine Shaft","Ftr_Name":null,"Ftr_Azimuth":null,"Topo_Name":"Rough And Ready","Topo_Date":1995,"Topo_Scale":"24000","CompiledBy":"USGS","Remarks":null}},{"type":"Feature","id":66521,"geometry":{"type":"Point","coordinates":[-121.045653227153,39.2084219234241]},"properties":{"OBJECTID":66521,"State":"California","State_Abbrv":"CA","County":"Nevada","Ftr_Type":"Mine Shaft","Ftr_Name":null,"Ftr_Azimuth":null,"Topo_Name":"Grass Valley","Topo_Date":1949,"Topo_Scale":"24000","CompiledBy":"CA Dept Conserv","Remarks":null}},{"type":"Feature","id":66522,"geometry":{"type":"Point","coordinates":[-121.047796926274,39.1991942401009]},"properties":{"OBJECTID":66522,"State":"California","State_Abbrv":"CA","County":"Nevada","Ftr_Type":"Mine Shaft","Ftr_Name":null,"Ftr_Azimuth":null,"Topo_Name":"Grass Valley","Topo_Date":1949,"Topo_Scale":"24000","CompiledBy":"CA Dept Conserv","Remarks":"Labeled as inactive."}},{"type":"Feature","id":66523,"geometry":{"type":"Point","coordinates":[-121.017979704489,39.2113330972371]},"properties":{"OBJECTID":66523,"State":"California","State_Abbrv":"CA","County":"Nevada","Ftr_Type":"Mine Shaft","Ftr_Name":"New Brunswick Mine","Ftr_Azimuth":null,"Topo_Name":"Grass Valley","Topo_Date":1949,"Topo_Scale":"24000","CompiledBy":"CA Dept Conserv","Remarks":null}},{"type":"Feature","id":66524,"geometry":{"type":"Point","coordinates":[-121.038496640407,39.1948971408819]},"properties":{"OBJECTID":66524,"State":"California","State_Abbrv":"CA","County":"Nevada","Ftr_Type":"Mine Shaft","Ftr_Name":null,"Ftr_Azimuth":null,"Topo_Name":"Grass Valley","Topo_Date":1949,"Topo_Scale":"24000","CompiledBy":"CA Dept Conserv","Remarks":"Labeled as inactive."}},{"type":"Feature","id":66525,"geometry":{"type":"Point","coordinates":[-121.073015334509,39.2076365028949]},"properties":{"OBJECTID":66525,"State":"California","State_Abbrv":"CA","County":"Nevada","Ftr_Type":"Mine Shaft","Ftr_Name":"Covered Shaft","Ftr_Azimuth":null,"Topo_Name":"Grass Valley","Topo_Date":1998,"Topo_Scale":"24000","CompiledBy":"USGS","Remarks":null}},{"type":"Feature","id":66526,"geometry":{"type":"Point","coordinates":[-121.045897201412,39.2063321485814]},"properties":{"OBJECTID":66526,"State":"California","State_Abbrv":"CA","County":"Nevada","Ftr_Type":"Mine Shaft","Ftr_Name":"Empire Mine","Ftr_Azimuth":null,"Topo_Name":"Grass Valley","Topo_Date":1998,"Topo_Scale":"24000","CompiledBy":"USGS","Remarks":null}},{"type":"Feature","id":66527,"geometry":{"type":"Point","coordinates":[-121.134438008379,39.3524089895976]},"properties":{"OBJECTID":66527,"State":"California","State_Abbrv":"CA","County":"Nevada","Ftr_Type":"Mine Shaft","Ftr_Name":"San Juan Mine","Ftr_Azimuth":null,"Topo_Name":"French Corral","Topo_Date":1948,"Topo_Scale":"24000","CompiledBy":"USGS","Remarks":null}},{"type":"Feature","id":66528,"geometry":{"type":"Point","coordinates":[-121.002620655656,39.2438221719469]},"properties":{"OBJECTID":66528,"State":"California","State_Abbrv":"CA","County":"Nevada","Ftr_Type":"Mine Shaft","Ftr_Name":"Gracie Mine","Ftr_Azimuth":null,"Topo_Name":"Grass Valley","Topo_Date":1949,"Topo_Scale":"24000","CompiledBy":"CA Dept Conserv","Remarks":null}},{"type":"Feature","id":66529,"geometry":{"type":"Point","coordinates":[-121.099040699153,39.0848536245725]},"properties":{"OBJECTID":66529,"State":"California","State_Abbrv":"CA","County":"Nevada","Ftr_Type":"Mine Shaft","Ftr_Name":"Stockton Hill Mine","Ftr_Azimuth":null,"Topo_Name":"Lake Combie","Topo_Date":1998,"Topo_Scale":"24000","CompiledBy":"CA Dept Conserv","Remarks":"Labeled as abandoned."}},{"type":"Feature","id":66530,"geometry":{"type":"Point","coordinates":[-120.498007360906,39.4004931825729]},"properties":{"OBJECTID":66530,"State":"California","State_Abbrv":"CA","County":"Nevada","Ftr_Type":"Mine Shaft","Ftr_Name":null,"Ftr_Azimuth":null,"Topo_Name":"Webber Peak","Topo_Date":1981,"Topo_Scale":"24000","CompiledBy":"CA Dept Conserv","Remarks":null}},{"type":"Feature","id":66531,"geometry":{"type":"Point","coordinates":[-120.987393030691,39.2652921990418]},"properties":{"OBJECTID":66531,"State":"California","State_Abbrv":"CA","County":"Nevada","Ftr_Type":"Mine Shaft","Ftr_Name":"Murchie Mine","Ftr_Azimuth":null,"Topo_Name":"North Bloomfield","Topo_Date":1949,"Topo_Scale":"24000","CompiledBy":"CA Dept Conserv","Remarks":null}},{"type":"Feature","id":66532,"geometry":{"type":"Point","coordinates":[-121.047544309991,39.1988964149734]},"properties":{"OBJECTID":66532,"State":"California","State_Abbrv":"CA","County":"Nevada","Ftr_Type":"Mine Shaft","Ftr_Name":null,"Ftr_Azimuth":null,"Topo_Name":"Grass Valley","Topo_Date":1949,"Topo_Scale":"24000","CompiledBy":"CA Dept Conserv","Remarks":"Labeled as inactive."}},{"type":"Feature","id":66533,"geometry":{"type":"Point","coordinates":[-120.507005702973,39.3958333586829]},"properties":{"OBJECTID":66533,"State":"California","State_Abbrv":"CA","County":"Nevada","Ftr_Type":"Mine Shaft","Ftr_Name":"Excelsior Mine","Ftr_Azimuth":null,"Topo_Name":"English Mtn.","Topo_Date":1983,"Topo_Scale":"24000","CompiledBy":"CA Dept Conserv","Remarks":null}},{"type":"Feature","id":66534,"geometry":{"type":"Point","coordinates":[-120.983706717678,39.289751112957]},"properties":{"OBJECTID":66534,"State":"California","State_Abbrv":"CA","County":"Nevada","Ftr_Type":"Mine Shaft","Ftr_Name":"Hoge Mine","Ftr_Azimuth":null,"Topo_Name":"North Bloomfield","Topo_Date":1949,"Topo_Scale":"24000","CompiledBy":"CA Dept Conserv","Remarks":null}},{"type":"Feature","id":66535,"geometry":{"type":"Point","coordinates":[-121.07803138403,39.1929360513574]},"properties":{"OBJECTID":66535,"State":"California","State_Abbrv":"CA","County":"Nevada","Ftr_Type":"Mine Shaft","Ftr_Name":"North Star Mine","Ftr_Azimuth":null,"Topo_Name":"Grass Valley","Topo_Date":1949,"Topo_Scale":"24000","CompiledBy":"CA Dept Conserv","Remarks":null}},{"type":"Feature","id":66536,"geometry":{"type":"Point","coordinates":[-121.102792350326,39.2128049257364]},"properties":{"OBJECTID":66536,"State":"California","State_Abbrv":"CA","County":"Nevada","Ftr_Type":"Mine Shaft","Ftr_Name":null,"Ftr_Azimuth":null,"Topo_Name":"Grass Valley","Topo_Date":1949,"Topo_Scale":"24000","CompiledBy":"CA Dept Conserv","Remarks":null}},{"type":"Feature","id":66537,"geometry":{"type":"Point","coordinates":[-121.0602794795,39.2737624818363]},"properties":{"OBJECTID":66537,"State":"California","State_Abbrv":"CA","County":"Nevada","Ftr_Type":"Mine Shaft","Ftr_Name":null,"Ftr_Azimuth":null,"Topo_Name":"Nevada City","Topo_Date":1948,"Topo_Scale":"24000","CompiledBy":"USGS","Remarks":null}},{"type":"Feature","id":66538,"geometry":{"type":"Point","coordinates":[-120.808868103446,39.4242489653711]},"properties":{"OBJECTID":66538,"State":"California","State_Abbrv":"CA","County":"Nevada","Ftr_Type":"Mine Shaft","Ftr_Name":"Howie Mine","Ftr_Azimuth":null,"Topo_Name":"Alleghany","Topo_Date":1949,"Topo_Scale":"24000","CompiledBy":"CA Dept Conserv","Remarks":null}},{"type":"Feature","id":66539,"geometry":{"type":"Point","coordinates":[-121.042222905417,39.1992419166537]},"properties":{"OBJECTID":66539,"State":"California","State_Abbrv":"CA","County":"Nevada","Ftr_Type":"Mine Shaft","Ftr_Name":null,"Ftr_Azimuth":null,"Topo_Name":"Grass Valley","Topo_Date":1949,"Topo_Scale":"24000","CompiledBy":"CA Dept Conserv","Remarks":null}},{"type":"Feature","id":66540,"geometry":{"type":"Point","coordinates":[-120.940259790392,39.157002277143]},"properties":{"OBJECTID":66540,"State":"California","State_Abbrv":"CA","County":"Nevada","Ftr_Type":"Mine Shaft","Ftr_Name":null,"Ftr_Azimuth":null,"Topo_Name":"Chicago Park","Topo_Date":1949,"Topo_Scale":"24000","CompiledBy":"CA Dept Conserv","Remarks":null}},{"type":"Feature","id":66541,"geometry":{"type":"Point","coordinates":[-121.055783386414,39.2085326745367]},"properties":{"OBJECTID":66541,"State":"California","State_Abbrv":"CA","County":"Nevada","Ftr_Type":"Mine Shaft","Ftr_Name":"Pennsylvania Mine","Ftr_Azimuth":null,"Topo_Name":"Grass Valley","Topo_Date":1998,"Topo_Scale":"24000","CompiledBy":"USGS","Remarks":null}},{"type":"Feature","id":66542,"geometry":{"type":"Point","coordinates":[-121.026871318615,39.2224498342688]},"properties":{"OBJECTID":66542,"State":"California","State_Abbrv":"CA","County":"Nevada","Ftr_Type":"Mine Shaft","Ftr_Name":null,"Ftr_Azimuth":null,"Topo_Name":"Grass Valley","Topo_Date":1949,"Topo_Scale":"24000","CompiledBy":"CA Dept Conserv","Remarks":null}},{"type":"Feature","id":66543,"geometry":{"type":"Point","coordinates":[-120.971015280596,39.2275772905337]},"properties":{"OBJECTID":66543,"State":"California","State_Abbrv":"CA","County":"Nevada","Ftr_Type":"Mine Shaft","Ftr_Name":"Lava Cap Mine","Ftr_Azimuth":null,"Topo_Name":"Chicago Park","Topo_Date":1949,"Topo_Scale":"24000","CompiledBy":"CA Dept Conserv","Remarks":null}},{"type":"Feature","id":66544,"geometry":{"type":"Point","coordinates":[-121.098757061695,39.0844140316377]},"properties":{"OBJECTID":66544,"State":"California","State_Abbrv":"CA","County":"Nevada","Ftr_Type":"Mine Shaft","Ftr_Name":"Stockton Hill Mine","Ftr_Azimuth":null,"Topo_Name":"Lake Combie","Topo_Date":1949,"Topo_Scale":"24000","CompiledBy":"USGS","Remarks":null}},{"type":"Feature","id":66545,"geometry":{"type":"Point","coordinates":[-121.071258192355,39.2183831603393]},"properties":{"OBJECTID":66545,"State":"California","State_Abbrv":"CA","County":"Nevada","Ftr_Type":"Mine Shaft","Ftr_Name":"Scotia Mine","Ftr_Azimuth":null,"Topo_Name":"Grass Valley","Topo_Date":1949,"Topo_Scale":"24000","CompiledBy":"CA Dept Conserv","Remarks":null}},{"type":"Feature","id":66546,"geometry":{"type":"Point","coordinates":[-121.074437058067,39.264578105691]},"properties":{"OBJECTID":66546,"State":"California","State_Abbrv":"CA","County":"Nevada","Ftr_Type":"Mine Shaft","Ftr_Name":null,"Ftr_Azimuth":null,"Topo_Name":"Nevada City","Topo_Date":1948,"Topo_Scale":"24000","CompiledBy":"USGS","Remarks":null}},{"type":"Feature","id":66547,"geometry":{"type":"Point","coordinates":[-121.056432159549,39.2086124673204]},"properties":{"OBJECTID":66547,"State":"California","State_Abbrv":"CA","County":"Nevada","Ftr_Type":"Mine Shaft","Ftr_Name":"Pennsylvania Mine","Ftr_Azimuth":null,"Topo_Name":"Grass Valley","Topo_Date":1949,"Topo_Scale":"24000","CompiledBy":"CA Dept Conserv","Remarks":null}},{"type":"Feature","id":66548,"geometry":{"type":"Point","coordinates":[-121.038665239349,39.2235093630046]},"properties":{"OBJECTID":66548,"State":"California","State_Abbrv":"CA","County":"Nevada","Ftr_Type":"Mine Shaft","Ftr_Name":"Idaho-Maryland Mine","Ftr_Azimuth":null,"Topo_Name":"Grass Valley","Topo_Date":1949,"Topo_Scale":"24000","CompiledBy":"CA Dept Conserv","Remarks":null}},{"type":"Feature","id":66549,"geometry":{"type":"Point","coordinates":[-121.112754967346,39.2246604838897]},"properties":{"OBJECTID":66549,"State":"California","State_Abbrv":"CA","County":"Nevada","Ftr_Type":"Mine Shaft","Ftr_Name":null,"Ftr_Azimuth":null,"Topo_Name":"Grass Valley","Topo_Date":1949,"Topo_Scale":"24000","CompiledBy":"CA Dept Conserv","Remarks":null}},{"type":"Feature","id":66550,"geometry":{"type":"Point","coordinates":[-121.064617988108,39.2297300013996]},"properties":{"OBJECTID":66550,"State":"California","State_Abbrv":"CA","County":"Nevada","Ftr_Type":"Mine Shaft","Ftr_Name":null,"Ftr_Azimuth":null,"Topo_Name":"Grass Valley","Topo_Date":1949,"Topo_Scale":"24000","CompiledBy":"CA Dept Conserv","Remarks":null}},{"type":"Feature","id":66551,"geometry":{"type":"Point","coordinates":[-121.063511005646,39.2151354002684]},"properties":{"OBJECTID":66551,"State":"California","State_Abbrv":"CA","County":"Nevada","Ftr_Type":"Mine Shaft","Ftr_Name":null,"Ftr_Azimuth":null,"Topo_Name":"Grass Valley","Topo_Date":1949,"Topo_Scale":"24000","CompiledBy":"USGS","Remarks":null}},{"type":"Feature","id":66552,"geometry":{"type":"Point","coordinates":[-121.022140976849,39.2160929296081]},"properties":{"OBJECTID":66552,"State":"California","State_Abbrv":"CA","County":"Nevada","Ftr_Type":"Mine Shaft","Ftr_Name":"Old Brunswick Mine","Ftr_Azimuth":null,"Topo_Name":"Grass Valley","Topo_Date":1949,"Topo_Scale":"24000","CompiledBy":"CA Dept Conserv","Remarks":null}},{"type":"Feature","id":66553,"geometry":{"type":"Point","coordinates":[-121.042677240263,39.2274158957648]},"properties":{"OBJECTID":66553,"State":"California","State_Abbrv":"CA","County":"Nevada","Ftr_Type":"Mine Shaft","Ftr_Name":"Spring Hill Mine","Ftr_Azimuth":null,"Topo_Name":"Grass Valley","Topo_Date":1949,"Topo_Scale":"24000","CompiledBy":"CA Dept Conserv","Remarks":null}},{"type":"Feature","id":66554,"geometry":{"type":"Point","coordinates":[-121.115119960602,39.2119637455271]},"properties":{"OBJECTID":66554,"State":"California","State_Abbrv":"CA","County":"Nevada","Ftr_Type":"Mine Shaft","Ftr_Name":"South Star Mine","Ftr_Azimuth":null,"Topo_Name":"Grass Valley","Topo_Date":1949,"Topo_Scale":"24000","CompiledBy":"CA Dept Conserv","Remarks":null}},{"type":"Feature","id":66555,"geometry":{"type":"Point","coordinates":[-121.055701190644,39.0632016128153]},"properties":{"OBJECTID":66555,"State":"California","State_Abbrv":"CA","County":"Nevada","Ftr_Type":"Mine Shaft","Ftr_Name":null,"Ftr_Azimuth":null,"Topo_Name":"Lake Combie","Topo_Date":1949,"Topo_Scale":"24000","CompiledBy":"USGS","Remarks":null}},{"type":"Feature","id":66556,"geometry":{"type":"Point","coordinates":[-121.070254435774,39.215799151628]},"properties":{"OBJECTID":66556,"State":"California","State_Abbrv":"CA","County":"Nevada","Ftr_Type":"Mine Shaft","Ftr_Name":null,"Ftr_Azimuth":null,"Topo_Name":"Grass Valley","Topo_Date":1949,"Topo_Scale":"24000","CompiledBy":"CA Dept Conserv","Remarks":null}},{"type":"Feature","id":66557,"geometry":{"type":"Point","coordinates":[-121.032647404125,39.3856388523838]},"properties":{"OBJECTID":66557,"State":"California","State_Abbrv":"CA","County":"Nevada","Ftr_Type":"Mine Shaft","Ftr_Name":null,"Ftr_Azimuth":null,"Topo_Name":"Nevada City","Topo_Date":1948,"Topo_Scale":"62500","CompiledBy":"USGS","Remarks":null}},{"type":"Feature","id":66558,"geometry":{"type":"Point","coordinates":[-120.73813952472,39.4482001003287]},"properties":{"OBJECTID":66558,"State":"California","State_Abbrv":"CA","County":"Nevada","Ftr_Type":"Mine Shaft","Ftr_Name":null,"Ftr_Azimuth":null,"Topo_Name":"Emigrant Gap","Topo_Date":1955,"Topo_Scale":"62500","CompiledBy":"USGS","Remarks":null}},{"type":"Feature","id":66559,"geometry":{"type":"Point","coordinates":[-121.074633759939,39.2648668188274]},"properties":{"OBJECTID":66559,"State":"California","State_Abbrv":"CA","County":"Nevada","Ftr_Type":"Mine Shaft","Ftr_Name":null,"Ftr_Azimuth":null,"Topo_Name":"Nevada City","Topo_Date":1948,"Topo_Scale":"62500","CompiledBy":"USGS","Remarks":null}},{"type":"Feature","id":66560,"geometry":{"type":"Point","coordinates":[-120.506438838957,39.394809496968]},"properties":{"OBJECTID":66560,"State":"California","State_Abbrv":"CA","County":"Nevada","Ftr_Type":"Mine Shaft","Ftr_Name":null,"Ftr_Azimuth":null,"Topo_Name":"Emigrant Gap","Topo_Date":1955,"Topo_Scale":"62500","CompiledBy":"USGS","Remarks":null}},{"type":"Feature","id":66561,"geometry":{"type":"Point","coordinates":[-120.651087161941,39.4568549663288]},"properties":{"OBJECTID":66561,"State":"California","State_Abbrv":"CA","County":"Nevada","Ftr_Type":"Mine Shaft","Ftr_Name":null,"Ftr_Azimuth":null,"Topo_Name":"Emigrant Gap","Topo_Date":1955,"Topo_Scale":"62500","CompiledBy":"USGS","Remarks":null}},{"type":"Feature","id":66562,"geometry":{"type":"Point","coordinates":[-121.055580043835,39.0629497866893]},"properties":{"OBJECTID":66562,"State":"California","State_Abbrv":"CA","County":"Nevada","Ftr_Type":"Mine Shaft","Ftr_Name":null,"Ftr_Azimuth":null,"Topo_Name":"Grass Valley","Topo_Date":1949,"Topo_Scale":"62500","CompiledBy":"USGS","Remarks":null}},{"type":"Feature","id":66563,"geometry":{"type":"Point","coordinates":[-121.103174353593,39.2129886284975]},"properties":{"OBJECTID":66563,"State":"California","State_Abbrv":"CA","County":"Nevada","Ftr_Type":"Mine Shaft","Ftr_Name":null,"Ftr_Azimuth":null,"Topo_Name":"Grass Valley","Topo_Date":1949,"Topo_Scale":"62500","CompiledBy":"USGS","Remarks":null}},{"type":"Feature","id":66564,"geometry":{"type":"Point","coordinates":[-120.719403301272,39.4149304510223]},"properties":{"OBJECTID":66564,"State":"California","State_Abbrv":"CA","County":"Nevada","Ftr_Type":"Mine Shaft","Ftr_Name":"Azalea Mine","Ftr_Azimuth":null,"Topo_Name":"Emigrant Gap","Topo_Date":1955,"Topo_Scale":"62500","CompiledBy":"USGS","Remarks":null}},{"type":"Feature","id":66565,"geometry":{"type":"Point","coordinates":[-120.507756371081,39.3977452401087]},"properties":{"OBJECTID":66565,"State":"California","State_Abbrv":"CA","County":"Nevada","Ftr_Type":"Mine Shaft","Ftr_Name":null,"Ftr_Azimuth":null,"Topo_Name":"Emigrant Gap","Topo_Date":1955,"Topo_Scale":"62500","CompiledBy":"USGS","Remarks":null}},{"type":"Feature","id":66566,"geometry":{"type":"Point","coordinates":[-121.099100504581,39.084337929449]},"properties":{"OBJECTID":66566,"State":"California","State_Abbrv":"CA","County":"Nevada","Ftr_Type":"Mine Shaft","Ftr_Name":"Stockton Hill Mine","Ftr_Azimuth":null,"Topo_Name":"Grass Valley","Topo_Date":1949,"Topo_Scale":"62500","CompiledBy":"USGS","Remarks":null}},{"type":"Feature","id":66567,"geometry":{"type":"Point","coordinates":[-120.502387841224,39.3939183858083]},"properties":{"OBJECTID":66567,"State":"California","State_Abbrv":"CA","County":"Nevada","Ftr_Type":"Mine Shaft","Ftr_Name":null,"Ftr_Azimuth":null,"Topo_Name":"Emigrant Gap","Topo_Date":1955,"Topo_Scale":"62500","CompiledBy":"USGS","Remarks":null}},{"type":"Feature","id":66568,"geometry":{"type":"Point","coordinates":[-120.503760042353,39.3937543777338]},"properties":{"OBJECTID":66568,"State":"California","State_Abbrv":"CA","County":"Nevada","Ftr_Type":"Mine Shaft","Ftr_Name":null,"Ftr_Azimuth":null,"Topo_Name":"Emigrant Gap","Topo_Date":1955,"Topo_Scale":"62500","CompiledBy":"USGS","Remarks":null}},{"type":"Feature","id":66569,"geometry":{"type":"Point","coordinates":[-120.497016430328,39.3992296139161]},"properties":{"OBJECTID":66569,"State":"California","State_Abbrv":"CA","County":"Nevada","Ftr_Type":"Mine Shaft","Ftr_Name":null,"Ftr_Azimuth":null,"Topo_Name":"Donner Pass","Topo_Date":1955,"Topo_Scale":"62500","CompiledBy":"USGS","Remarks":null}},{"type":"Feature","id":66570,"geometry":{"type":"Point","coordinates":[-121.01850821898,39.2112561171489]},"properties":{"OBJECTID":66570,"State":"California","State_Abbrv":"CA","County":"Nevada","Ftr_Type":"Mine Shaft","Ftr_Name":"New Brunswick Mine","Ftr_Azimuth":null,"Topo_Name":"Grass Valley","Topo_Date":1949,"Topo_Scale":"62500","CompiledBy":"USGS","Remarks":null}},{"type":"Feature","id":66571,"geometry":{"type":"Point","coordinates":[-120.809151396006,39.424069487047]},"properties":{"OBJECTID":66571,"State":"California","State_Abbrv":"CA","County":"Nevada","Ftr_Type":"Mine Shaft","Ftr_Name":"Howie Mine","Ftr_Azimuth":null,"Topo_Name":"Alleghany","Topo_Date":1950,"Topo_Scale":"62500","CompiledBy":"USGS","Remarks":null}},{"type":"Feature","id":66572,"geometry":{"type":"Point","coordinates":[-121.022486617077,39.216272393185]},"properties":{"OBJECTID":66572,"State":"California","State_Abbrv":"CA","County":"Nevada","Ftr_Type":"Mine Shaft","Ftr_Name":"Old Brunswick Mine","Ftr_Azimuth":null,"Topo_Name":"Grass Valley","Topo_Date":1949,"Topo_Scale":"62500","CompiledBy":"USGS","Remarks":null}},{"type":"Feature","id":66573,"geometry":{"type":"Point","coordinates":[-120.983220389739,39.2895141401946]},"properties":{"OBJECTID":66573,"State":"California","State_Abbrv":"CA","County":"Nevada","Ftr_Type":"Mine Shaft","Ftr_Name":"Hoge Mine","Ftr_Azimuth":null,"Topo_Name":"Alleghany","Topo_Date":1950,"Topo_Scale":"62500","CompiledBy":"USGS","Remarks":null}},{"type":"Feature","id":66574,"geometry":{"type":"Point","coordinates":[-120.710382710158,39.4016515382254]},"properties":{"OBJECTID":66574,"State":"California","State_Abbrv":"CA","County":"Nevada","Ftr_Type":"Mine Shaft","Ftr_Name":"Celina Flat Mine","Ftr_Azimuth":null,"Topo_Name":"Emigrant Gap","Topo_Date":1955,"Topo_Scale":"62500","CompiledBy":"USGS","Remarks":null}},{"type":"Feature","id":66575,"geometry":{"type":"Point","coordinates":[-121.028767016764,39.2493789640665]},"properties":{"OBJECTID":66575,"State":"California","State_Abbrv":"CA","County":"Nevada","Ftr_Type":"Mine Shaft","Ftr_Name":null,"Ftr_Azimuth":null,"Topo_Name":"Grass Valley","Topo_Date":1949,"Topo_Scale":"62500","CompiledBy":"USGS","Remarks":null}},{"type":"Feature","id":66576,"geometry":{"type":"Point","coordinates":[-120.737984416153,39.4488121542636]},"properties":{"OBJECTID":66576,"State":"California","State_Abbrv":"CA","County":"Nevada","Ftr_Type":"Mine Shaft","Ftr_Name":null,"Ftr_Azimuth":null,"Topo_Name":"Emigrant Gap","Topo_Date":1955,"Topo_Scale":"62500","CompiledBy":"USGS","Remarks":null}},{"type":"Feature","id":66577,"geometry":{"type":"Point","coordinates":[-120.722126239071,39.4316907911958]},"properties":{"OBJECTID":66577,"State":"California","State_Abbrv":"CA","County":"Nevada","Ftr_Type":"Mine Shaft","Ftr_Name":"Birchville Mine","Ftr_Azimuth":null,"Topo_Name":"Emigrant Gap","Topo_Date":1955,"Topo_Scale":"62500","CompiledBy":"USGS","Remarks":null}},{"type":"Feature","id":66578,"geometry":{"type":"Point","coordinates":[-121.047593559524,39.1994424919693]},"properties":{"OBJECTID":66578,"State":"California","State_Abbrv":"CA","County":"Nevada","Ftr_Type":"Mine Shaft","Ftr_Name":null,"Ftr_Azimuth":null,"Topo_Name":"Grass Valley","Topo_Date":1949,"Topo_Scale":"62500","CompiledBy":"USGS","Remarks":null}},{"type":"Feature","id":66579,"geometry":{"type":"Point","coordinates":[-121.002375939048,39.2440375497442]},"properties":{"OBJECTID":66579,"State":"California","State_Abbrv":"CA","County":"Nevada","Ftr_Type":"Mine Shaft","Ftr_Name":"Gracie Mine","Ftr_Azimuth":null,"Topo_Name":"Grass Valley","Topo_Date":1949,"Topo_Scale":"62500","CompiledBy":"USGS","Remarks":null}},{"type":"Feature","id":66580,"geometry":{"type":"Point","coordinates":[-120.679898158579,39.3752856260344]},"properties":{"OBJECTID":66580,"State":"California","State_Abbrv":"CA","County":"Nevada","Ftr_Type":"Mine Shaft","Ftr_Name":null,"Ftr_Azimuth":null,"Topo_Name":"Emigrant Gap","Topo_Date":1955,"Topo_Scale":"62500","CompiledBy":"USGS","Remarks":null}},{"type":"Feature","id":66581,"geometry":{"type":"Point","coordinates":[-120.737539687504,39.443359767186]},"properties":{"OBJECTID":66581,"State":"California","State_Abbrv":"CA","County":"Nevada","Ftr_Type":"Mine Shaft","Ftr_Name":"Hotwater Mine","Ftr_Azimuth":null,"Topo_Name":"Emigrant Gap","Topo_Date":1955,"Topo_Scale":"62500","CompiledBy":"USGS","Remarks":null}},{"type":"Feature","id":66582,"geometry":{"type":"Point","coordinates":[-121.076346195541,39.1944429661599]},"properties":{"OBJECTID":66582,"State":"California","State_Abbrv":"CA","County":"Nevada","Ftr_Type":"Mine Shaft","Ftr_Name":"North Star Mine","Ftr_Azimuth":null,"Topo_Name":"Grass Valley","Topo_Date":1949,"Topo_Scale":"62500","CompiledBy":"USGS","Remarks":null}},{"type":"Feature","id":71184,"geometry":{"type":"Point","coordinates":[-120.807646977061,39.2713822350443]},"properties":{"OBJECTID":71184,"State":"California","State_Abbrv":"CA","County":"Nevada","Ftr_Type":"Open Pit Mine","Ftr_Name":"Rose Mountain Mine","Ftr_Azimuth":null,"Topo_Name":"Washington","Topo_Date":1950,"Topo_Scale":"24000","CompiledBy":"CA Dept Conserv","Remarks":null}},{"type":"Feature","id":71185,"geometry":{"type":"Point","coordinates":[-120.522373300215,39.3593585333838]},"properties":{"OBJECTID":71185,"State":"California","State_Abbrv":"CA","County":"Nevada","Ftr_Type":"Open Pit Mine","Ftr_Name":"Carlisle Mine","Ftr_Azimuth":null,"Topo_Name":"Cisco Grove","Topo_Date":1955,"Topo_Scale":"24000","CompiledBy":"CA Dept Conserv","Remarks":null}},{"type":"Feature","id":71186,"geometry":{"type":"Point","coordinates":[-120.507691670567,39.3963305212533]},"properties":{"OBJECTID":71186,"State":"California","State_Abbrv":"CA","County":"Nevada","Ftr_Type":"Open Pit Mine","Ftr_Name":null,"Ftr_Azimuth":null,"Topo_Name":"English Mtn.","Topo_Date":1983,"Topo_Scale":"24000","CompiledBy":"CA Dept Conserv","Remarks":null}},{"type":"Feature","id":71187,"geometry":{"type":"Point","coordinates":[-120.853831462754,39.3583013880226]},"properties":{"OBJECTID":71187,"State":"California","State_Abbrv":"CA","County":"Nevada","Ftr_Type":"Open Pit Mine","Ftr_Name":"Blue Lead Mine","Ftr_Azimuth":null,"Topo_Name":"Washington","Topo_Date":1950,"Topo_Scale":"24000","CompiledBy":"CA Dept Conserv","Remarks":null}},{"type":"Feature","id":71188,"geometry":{"type":"Point","coordinates":[-120.500650761342,39.4012824056151]},"properties":{"OBJECTID":71188,"State":"California","State_Abbrv":"CA","County":"Nevada","Ftr_Type":"Open Pit Mine","Ftr_Name":null,"Ftr_Azimuth":null,"Topo_Name":"Webber Peak","Topo_Date":1981,"Topo_Scale":"24000","CompiledBy":"CA Dept Conserv","Remarks":null}},{"type":"Feature","id":71189,"geometry":{"type":"Point","coordinates":[-120.722376601516,39.381270180062]},"properties":{"OBJECTID":71189,"State":"California","State_Abbrv":"CA","County":"Nevada","Ftr_Type":"Open Pit Mine","Ftr_Name":"Anderson Mine","Ftr_Azimuth":null,"Topo_Name":"Emigrant Gap","Topo_Date":1955,"Topo_Scale":"62500","CompiledBy":"USGS","Remarks":null}},{"type":"Feature","id":71190,"geometry":{"type":"Point","coordinates":[-120.644240469078,39.3878048775658]},"properties":{"OBJECTID":71190,"State":"California","State_Abbrv":"CA","County":"Nevada","Ftr_Type":"Open Pit Mine","Ftr_Name":"Mary Jane Mine","Ftr_Azimuth":null,"Topo_Name":"Emigrant Gap","Topo_Date":1955,"Topo_Scale":"62500","CompiledBy":"USGS","Remarks":null}},{"type":"Feature","id":71191,"geometry":{"type":"Point","coordinates":[-120.505137708577,39.3934646314535]},"properties":{"OBJECTID":71191,"State":"California","State_Abbrv":"CA","County":"Nevada","Ftr_Type":"Open Pit Mine","Ftr_Name":"Meadow Lake Mine","Ftr_Azimuth":null,"Topo_Name":"Emigrant Gap","Topo_Date":1955,"Topo_Scale":"62500","CompiledBy":"USGS","Remarks":null}},{"type":"Feature","id":71192,"geometry":{"type":"Point","coordinates":[-120.507305447504,39.3958429449672]},"properties":{"OBJECTID":71192,"State":"California","State_Abbrv":"CA","County":"Nevada","Ftr_Type":"Open Pit Mine","Ftr_Name":"Excelsior Mine","Ftr_Azimuth":null,"Topo_Name":"Emigrant Gap","Topo_Date":1955,"Topo_Scale":"62500","CompiledBy":"USGS","Remarks":null}},{"type":"Feature","id":72617,"geometry":{"type":"Point","coordinates":[-120.805204839378,39.3415029073279]},"properties":{"OBJECTID":72617,"State":"California","State_Abbrv":"CA","County":"Nevada","Ftr_Type":"Open Pit Mine or Quarry","Ftr_Name":null,"Ftr_Azimuth":null,"Topo_Name":"Washington","Topo_Date":1950,"Topo_Scale":"24000","CompiledBy":"CA Dept Conserv","Remarks":null}},{"type":"Feature","id":72618,"geometry":{"type":"Point","coordinates":[-120.107325051697,39.3673500494923]},"properties":{"OBJECTID":72618,"State":"California","State_Abbrv":"CA","County":"Nevada","Ftr_Type":"Open Pit Mine or Quarry","Ftr_Name":null,"Ftr_Azimuth":null,"Topo_Name":"Martis Peak","Topo_Date":1969,"Topo_Scale":"24000","CompiledBy":"CA Dept Conserv","Remarks":null}},{"type":"Feature","id":72619,"geometry":{"type":"Point","coordinates":[-120.829453958261,39.3412072022419]},"properties":{"OBJECTID":72619,"State":"California","State_Abbrv":"CA","County":"Nevada","Ftr_Type":"Open Pit Mine or Quarry","Ftr_Name":null,"Ftr_Azimuth":null,"Topo_Name":"Washington","Topo_Date":1950,"Topo_Scale":"24000","CompiledBy":"CA Dept Conserv","Remarks":null}},{"type":"Feature","id":72620,"geometry":{"type":"Point","coordinates":[-120.121782778222,39.3261217483618]},"properties":{"OBJECTID":72620,"State":"California","State_Abbrv":"CA","County":"Nevada","Ftr_Type":"Open Pit Mine or Quarry","Ftr_Name":"Pit","Ftr_Azimuth":null,"Topo_Name":"Martis Peak","Topo_Date":1969,"Topo_Scale":"24000","CompiledBy":"USGS","Remarks":null}},{"type":"Feature","id":72621,"geometry":{"type":"Point","coordinates":[-120.118781801785,39.3277578650173]},"properties":{"OBJECTID":72621,"State":"California","State_Abbrv":"CA","County":"Nevada","Ftr_Type":"Open Pit Mine or Quarry","Ftr_Name":"Pit","Ftr_Azimuth":null,"Topo_Name":"Martis Peak","Topo_Date":1969,"Topo_Scale":"24000","CompiledBy":"USGS","Remarks":null}},{"type":"Feature","id":72622,"geometry":{"type":"Point","coordinates":[-120.117779572854,39.3197685872113]},"properties":{"OBJECTID":72622,"State":"California","State_Abbrv":"CA","County":"Nevada","Ftr_Type":"Open Pit Mine or Quarry","Ftr_Name":"Pit","Ftr_Azimuth":null,"Topo_Name":"Martis Peak","Topo_Date":1969,"Topo_Scale":"24000","CompiledBy":"USGS","Remarks":null}},{"type":"Feature","id":72623,"geometry":{"type":"Point","coordinates":[-120.530644070516,39.3876981800441]},"properties":{"OBJECTID":72623,"State":"California","State_Abbrv":"CA","County":"Nevada","Ftr_Type":"Open Pit Mine or Quarry","Ftr_Name":null,"Ftr_Azimuth":null,"Topo_Name":"Emigrant Gap","Topo_Date":1955,"Topo_Scale":"62500","CompiledBy":"USGS","Remarks":null}},{"type":"Feature","id":72624,"geometry":{"type":"Point","coordinates":[-120.509435064919,39.4032141346039]},"properties":{"OBJECTID":72624,"State":"California","State_Abbrv":"CA","County":"Nevada","Ftr_Type":"Open Pit Mine or Quarry","Ftr_Name":null,"Ftr_Azimuth":null,"Topo_Name":"Emigrant Gap","Topo_Date":1955,"Topo_Scale":"62500","CompiledBy":"USGS","Remarks":null}},{"type":"Feature","id":72625,"geometry":{"type":"Point","coordinates":[-120.523350375527,39.3898161853084]},"properties":{"OBJECTID":72625,"State":"California","State_Abbrv":"CA","County":"Nevada","Ftr_Type":"Open Pit Mine or Quarry","Ftr_Name":null,"Ftr_Azimuth":null,"Topo_Name":"Emigrant Gap","Topo_Date":1955,"Topo_Scale":"62500","CompiledBy":"USGS","Remarks":null}},{"type":"Feature","id":72626,"geometry":{"type":"Point","coordinates":[-120.509423495236,39.3993650761705]},"properties":{"OBJECTID":72626,"State":"California","State_Abbrv":"CA","County":"Nevada","Ftr_Type":"Open Pit Mine or Quarry","Ftr_Name":null,"Ftr_Azimuth":null,"Topo_Name":"Emigrant Gap","Topo_Date":1955,"Topo_Scale":"62500","CompiledBy":"USGS","Remarks":null}},{"type":"Feature","id":72627,"geometry":{"type":"Point","coordinates":[-120.53031460054,39.3847425838976]},"properties":{"OBJECTID":72627,"State":"California","State_Abbrv":"CA","County":"Nevada","Ftr_Type":"Open Pit Mine or Quarry","Ftr_Name":null,"Ftr_Azimuth":null,"Topo_Name":"Emigrant Gap","Topo_Date":1955,"Topo_Scale":"62500","CompiledBy":"USGS","Remarks":null}},{"type":"Feature","id":72628,"geometry":{"type":"Point","coordinates":[-120.520685849172,39.3922142587461]},"properties":{"OBJECTID":72628,"State":"California","State_Abbrv":"CA","County":"Nevada","Ftr_Type":"Open Pit Mine or Quarry","Ftr_Name":null,"Ftr_Azimuth":null,"Topo_Name":"Emigrant Gap","Topo_Date":1955,"Topo_Scale":"62500","CompiledBy":"USGS","Remarks":null}},{"type":"Feature","id":72629,"geometry":{"type":"Point","coordinates":[-120.525890580569,39.3946893172133]},"properties":{"OBJECTID":72629,"State":"California","State_Abbrv":"CA","County":"Nevada","Ftr_Type":"Open Pit Mine or Quarry","Ftr_Name":null,"Ftr_Azimuth":null,"Topo_Name":"Emigrant Gap","Topo_Date":1955,"Topo_Scale":"62500","CompiledBy":"USGS","Remarks":null}},{"type":"Feature","id":87624,"geometry":{"type":"Point","coordinates":[-121.253095062893,39.1545309650957]},"properties":{"OBJECTID":87624,"State":"California","State_Abbrv":"CA","County":"Nevada","Ftr_Type":"Prospect Pit","Ftr_Name":null,"Ftr_Azimuth":null,"Topo_Name":"Smartville","Topo_Date":1995,"Topo_Scale":"24000","CompiledBy":"CA Dept Conserv","Remarks":null}},{"type":"Feature","id":87625,"geometry":{"type":"Point","coordinates":[-121.128617887697,39.2461576856103]},"properties":{"OBJECTID":87625,"State":"California","State_Abbrv":"CA","County":"Nevada","Ftr_Type":"Prospect Pit","Ftr_Name":null,"Ftr_Azimuth":null,"Topo_Name":"Rough And Ready","Topo_Date":1995,"Topo_Scale":"24000","CompiledBy":"USGS","Remarks":null}},{"type":"Feature","id":87626,"geometry":{"type":"Point","coordinates":[-121.24659562733,39.0495874337129]},"properties":{"OBJECTID":87626,"State":"California","State_Abbrv":"CA","County":"Nevada","Ftr_Type":"Prospect Pit","Ftr_Name":null,"Ftr_Azimuth":null,"Topo_Name":"Wolf","Topo_Date":1949,"Topo_Scale":"24000","CompiledBy":"USGS","Remarks":null}},{"type":"Feature","id":87627,"geometry":{"type":"Point","coordinates":[-121.205535023097,39.1847935970097]},"properties":{"OBJECTID":87627,"State":"California","State_Abbrv":"CA","County":"Nevada","Ftr_Type":"Prospect Pit","Ftr_Name":null,"Ftr_Azimuth":null,"Topo_Name":"Rough And Ready","Topo_Date":1949,"Topo_Scale":"24000","CompiledBy":"CA Dept Conserv","Remarks":null}},{"type":"Feature","id":87628,"geometry":{"type":"Point","coordinates":[-120.740987927661,39.4305900349103]},"properties":{"OBJECTID":87628,"State":"California","State_Abbrv":"CA","County":"Nevada","Ftr_Type":"Prospect Pit","Ftr_Name":"Spotswood Mine","Ftr_Azimuth":null,"Topo_Name":"Graniteville","Topo_Date":1982,"Topo_Scale":"24000","CompiledBy":"CA Dept Conserv","Remarks":null}},{"type":"Feature","id":87629,"geometry":{"type":"Point","coordinates":[-120.525725697787,39.3945066406647]},"properties":{"OBJECTID":87629,"State":"California","State_Abbrv":"CA","County":"Nevada","Ftr_Type":"Prospect Pit","Ftr_Name":null,"Ftr_Azimuth":null,"Topo_Name":"English Mtn.","Topo_Date":1983,"Topo_Scale":"24000","CompiledBy":"CA Dept Conserv","Remarks":null}},{"type":"Feature","id":87630,"geometry":{"type":"Point","coordinates":[-120.111734408183,39.3266532409046]},"properties":{"OBJECTID":87630,"State":"California","State_Abbrv":"CA","County":"Nevada","Ftr_Type":"Prospect Pit","Ftr_Name":null,"Ftr_Azimuth":null,"Topo_Name":"Martis Peak","Topo_Date":1969,"Topo_Scale":"24000","CompiledBy":"CA Dept Conserv","Remarks":null}},{"type":"Feature","id":87631,"geometry":{"type":"Point","coordinates":[-121.117534273567,39.1943280690323]},"properties":{"OBJECTID":87631,"State":"California","State_Abbrv":"CA","County":"Nevada","Ftr_Type":"Prospect Pit","Ftr_Name":null,"Ftr_Azimuth":null,"Topo_Name":"Grass Valley","Topo_Date":1949,"Topo_Scale":"24000","CompiledBy":"CA Dept Conserv","Remarks":null}},{"type":"Feature","id":87632,"geometry":{"type":"Point","coordinates":[-120.114901376333,39.3277236006726]},"properties":{"OBJECTID":87632,"State":"California","State_Abbrv":"CA","County":"Nevada","Ftr_Type":"Prospect Pit","Ftr_Name":null,"Ftr_Azimuth":null,"Topo_Name":"Martis Peak","Topo_Date":1969,"Topo_Scale":"24000","CompiledBy":"USGS","Remarks":null}},{"type":"Feature","id":87633,"geometry":{"type":"Point","coordinates":[-120.703300969337,39.3324774547613]},"properties":{"OBJECTID":87633,"State":"California","State_Abbrv":"CA","County":"Nevada","Ftr_Type":"Prospect Pit","Ftr_Name":"Last Chance Mine","Ftr_Azimuth":null,"Topo_Name":"Blue Canyon","Topo_Date":2000,"Topo_Scale":"24000","CompiledBy":"USGS","Remarks":null}},{"type":"Feature","id":87634,"geometry":{"type":"Point","coordinates":[-121.017530819978,39.3184262599035]},"properties":{"OBJECTID":87634,"State":"California","State_Abbrv":"CA","County":"Nevada","Ftr_Type":"Prospect Pit","Ftr_Name":null,"Ftr_Azimuth":null,"Topo_Name":"Nevada City","Topo_Date":1948,"Topo_Scale":"24000","CompiledBy":"USGS","Remarks":null}},{"type":"Feature","id":87635,"geometry":{"type":"Point","coordinates":[-121.121857666734,39.1989119913671]},"properties":{"OBJECTID":87635,"State":"California","State_Abbrv":"CA","County":"Nevada","Ftr_Type":"Prospect Pit","Ftr_Name":null,"Ftr_Azimuth":null,"Topo_Name":"Grass Valley","Topo_Date":1998,"Topo_Scale":"24000","CompiledBy":"USGS","Remarks":null}},{"type":"Feature","id":87636,"geometry":{"type":"Point","coordinates":[-121.134518909971,39.3573116315525]},"properties":{"OBJECTID":87636,"State":"California","State_Abbrv":"CA","County":"Nevada","Ftr_Type":"Prospect Pit","Ftr_Name":null,"Ftr_Azimuth":null,"Topo_Name":"French Corral","Topo_Date":1948,"Topo_Scale":"24000","CompiledBy":"USGS","Remarks":null}},{"type":"Feature","id":87637,"geometry":{"type":"Point","coordinates":[-121.012643597883,39.2357254078941]},"properties":{"OBJECTID":87637,"State":"California","State_Abbrv":"CA","County":"Nevada","Ftr_Type":"Prospect Pit","Ftr_Name":null,"Ftr_Azimuth":null,"Topo_Name":"Grass Valley","Topo_Date":1949,"Topo_Scale":"24000","CompiledBy":"CA Dept Conserv","Remarks":null}},{"type":"Feature","id":87638,"geometry":{"type":"Point","coordinates":[-120.531254899313,39.3819730229769]},"properties":{"OBJECTID":87638,"State":"California","State_Abbrv":"CA","County":"Nevada","Ftr_Type":"Prospect Pit","Ftr_Name":null,"Ftr_Azimuth":null,"Topo_Name":"English Mtn.","Topo_Date":1983,"Topo_Scale":"24000","CompiledBy":"CA Dept Conserv","Remarks":null}},{"type":"Feature","id":87639,"geometry":{"type":"Point","coordinates":[-121.085873980954,39.1679194776138]},"properties":{"OBJECTID":87639,"State":"California","State_Abbrv":"CA","County":"Nevada","Ftr_Type":"Prospect Pit","Ftr_Name":null,"Ftr_Azimuth":null,"Topo_Name":"Grass Valley","Topo_Date":1949,"Topo_Scale":"24000","CompiledBy":"CA Dept Conserv","Remarks":null}},{"type":"Feature","id":87640,"geometry":{"type":"Point","coordinates":[-121.009165587089,39.3145915208634]},"properties":{"OBJECTID":87640,"State":"California","State_Abbrv":"CA","County":"Nevada","Ftr_Type":"Prospect Pit","Ftr_Name":null,"Ftr_Azimuth":null,"Topo_Name":"Nevada City","Topo_Date":1948,"Topo_Scale":"24000","CompiledBy":"USGS","Remarks":null}},{"type":"Feature","id":87641,"geometry":{"type":"Point","coordinates":[-121.252668357437,39.1634922887336]},"properties":{"OBJECTID":87641,"State":"California","State_Abbrv":"CA","County":"Nevada","Ftr_Type":"Prospect Pit","Ftr_Name":null,"Ftr_Azimuth":null,"Topo_Name":"Smartville","Topo_Date":1995,"Topo_Scale":"24000","CompiledBy":"CA Dept Conserv","Remarks":null}},{"type":"Feature","id":87642,"geometry":{"type":"Point","coordinates":[-120.696635446777,39.3470179568825]},"properties":{"OBJECTID":87642,"State":"California","State_Abbrv":"CA","County":"Nevada","Ftr_Type":"Prospect Pit","Ftr_Name":"Eagle Bird Mine","Ftr_Azimuth":null,"Topo_Name":"Blue Canyon","Topo_Date":1955,"Topo_Scale":"24000","CompiledBy":"CA Dept Conserv","Remarks":"Labeled as abandoned."}},{"type":"Feature","id":87643,"geometry":{"type":"Point","coordinates":[-121.254562397392,39.1645656686298]},"properties":{"OBJECTID":87643,"State":"California","State_Abbrv":"CA","County":"Nevada","Ftr_Type":"Prospect Pit","Ftr_Name":null,"Ftr_Azimuth":null,"Topo_Name":"Smartville","Topo_Date":1995,"Topo_Scale":"24000","CompiledBy":"CA Dept Conserv","Remarks":null}},{"type":"Feature","id":87644,"geometry":{"type":"Point","coordinates":[-120.719697956344,39.4149468485294]},"properties":{"OBJECTID":87644,"State":"California","State_Abbrv":"CA","County":"Nevada","Ftr_Type":"Prospect Pit","Ftr_Name":"Azalea Mine","Ftr_Azimuth":null,"Topo_Name":"Graniteville","Topo_Date":1982,"Topo_Scale":"24000","CompiledBy":"CA Dept Conserv","Remarks":null}},{"type":"Feature","id":87645,"geometry":{"type":"Point","coordinates":[-121.116540184332,39.2033312657681]},"properties":{"OBJECTID":87645,"State":"California","State_Abbrv":"CA","County":"Nevada","Ftr_Type":"Prospect Pit","Ftr_Name":null,"Ftr_Azimuth":null,"Topo_Name":"Grass Valley","Topo_Date":1949,"Topo_Scale":"24000","CompiledBy":"CA Dept Conserv","Remarks":null}},{"type":"Feature","id":87646,"geometry":{"type":"Point","coordinates":[-121.06105700655,39.1801480972135]},"properties":{"OBJECTID":87646,"State":"California","State_Abbrv":"CA","County":"Nevada","Ftr_Type":"Prospect Pit","Ftr_Name":"Old Allison Ranch Mine","Ftr_Azimuth":null,"Topo_Name":"Grass Valley","Topo_Date":1949,"Topo_Scale":"24000","CompiledBy":"CA Dept Conserv","Remarks":null}},{"type":"Feature","id":87647,"geometry":{"type":"Point","coordinates":[-120.507783851466,39.3989873297931]},"properties":{"OBJECTID":87647,"State":"California","State_Abbrv":"CA","County":"Nevada","Ftr_Type":"Prospect Pit","Ftr_Name":null,"Ftr_Azimuth":null,"Topo_Name":"English Mtn.","Topo_Date":1983,"Topo_Scale":"24000","CompiledBy":"CA Dept Conserv","Remarks":null}},{"type":"Feature","id":87648,"geometry":{"type":"Point","coordinates":[-120.702444433848,39.344475234624]},"properties":{"OBJECTID":87648,"State":"California","State_Abbrv":"CA","County":"Nevada","Ftr_Type":"Prospect Pit","Ftr_Name":null,"Ftr_Azimuth":null,"Topo_Name":"Blue Canyon","Topo_Date":1955,"Topo_Scale":"24000","CompiledBy":"CA Dept Conserv","Remarks":null}},{"type":"Feature","id":87649,"geometry":{"type":"Point","coordinates":[-120.521135718639,39.3923548294518]},"properties":{"OBJECTID":87649,"State":"California","State_Abbrv":"CA","County":"Nevada","Ftr_Type":"Prospect Pit","Ftr_Name":null,"Ftr_Azimuth":null,"Topo_Name":"English Mtn.","Topo_Date":1983,"Topo_Scale":"24000","CompiledBy":"CA Dept Conserv","Remarks":null}},{"type":"Feature","id":87650,"geometry":{"type":"Point","coordinates":[-120.724309652583,39.4057532852168]},"properties":{"OBJECTID":87650,"State":"California","State_Abbrv":"CA","County":"Nevada","Ftr_Type":"Prospect Pit","Ftr_Name":"Jim Mine","Ftr_Azimuth":null,"Topo_Name":"Graniteville","Topo_Date":1982,"Topo_Scale":"24000","CompiledBy":"CA Dept Conserv","Remarks":null}},{"type":"Feature","id":87651,"geometry":{"type":"Point","coordinates":[-121.113775757265,39.2182970349071]},"properties":{"OBJECTID":87651,"State":"California","State_Abbrv":"CA","County":"Nevada","Ftr_Type":"Prospect Pit","Ftr_Name":null,"Ftr_Azimuth":null,"Topo_Name":"Grass Valley","Topo_Date":1949,"Topo_Scale":"24000","CompiledBy":"CA Dept Conserv","Remarks":null}},{"type":"Feature","id":87652,"geometry":{"type":"Point","coordinates":[-121.049616423542,39.2806937198664]},"properties":{"OBJECTID":87652,"State":"California","State_Abbrv":"CA","County":"Nevada","Ftr_Type":"Prospect Pit","Ftr_Name":null,"Ftr_Azimuth":null,"Topo_Name":"Nevada City","Topo_Date":1948,"Topo_Scale":"24000","CompiledBy":"USGS","Remarks":null}},{"type":"Feature","id":87653,"geometry":{"type":"Point","coordinates":[-120.70227817052,39.3553572331656]},"properties":{"OBJECTID":87653,"State":"California","State_Abbrv":"CA","County":"Nevada","Ftr_Type":"Prospect Pit","Ftr_Name":null,"Ftr_Azimuth":null,"Topo_Name":"Blue Canyon","Topo_Date":1955,"Topo_Scale":"24000","CompiledBy":"CA Dept Conserv","Remarks":null}},{"type":"Feature","id":87654,"geometry":{"type":"Point","coordinates":[-121.023921463097,39.3124569622488]},"properties":{"OBJECTID":87654,"State":"California","State_Abbrv":"CA","County":"Nevada","Ftr_Type":"Prospect Pit","Ftr_Name":null,"Ftr_Azimuth":null,"Topo_Name":"Nevada City","Topo_Date":1948,"Topo_Scale":"24000","CompiledBy":"USGS","Remarks":null}},{"type":"Feature","id":87655,"geometry":{"type":"Point","coordinates":[-121.117511363023,39.1922876194252]},"properties":{"OBJECTID":87655,"State":"California","State_Abbrv":"CA","County":"Nevada","Ftr_Type":"Prospect Pit","Ftr_Name":null,"Ftr_Azimuth":null,"Topo_Name":"Grass Valley","Topo_Date":1998,"Topo_Scale":"24000","CompiledBy":"USGS","Remarks":null}},{"type":"Feature","id":87656,"geometry":{"type":"Point","coordinates":[-121.250137479195,39.1469535828351]},"properties":{"OBJECTID":87656,"State":"California","State_Abbrv":"CA","County":"Nevada","Ftr_Type":"Prospect Pit","Ftr_Name":null,"Ftr_Azimuth":null,"Topo_Name":"Rough And Ready","Topo_Date":1949,"Topo_Scale":"24000","CompiledBy":"CA Dept Conserv","Remarks":null}},{"type":"Feature","id":87657,"geometry":{"type":"Point","coordinates":[-121.240172035469,39.0412545613231]},"properties":{"OBJECTID":87657,"State":"California","State_Abbrv":"CA","County":"Nevada","Ftr_Type":"Prospect Pit","Ftr_Name":null,"Ftr_Azimuth":null,"Topo_Name":"Wolf","Topo_Date":1949,"Topo_Scale":"24000","CompiledBy":"USGS","Remarks":null}},{"type":"Feature","id":87658,"geometry":{"type":"Point","coordinates":[-120.704984514396,39.3549559336211]},"properties":{"OBJECTID":87658,"State":"California","State_Abbrv":"CA","County":"Nevada","Ftr_Type":"Prospect Pit","Ftr_Name":null,"Ftr_Azimuth":null,"Topo_Name":"Blue Canyon","Topo_Date":1955,"Topo_Scale":"24000","CompiledBy":"CA Dept Conserv","Remarks":null}},{"type":"Feature","id":87659,"geometry":{"type":"Point","coordinates":[-120.703120071173,39.3322570272992]},"properties":{"OBJECTID":87659,"State":"California","State_Abbrv":"CA","County":"Nevada","Ftr_Type":"Prospect Pit","Ftr_Name":"Last Chance Mine","Ftr_Azimuth":null,"Topo_Name":"Blue Canyon","Topo_Date":1955,"Topo_Scale":"24000","CompiledBy":"CA Dept Conserv","Remarks":null}},{"type":"Feature","id":87660,"geometry":{"type":"Point","coordinates":[-120.73810248108,39.4430378926698]},"properties":{"OBJECTID":87660,"State":"California","State_Abbrv":"CA","County":"Nevada","Ftr_Type":"Prospect Pit","Ftr_Name":"Hotwater Mine","Ftr_Azimuth":null,"Topo_Name":"Graniteville","Topo_Date":1982,"Topo_Scale":"24000","CompiledBy":"CA Dept Conserv","Remarks":null}},{"type":"Feature","id":87661,"geometry":{"type":"Point","coordinates":[-120.513837475371,39.3431541108687]},"properties":{"OBJECTID":87661,"State":"California","State_Abbrv":"CA","County":"Nevada","Ftr_Type":"Prospect Pit","Ftr_Name":null,"Ftr_Azimuth":null,"Topo_Name":"Cisco Grove","Topo_Date":1955,"Topo_Scale":"24000","CompiledBy":"CA Dept Conserv","Remarks":null}},{"type":"Feature","id":87662,"geometry":{"type":"Point","coordinates":[-120.544709636183,39.3300780103543]},"properties":{"OBJECTID":87662,"State":"California","State_Abbrv":"CA","County":"Nevada","Ftr_Type":"Prospect Pit","Ftr_Name":null,"Ftr_Azimuth":null,"Topo_Name":"Cisco Grove","Topo_Date":1955,"Topo_Scale":"24000","CompiledBy":"CA Dept Conserv","Remarks":null}},{"type":"Feature","id":87663,"geometry":{"type":"Point","coordinates":[-121.055841615507,39.0632856049537]},"properties":{"OBJECTID":87663,"State":"California","State_Abbrv":"CA","County":"Nevada","Ftr_Type":"Prospect Pit","Ftr_Name":null,"Ftr_Azimuth":null,"Topo_Name":"Lake Combie","Topo_Date":1995,"Topo_Scale":"24000","CompiledBy":"CA Dept Conserv","Remarks":null}},{"type":"Feature","id":87664,"geometry":{"type":"Point","coordinates":[-121.10644836476,39.2220177853905]},"properties":{"OBJECTID":87664,"State":"California","State_Abbrv":"CA","County":"Nevada","Ftr_Type":"Prospect Pit","Ftr_Name":null,"Ftr_Azimuth":null,"Topo_Name":"Grass Valley","Topo_Date":1949,"Topo_Scale":"24000","CompiledBy":"CA Dept Conserv","Remarks":null}},{"type":"Feature","id":87665,"geometry":{"type":"Point","coordinates":[-121.081912373074,39.2548537247429]},"properties":{"OBJECTID":87665,"State":"California","State_Abbrv":"CA","County":"Nevada","Ftr_Type":"Prospect Pit","Ftr_Name":null,"Ftr_Azimuth":null,"Topo_Name":"Nevada City","Topo_Date":1948,"Topo_Scale":"24000","CompiledBy":"USGS","Remarks":null}},{"type":"Feature","id":87666,"geometry":{"type":"Point","coordinates":[-120.509290650997,39.4007953821037]},"properties":{"OBJECTID":87666,"State":"California","State_Abbrv":"CA","County":"Nevada","Ftr_Type":"Prospect Pit","Ftr_Name":null,"Ftr_Azimuth":null,"Topo_Name":"English Mtn.","Topo_Date":1983,"Topo_Scale":"24000","CompiledBy":"CA Dept Conserv","Remarks":null}},{"type":"Feature","id":87667,"geometry":{"type":"Point","coordinates":[-120.64800132333,39.3822753567462]},"properties":{"OBJECTID":87667,"State":"California","State_Abbrv":"CA","County":"Nevada","Ftr_Type":"Prospect Pit","Ftr_Name":null,"Ftr_Azimuth":null,"Topo_Name":"Graniteville","Topo_Date":1982,"Topo_Scale":"24000","CompiledBy":"CA Dept Conserv","Remarks":null}},{"type":"Feature","id":87668,"geometry":{"type":"Point","coordinates":[-121.062778843635,39.1598511035102]},"properties":{"OBJECTID":87668,"State":"California","State_Abbrv":"CA","County":"Nevada","Ftr_Type":"Prospect Pit","Ftr_Name":null,"Ftr_Azimuth":null,"Topo_Name":"Grass Valley","Topo_Date":1949,"Topo_Scale":"24000","CompiledBy":"CA Dept Conserv","Remarks":null}},{"type":"Feature","id":87669,"geometry":{"type":"Point","coordinates":[-121.128430888951,39.2466078693539]},"properties":{"OBJECTID":87669,"State":"California","State_Abbrv":"CA","County":"Nevada","Ftr_Type":"Prospect Pit","Ftr_Name":null,"Ftr_Azimuth":null,"Topo_Name":"Rough And Ready","Topo_Date":1995,"Topo_Scale":"24000","CompiledBy":"USGS","Remarks":null}},{"type":"Feature","id":87670,"geometry":{"type":"Point","coordinates":[-120.696315487245,39.3526103675248]},"properties":{"OBJECTID":87670,"State":"California","State_Abbrv":"CA","County":"Nevada","Ftr_Type":"Prospect Pit","Ftr_Name":null,"Ftr_Azimuth":null,"Topo_Name":"Blue Canyon","Topo_Date":1955,"Topo_Scale":"24000","CompiledBy":"CA Dept Conserv","Remarks":null}},{"type":"Feature","id":87671,"geometry":{"type":"Point","coordinates":[-120.569638124693,39.4393541756936]},"properties":{"OBJECTID":87671,"State":"California","State_Abbrv":"CA","County":"Nevada","Ftr_Type":"Prospect Pit","Ftr_Name":null,"Ftr_Azimuth":null,"Topo_Name":"English Mtn.","Topo_Date":1983,"Topo_Scale":"24000","CompiledBy":"CA Dept Conserv","Remarks":null}},{"type":"Feature","id":87672,"geometry":{"type":"Point","coordinates":[-121.134065859697,39.3553052697922]},"properties":{"OBJECTID":87672,"State":"California","State_Abbrv":"CA","County":"Nevada","Ftr_Type":"Prospect Pit","Ftr_Name":null,"Ftr_Azimuth":null,"Topo_Name":"French Corral","Topo_Date":1948,"Topo_Scale":"24000","CompiledBy":"USGS","Remarks":null}},{"type":"Feature","id":87673,"geometry":{"type":"Point","coordinates":[-121.078150505402,39.1927219947087]},"properties":{"OBJECTID":87673,"State":"California","State_Abbrv":"CA","County":"Nevada","Ftr_Type":"Prospect Pit","Ftr_Name":null,"Ftr_Azimuth":null,"Topo_Name":"Grass Valley","Topo_Date":1998,"Topo_Scale":"24000","CompiledBy":"USGS","Remarks":null}},{"type":"Feature","id":87674,"geometry":{"type":"Point","coordinates":[-121.017934170769,39.3178345118034]},"properties":{"OBJECTID":87674,"State":"California","State_Abbrv":"CA","County":"Nevada","Ftr_Type":"Prospect Pit","Ftr_Name":null,"Ftr_Azimuth":null,"Topo_Name":"Nevada City","Topo_Date":1995,"Topo_Scale":"24000","CompiledBy":"CA Dept Conserv","Remarks":null}},{"type":"Feature","id":87675,"geometry":{"type":"Point","coordinates":[-121.113709828568,39.2184375863029]},"properties":{"OBJECTID":87675,"State":"California","State_Abbrv":"CA","County":"Nevada","Ftr_Type":"Prospect Pit","Ftr_Name":null,"Ftr_Azimuth":null,"Topo_Name":"Grass Valley","Topo_Date":1949,"Topo_Scale":"24000","CompiledBy":"CA Dept Conserv","Remarks":null}},{"type":"Feature","id":87676,"geometry":{"type":"Point","coordinates":[-121.154951592373,39.2295312267226]},"properties":{"OBJECTID":87676,"State":"California","State_Abbrv":"CA","County":"Nevada","Ftr_Type":"Prospect Pit","Ftr_Name":null,"Ftr_Azimuth":null,"Topo_Name":"Rough And Ready","Topo_Date":1995,"Topo_Scale":"24000","CompiledBy":"USGS","Remarks":null}},{"type":"Feature","id":87677,"geometry":{"type":"Point","coordinates":[-121.121297774249,39.2450197182352]},"properties":{"OBJECTID":87677,"State":"California","State_Abbrv":"CA","County":"Nevada","Ftr_Type":"Prospect Pit","Ftr_Name":null,"Ftr_Azimuth":null,"Topo_Name":"Grass Valley","Topo_Date":1949,"Topo_Scale":"24000","CompiledBy":"CA Dept Conserv","Remarks":null}},{"type":"Feature","id":87678,"geometry":{"type":"Point","coordinates":[-121.003858437112,39.3064204522155]},"properties":{"OBJECTID":87678,"State":"California","State_Abbrv":"CA","County":"Nevada","Ftr_Type":"Prospect Pit","Ftr_Name":null,"Ftr_Azimuth":null,"Topo_Name":"Nevada City","Topo_Date":1948,"Topo_Scale":"24000","CompiledBy":"USGS","Remarks":null}},{"type":"Feature","id":87679,"geometry":{"type":"Point","coordinates":[-121.252683589562,39.1611457532585]},"properties":{"OBJECTID":87679,"State":"California","State_Abbrv":"CA","County":"Nevada","Ftr_Type":"Prospect Pit","Ftr_Name":null,"Ftr_Azimuth":null,"Topo_Name":"Smartville","Topo_Date":1995,"Topo_Scale":"24000","CompiledBy":"CA Dept Conserv","Remarks":null}},{"type":"Feature","id":87680,"geometry":{"type":"Point","coordinates":[-120.724242391821,39.3879097659508]},"properties":{"OBJECTID":87680,"State":"California","State_Abbrv":"CA","County":"Nevada","Ftr_Type":"Prospect Pit","Ftr_Name":"Baltic Mine","Ftr_Azimuth":null,"Topo_Name":"Graniteville","Topo_Date":1982,"Topo_Scale":"24000","CompiledBy":"CA Dept Conserv","Remarks":null}},{"type":"Feature","id":87681,"geometry":{"type":"Point","coordinates":[-121.036680375659,39.2132815241114]},"properties":{"OBJECTID":87681,"State":"California","State_Abbrv":"CA","County":"Nevada","Ftr_Type":"Prospect Pit","Ftr_Name":null,"Ftr_Azimuth":null,"Topo_Name":"Grass Valley","Topo_Date":1949,"Topo_Scale":"24000","CompiledBy":"CA Dept Conserv","Remarks":null}},{"type":"Feature","id":87682,"geometry":{"type":"Point","coordinates":[-121.120620285964,39.2393205494009]},"properties":{"OBJECTID":87682,"State":"California","State_Abbrv":"CA","County":"Nevada","Ftr_Type":"Prospect Pit","Ftr_Name":null,"Ftr_Azimuth":null,"Topo_Name":"Grass Valley","Topo_Date":1949,"Topo_Scale":"24000","CompiledBy":"CA Dept Conserv","Remarks":null}},{"type":"Feature","id":87683,"geometry":{"type":"Point","coordinates":[-121.117864327677,39.1924393820235]},"properties":{"OBJECTID":87683,"State":"California","State_Abbrv":"CA","County":"Nevada","Ftr_Type":"Prospect Pit","Ftr_Name":null,"Ftr_Azimuth":null,"Topo_Name":"Grass Valley","Topo_Date":1949,"Topo_Scale":"24000","CompiledBy":"CA Dept Conserv","Remarks":null}},{"type":"Feature","id":87684,"geometry":{"type":"Point","coordinates":[-121.01874434503,39.3196721455918]},"properties":{"OBJECTID":87684,"State":"California","State_Abbrv":"CA","County":"Nevada","Ftr_Type":"Prospect Pit","Ftr_Name":null,"Ftr_Azimuth":null,"Topo_Name":"Nevada City","Topo_Date":1948,"Topo_Scale":"24000","CompiledBy":"USGS","Remarks":null}},{"type":"Feature","id":87685,"geometry":{"type":"Point","coordinates":[-121.113967346558,39.2177600256693]},"properties":{"OBJECTID":87685,"State":"California","State_Abbrv":"CA","County":"Nevada","Ftr_Type":"Prospect Pit","Ftr_Name":null,"Ftr_Azimuth":null,"Topo_Name":"Grass Valley","Topo_Date":1949,"Topo_Scale":"62500","CompiledBy":"USGS","Remarks":null}},{"type":"Feature","id":87686,"geometry":{"type":"Point","coordinates":[-120.498756901559,39.3997895920397]},"properties":{"OBJECTID":87686,"State":"California","State_Abbrv":"CA","County":"Nevada","Ftr_Type":"Prospect Pit","Ftr_Name":null,"Ftr_Azimuth":null,"Topo_Name":"Donner Pass","Topo_Date":1955,"Topo_Scale":"62500","CompiledBy":"USGS","Remarks":null}},{"type":"Feature","id":87687,"geometry":{"type":"Point","coordinates":[-121.250055177234,39.1465586933573]},"properties":{"OBJECTID":87687,"State":"California","State_Abbrv":"CA","County":"Nevada","Ftr_Type":"Prospect Pit","Ftr_Name":null,"Ftr_Azimuth":null,"Topo_Name":"Grass Valley","Topo_Date":1949,"Topo_Scale":"62500","CompiledBy":"USGS","Remarks":null}},{"type":"Feature","id":87688,"geometry":{"type":"Point","coordinates":[-121.105738785621,39.0214191643094]},"properties":{"OBJECTID":87688,"State":"California","State_Abbrv":"CA","County":"Nevada","Ftr_Type":"Prospect Pit","Ftr_Name":null,"Ftr_Azimuth":null,"Topo_Name":"Grass Valley","Topo_Date":1949,"Topo_Scale":"62500","CompiledBy":"USGS","Remarks":null}},{"type":"Feature","id":87689,"geometry":{"type":"Point","coordinates":[-121.106420280595,39.2215335596585]},"properties":{"OBJECTID":87689,"State":"California","State_Abbrv":"CA","County":"Nevada","Ftr_Type":"Prospect Pit","Ftr_Name":null,"Ftr_Azimuth":null,"Topo_Name":"Grass Valley","Topo_Date":1949,"Topo_Scale":"62500","CompiledBy":"USGS","Remarks":null}},{"type":"Feature","id":87690,"geometry":{"type":"Point","coordinates":[-121.082099850293,39.254520597553]},"properties":{"OBJECTID":87690,"State":"California","State_Abbrv":"CA","County":"Nevada","Ftr_Type":"Prospect Pit","Ftr_Name":null,"Ftr_Azimuth":null,"Topo_Name":"Nevada City","Topo_Date":1948,"Topo_Scale":"62500","CompiledBy":"USGS","Remarks":null}},{"type":"Feature","id":87691,"geometry":{"type":"Point","coordinates":[-121.117257103438,39.1940504398565]},"properties":{"OBJECTID":87691,"State":"California","State_Abbrv":"CA","County":"Nevada","Ftr_Type":"Prospect Pit","Ftr_Name":null,"Ftr_Azimuth":null,"Topo_Name":"Grass Valley","Topo_Date":1949,"Topo_Scale":"62500","CompiledBy":"USGS","Remarks":null}},{"type":"Feature","id":87692,"geometry":{"type":"Point","coordinates":[-121.085944702522,39.1682039358636]},"properties":{"OBJECTID":87692,"State":"California","State_Abbrv":"CA","County":"Nevada","Ftr_Type":"Prospect Pit","Ftr_Name":null,"Ftr_Azimuth":null,"Topo_Name":"Grass Valley","Topo_Date":1949,"Topo_Scale":"62500","CompiledBy":"USGS","Remarks":null}},{"type":"Feature","id":87693,"geometry":{"type":"Point","coordinates":[-121.062857269329,39.1601375629258]},"properties":{"OBJECTID":87693,"State":"California","State_Abbrv":"CA","County":"Nevada","Ftr_Type":"Prospect Pit","Ftr_Name":null,"Ftr_Azimuth":null,"Topo_Name":"Grass Valley","Topo_Date":1949,"Topo_Scale":"62500","CompiledBy":"USGS","Remarks":null}},{"type":"Feature","id":87694,"geometry":{"type":"Point","coordinates":[-121.113359453166,39.2182188141806]},"properties":{"OBJECTID":87694,"State":"California","State_Abbrv":"CA","County":"Nevada","Ftr_Type":"Prospect Pit","Ftr_Name":null,"Ftr_Azimuth":null,"Topo_Name":"Grass Valley","Topo_Date":1949,"Topo_Scale":"62500","CompiledBy":"USGS","Remarks":null}},{"type":"Feature","id":87695,"geometry":{"type":"Point","coordinates":[-121.003617979832,39.3048942217865]},"properties":{"OBJECTID":87695,"State":"California","State_Abbrv":"CA","County":"Nevada","Ftr_Type":"Prospect Pit","Ftr_Name":null,"Ftr_Azimuth":null,"Topo_Name":"Nevada City","Topo_Date":1948,"Topo_Scale":"62500","CompiledBy":"USGS","Remarks":null}},{"type":"Feature","id":87696,"geometry":{"type":"Point","coordinates":[-121.246793767416,39.049302863695]},"properties":{"OBJECTID":87696,"State":"California","State_Abbrv":"CA","County":"Nevada","Ftr_Type":"Prospect Pit","Ftr_Name":null,"Ftr_Azimuth":null,"Topo_Name":"Grass Valley","Topo_Date":1949,"Topo_Scale":"62500","CompiledBy":"USGS","Remarks":null}},{"type":"Feature","id":87697,"geometry":{"type":"Point","coordinates":[-121.240491082395,39.0407828771541]},"properties":{"OBJECTID":87697,"State":"California","State_Abbrv":"CA","County":"Nevada","Ftr_Type":"Prospect Pit","Ftr_Name":null,"Ftr_Azimuth":null,"Topo_Name":"Grass Valley","Topo_Date":1949,"Topo_Scale":"62500","CompiledBy":"USGS","Remarks":null}},{"type":"Feature","id":87698,"geometry":{"type":"Point","coordinates":[-121.116517760474,39.2029121472269]},"properties":{"OBJECTID":87698,"State":"California","State_Abbrv":"CA","County":"Nevada","Ftr_Type":"Prospect Pit","Ftr_Name":null,"Ftr_Azimuth":null,"Topo_Name":"Grass Valley","Topo_Date":1949,"Topo_Scale":"62500","CompiledBy":"USGS","Remarks":null}},{"type":"Feature","id":87699,"geometry":{"type":"Point","coordinates":[-120.494168810649,39.3927734177439]},"properties":{"OBJECTID":87699,"State":"California","State_Abbrv":"CA","County":"Nevada","Ftr_Type":"Prospect Pit","Ftr_Name":null,"Ftr_Azimuth":null,"Topo_Name":"Donner Pass","Topo_Date":1955,"Topo_Scale":"62500","CompiledBy":"USGS","Remarks":null}},{"type":"Feature","id":87700,"geometry":{"type":"Point","coordinates":[-121.117704874351,39.1919469567149]},"properties":{"OBJECTID":87700,"State":"California","State_Abbrv":"CA","County":"Nevada","Ftr_Type":"Prospect Pit","Ftr_Name":null,"Ftr_Azimuth":null,"Topo_Name":"Grass Valley","Topo_Date":1949,"Topo_Scale":"62500","CompiledBy":"USGS","Remarks":null}}],"source":"USGS Consolidated Prospect- and Mine-Related Features from Historical Topographic Maps (2025)","source_url":"https://services.arcgis.com/v01gqwM5QqNysAAi/arcgis/rest/services/USGS_TopoMineSymbols_Consolidated/FeatureServer","coordinate_reference_system":"WGS84 (EPSG:4326)"}
